ISO-10303-21;
HEADER;
FILE_DESCRIPTION (( 'STEP AP214' ),
    '1' );
FILE_NAME ('Handle_SO101.step',
    '2025-10-13T14:56:48',
    ( '' ),
    ( '' ),
    'SwSTEP 2.0',
    'SolidWorks 2021',
    '' );
FILE_SCHEMA (( 'AUTOMOTIVE_DESIGN' ));
ENDSEC;

DATA;
#1 = CARTESIAN_POINT ( 'NONE',  ( -27.12058123923299746, 12.50000000000000000, 39.33090290533689881 ) ) ;
#2 = CARTESIAN_POINT ( 'NONE',  ( -41.49448574542950041, 12.50000000000030020, 57.26665692987629797 ) ) ;
#3 = CARTESIAN_POINT ( 'NONE',  ( -85.78849136806771014, -12.49999999999140066, 73.44196576825599720 ) ) ;
#4 = DIRECTION ( 'NONE',  ( 0.000000000000000000, 0.000000000000000000, 1.000000000000000000 ) ) ;
#5 = CARTESIAN_POINT ( 'NONE',  ( -92.27242601388101662, -7.929906755489780856, 76.95200319122524490 ) ) ;
#6 = CARTESIAN_POINT ( 'NONE',  ( -76.26543229358370013, 12.50000000000000000, 88.72828734484150459 ) ) ;
#7 = LINE ( 'NONE', #281, #2630 ) ;
#8 = ORIENTED_EDGE ( 'NONE', *, *, #3489, .F. ) ;
#9 = CARTESIAN_POINT ( 'NONE',  ( -76.77877807293140222, -4.500000000000000000, 59.02648494877170293 ) ) ;
#10 = CARTESIAN_POINT ( 'NONE',  ( -84.63913809506860275, 12.50000000000020073, 76.19113723583200226 ) ) ;
#11 = VERTEX_POINT ( 'NONE', #4102 ) ;
#12 = APPLICATION_CONTEXT ( 'automotive_design' ) ;
#13 = CARTESIAN_POINT ( 'NONE',  ( -81.87114131253490257, -12.49999999999910116, 80.19668711622199453 ) ) ;
#14 = CARTESIAN_POINT ( 'NONE',  ( -27.21692930468629967, 4.632813184691689123, 37.40766625019740133 ) ) ;
#15 = SURFACE_STYLE_USAGE ( .BOTH. , #3550 ) ;
#16 = CARTESIAN_POINT ( 'NONE',  ( -83.25676509425449012, 12.50000000000000000, 78.36859801557748995 ) ) ;
#17 = CARTESIAN_POINT ( 'NONE',  ( -6.492503798416874972, 6.377036219418791063, 41.88160031686116014 ) ) ;
#18 = CARTESIAN_POINT ( 'NONE',  ( -41.76813577111479958, -12.49999999977639931, 76.77843306455318384 ) ) ;
#19 = CARTESIAN_POINT ( 'NONE',  ( -36.98960294358260370, 12.50000000000000000, 73.22873191684639949 ) ) ;
#20 = CARTESIAN_POINT ( 'NONE',  ( -45.96375896991519738, -12.49999999991960031, 59.02068540765550608 ) ) ;
#21 = CARTESIAN_POINT ( 'NONE',  ( -84.59299033856535743, -12.50000000000000178, 89.22102239568934579 ) ) ;
#22 = CARTESIAN_POINT ( 'NONE',  ( -32.57156852621521637, 10.54259509912398940, 36.77512685074425747 ) ) ;
#23 = CARTESIAN_POINT ( 'NONE',  ( -27.42189366095610126, 12.50000000000000000, 42.38365645221639255 ) ) ;
#24 = CARTESIAN_POINT ( 'NONE',  ( -32.46751715398480798, 12.49999999999969980, 51.47265631286339982 ) ) ;
#25 = CARTESIAN_POINT ( 'NONE',  ( -85.84380889206640575, -12.49999999999469935, 73.15318861783899251 ) ) ;
#26 = VERTEX_POINT ( 'NONE', #2288 ) ;
#27 = DIRECTION ( 'NONE',  ( 0.9510565162951518658, 0.000000000000000000, -0.3090169943749530024 ) ) ;
#28 = CARTESIAN_POINT ( 'NONE',  ( -77.07749028247509671, -12.50000000000000178, 96.79661128810627702 ) ) ;
#29 = AXIS2_PLACEMENT_3D ( 'NONE', #3229, #108, #1503 ) ;
#30 = CARTESIAN_POINT ( 'NONE',  ( -27.86044922925090361, -4.632813184691680242, 37.25894474447549953 ) ) ;
#31 = CARTESIAN_POINT ( 'NONE',  ( -33.78394474472929687, 17.71000000000000085, 37.10029354852500205 ) ) ;
#32 = ORIENTED_EDGE ( 'NONE', *, *, #321, .T. ) ;
#33 = CARTESIAN_POINT ( 'NONE',  ( -73.03040688998586916, -12.50000000000000178, 57.95555948328504314 ) ) ;
#34 = EDGE_CURVE ( 'NONE', #26, #4093, #2243, .T. ) ;
#35 = CARTESIAN_POINT ( 'NONE',  ( -84.42146954733470920, 12.49999999999620037, 76.56982891642549305 ) ) ;
#36 = CARTESIAN_POINT ( 'NONE',  ( -73.83688609469470521, -12.50000000000000000, 88.53673813576540397 ) ) ;
#37 = CARTESIAN_POINT ( 'NONE',  ( -35.08666603619249003, -5.926515191561519735, 37.86999517054390907 ) ) ;
#38 = CARTESIAN_POINT ( 'NONE',  ( -82.57641703524045340, 4.500000000000000888, 91.27134810187047265 ) ) ;
#39 = CARTESIAN_POINT ( 'NONE',  ( -36.44176187958993296, -1.854217178319620851, 43.76700550393281475 ) ) ;
#40 = CARTESIAN_POINT ( 'NONE',  ( -13.75436083365409878, -4.500000000000000000, 63.00000000000000000 ) ) ;
#41 = CARTESIAN_POINT ( 'NONE',  ( -26.64088733224219752, -12.49999999891169900, 65.80985382028680419 ) ) ;
#42 = CARTESIAN_POINT ( 'NONE',  ( -5.431139856815330624, 4.500000000000000000, 62.84079998602058481 ) ) ;
#43 = VECTOR ( 'NONE', #3467, 999.9999999999998863 ) ;
#44 = CARTESIAN_POINT ( 'NONE',  ( -34.83682440381510048, -12.49999999995629985, 53.48713261197669766 ) ) ;
#45 = CARTESIAN_POINT ( 'NONE',  ( -93.27954841049208312, -4.500000000000000000, 76.35862631572639714 ) ) ;
#46 = CARTESIAN_POINT ( 'NONE',  ( -24.52396913087746100, -2.200000000000000178, 40.26312671901926876 ) ) ;
#47 = CARTESIAN_POINT ( 'NONE',  ( -34.60667958220500395, 12.50000000000000000, 53.33254248561190280 ) ) ;
#48 = CARTESIAN_POINT ( 'NONE',  ( -35.28946761930639298, 12.49999999990239985, 53.81471257368539796 ) ) ;
#49 = CARTESIAN_POINT ( 'NONE',  ( -85.40796590359128970, -12.49999999995769961, 71.83582614799209409 ) ) ;
#50 = CIRCLE ( 'NONE', #846, 8.000000000000000000 ) ;
#51 = EDGE_LOOP ( 'NONE', ( #3454, #1939 ) ) ;
#52 = CARTESIAN_POINT ( 'NONE',  ( -82.52505632713153716, -5.536451171674600324, 91.25037552365054694 ) ) ;
#53 = FACE_OUTER_BOUND ( 'NONE', #703, .T. ) ;
#54 = ADVANCED_FACE ( 'NONE', ( #3115 ), #2091, .T. ) ;
#55 = CARTESIAN_POINT ( 'NONE',  ( -27.21692930468629967, -12.65000000000000036, 37.40766625019740133 ) ) ;
#56 = CARTESIAN_POINT ( 'NONE',  ( -83.48945856025230228, -4.500000000000000000, 61.41301889024189364 ) ) ;
#57 = CARTESIAN_POINT ( 'NONE',  ( -77.71115990779409799, 12.49999999999799982, 84.82158769689519318 ) ) ;
#58 = CARTESIAN_POINT ( 'NONE',  ( -79.13780887385429708, -12.49999999996230038, 83.33828840857010789 ) ) ;
#59 = CARTESIAN_POINT ( 'NONE',  ( -22.87262905705510008, -5.862361807952879644, 41.75000000000000000 ) ) ;
#60 = CARTESIAN_POINT ( 'NONE',  ( -5.871872862025630191, -5.866142651248370754, 37.99999999994489741 ) ) ;
#61 = CARTESIAN_POINT ( 'NONE',  ( -35.50248048455238603, -1.799378486498834695, 41.74369647580426346 ) ) ;
#62 = CARTESIAN_POINT ( 'NONE',  ( -40.61406722531520330, -12.49999999976660092, 75.93725915538330185 ) ) ;
#63 = CARTESIAN_POINT ( 'NONE',  ( -13.52832789054009410, 12.50000000000000178, 67.10643082012435912 ) ) ;
#64 = CARTESIAN_POINT ( 'NONE',  ( -41.71615178917080158, -12.50000000000000000, 57.36388547529250559 ) ) ;
#65 = CARTESIAN_POINT ( 'NONE',  ( -92.77509012840805269, -12.50000000000000178, 77.74278964125169011 ) ) ;
#66 = CARTESIAN_POINT ( 'NONE',  ( -35.21698213014290246, 0.000000000000000000, 40.47796435941650373 ) ) ;
#67 = CARTESIAN_POINT ( 'NONE',  ( -80.06917367756149417, 4.500000000000000000, 60.09174091094270409 ) ) ;
#68 = CARTESIAN_POINT ( 'NONE',  ( -42.46952866563250240, 12.50000000000000000, 57.68714780817529686 ) ) ;
#69 = CARTESIAN_POINT ( 'NONE',  ( -85.43514286940640545, -12.49999999987739940, 71.86569087196791372 ) ) ;
#70 = CARTESIAN_POINT ( 'NONE',  ( -7.242968198329059248, -9.147802093574050275, 62.07686906446092223 ) ) ;
#71 = ORIENTED_EDGE ( 'NONE', *, *, #4150, .T. ) ;
#72 = CARTESIAN_POINT ( 'NONE',  ( -12.27620404479636917, 12.36225555010348387, 58.99978638366000894 ) ) ;
#73 = CARTESIAN_POINT ( 'NONE',  ( -92.98077794683788966, -5.009711966931314819, 77.21289570412584169 ) ) ;
#74 = CARTESIAN_POINT ( 'NONE',  ( -74.32591774599418954, 4.500000000000000000, 96.60750706847559854 ) ) ;
#75 = EDGE_CURVE ( 'NONE', #1404, #1809, #726, .T. ) ;
#76 = CARTESIAN_POINT ( 'NONE',  ( -30.90341989061490224, 17.71000000000000085, 36.71202790814469807 ) ) ;
#77 = CARTESIAN_POINT ( 'NONE',  ( -75.96590035821189701, 12.50000000000000000, 86.54410911419489594 ) ) ;
#78 = CARTESIAN_POINT ( 'NONE',  ( -76.40234741826731124, -12.50000000000000000, 86.12247447103598574 ) ) ;
#79 = CARTESIAN_POINT ( 'NONE',  ( -35.16757952015507271, -5.279642922790936055, 37.95157267939804058 ) ) ;
#80 = CARTESIAN_POINT ( 'NONE',  ( -80.82337205290164661, 4.499999999779407567, 93.00640727506797134 ) ) ;
#81 = CARTESIAN_POINT ( 'NONE',  ( -36.32448158110077685, -1.906975519030652100, 43.57539985017913153 ) ) ;
#82 = CARTESIAN_POINT ( 'NONE',  ( -85.43514285919110307, 12.49999999987739940, 71.86569088125710891 ) ) ;
#83 = CARTESIAN_POINT ( 'NONE',  ( -48.98551719594370013, -12.49999999994430055, 81.54787616065100053 ) ) ;
#84 = CARTESIAN_POINT ( 'NONE',  ( -34.52135852218973611, 7.857340849627112433, 37.46204659911786905 ) ) ;
#85 = EDGE_CURVE ( 'NONE', #4165, #4418, #344, .T. ) ;
#86 = CARTESIAN_POINT ( 'NONE',  ( -35.06198928911379653, -12.49999999989000088, 53.65277905485629617 ) ) ;
#87 = CARTESIAN_POINT ( 'NONE',  ( -89.79000230129470594, -4.500000000000000000, 82.98698364310509135 ) ) ;
#88 = CARTESIAN_POINT ( 'NONE',  ( -35.76034677058724043, 1.978827488681721203, 42.45216129943141681 ) ) ;
#89 = CARTESIAN_POINT ( 'NONE',  ( -65.39395901098890818, 12.50000000000000000, 64.26576438887909148 ) ) ;
#90 = CARTESIAN_POINT ( 'NONE',  ( -49.10643780449869666, 12.49999999981050003, 60.04995995796939923 ) ) ;
#91 = CARTESIAN_POINT ( 'NONE',  ( -85.66964568513938616, -12.49999999986600052, 72.15272355169389584 ) ) ;
#92 = DIRECTION ( 'NONE',  ( -1.000000000000000000, 0.000000000000000000, 0.000000000000000000 ) ) ;
#93 = VECTOR ( 'NONE', #263, 1000.000000000000114 ) ;
#94 = CARTESIAN_POINT ( 'NONE',  ( -7.192185401754845664, 9.076051987588508396, 62.10820813023472198 ) ) ;
#95 = CARTESIAN_POINT ( 'NONE',  ( -27.21382796415180039, 12.50000000000000000, 37.43861238207570352 ) ) ;
#96 = CARTESIAN_POINT ( 'NONE',  ( -75.33295285886873671, 11.24957431435040967, 92.96705642705562411 ) ) ;
#97 = CARTESIAN_POINT ( 'NONE',  ( -81.16084714204406225, 9.034970322333268911, 90.69331576150821661 ) ) ;
#98 = CARTESIAN_POINT ( 'NONE',  ( -79.48795832097529512, 12.49999999996120081, 82.96074299875979818 ) ) ;
#99 = CARTESIAN_POINT ( 'NONE',  ( -13.75436083365409878, -4.500000000000000000, 41.75000000000000000 ) ) ;
#100 = CARTESIAN_POINT ( 'NONE',  ( -34.91140083700565100, -6.739379375080281065, 37.72424521750897242 ) ) ;
#101 = CARTESIAN_POINT ( 'NONE',  ( -35.38009764167329507, -4.500000000000000000, 36.51849937187829909 ) ) ;
#102 = CARTESIAN_POINT ( 'NONE',  ( -71.17354803747299741, 12.50000000000000000, 90.90188847583061715 ) ) ;
#103 = CARTESIAN_POINT ( 'NONE',  ( -85.61139007251819066, 12.49999999946190066, 72.07447972204930409 ) ) ;
#104 = CARTESIAN_POINT ( 'NONE',  ( -37.17253826718599896, -12.50000000000000000, 73.36585068065780035 ) ) ;
#105 = CARTESIAN_POINT ( 'NONE',  ( -11.23405757296720076, 12.50000000000000000, 56.79625205699520052 ) ) ;
#106 = CARTESIAN_POINT ( 'NONE',  ( -32.26563291737260641, -12.50000000000000000, 51.26887801274429535 ) ) ;
#107 = CARTESIAN_POINT ( 'NONE',  ( -87.89506422784549500, -4.500000000000000000, 85.48033751657411017 ) ) ;
#108 = DIRECTION ( 'NONE',  ( 0.000000000000000000, -1.000000000000000000, 0.000000000000000000 ) ) ;
#109 = CARTESIAN_POINT ( 'NONE',  ( -55.33023729706830096, 12.50000000000000178, 53.52311533008919753 ) ) ;
#110 = CARTESIAN_POINT ( 'NONE',  ( -48.17611549985510067, 12.50000000000120082, 59.76011045475359396 ) ) ;
#111 = CARTESIAN_POINT ( 'NONE',  ( -85.75170915600411092, -12.49999999984749977, 72.27662149241149336 ) ) ;
#112 = CARTESIAN_POINT ( 'NONE',  ( -6.991758654773798654, -8.777859555735133767, 62.23219597156740690 ) ) ;
#113 = CARTESIAN_POINT ( 'NONE',  ( -9.510232483555538963, 11.28139743506444503, 60.68233061069110335 ) ) ;
#114 = CARTESIAN_POINT ( 'NONE',  ( -27.21588665355719883, 12.50000000000000000, 37.41798225540799905 ) ) ;
#115 = EDGE_CURVE ( 'NONE', #2750, #3671, #3335, .T. ) ;
#116 = AXIS2_PLACEMENT_3D ( 'NONE', #40, #2776, #2407 ) ;
#117 = DIRECTION ( 'NONE',  ( 0.000000000000000000, 0.000000000000000000, -1.000000000000000000 ) ) ;
#118 = CARTESIAN_POINT ( 'NONE',  ( -5.754360833654098784, 6.571397745378242838, 45.08660639311545282 ) ) ;
#119 = B_SPLINE_CURVE_WITH_KNOTS ( 'NONE', 3,
 ( #3852, #3830, #3161, #1760, #3139, #3511, #4104, #2358, #3755, #3938, #835, #3594, #2883, #2561, #3613, #2840, #1499, #435, #2178, #455, #2542, #84, #4283, #815, #496, #1151, #1801, #3204, #3895, #3532, #2905 ),
 .UNSPECIFIED., .F., .F.,
 ( 4, 2, 2, 2, 1, 1, 2, 2, 2, 2, 2, 1, 1, 1, 2, 2, 2, 4 ),
 ( 0.000000000000000000, 0.2499999999999951705, 0.3749999999999933387, 0.4374999999999918399, 0.4687499999999904521, 0.4843749999999898415, 0.4921874999999897304, 0.4999999999999895639, 0.6249999999999894529, 0.6874999999999890088, 0.7187499999999896749, 0.7343749999999911182, 0.7421874999999923395, 0.7460937499999931166, 0.7480468749999932276, 0.7499999999999932276, 0.8749999999999966693, 1.000000000000000000 ),
 .UNSPECIFIED. ) ;
#120 = CARTESIAN_POINT ( 'NONE',  ( -35.90430015410314013, 2.000829915610681464, 42.78065224299268721 ) ) ;
#121 = CARTESIAN_POINT ( 'NONE',  ( -85.65535505094659641, -12.49999999998619948, 73.92962694188381079 ) ) ;
#122 = CARTESIAN_POINT ( 'NONE',  ( -35.19492066864489743, -4.500000000000000000, 38.04238170621999870 ) ) ;
#123 = CARTESIAN_POINT ( 'NONE',  ( -36.50004577651522908, -1.825515705092404684, 43.85893342060615652 ) ) ;
#124 = VERTEX_POINT ( 'NONE', #2626 ) ;
#125 = CARTESIAN_POINT ( 'NONE',  ( -85.18909735820950857, 12.49999999999939959, 71.61478910960431676 ) ) ;
#126 = CARTESIAN_POINT ( 'NONE',  ( -69.57419617550030466, -12.50000000000000000, 88.06757051275809545 ) ) ;
#127 = CARTESIAN_POINT ( 'NONE',  ( -11.51894288516430009, 4.500000000000000000, 65.98589240764479769 ) ) ;
#128 = CARTESIAN_POINT ( 'NONE',  ( -31.42007673527270128, -12.50000000000500044, 50.37052434608619222 ) ) ;
#129 = CARTESIAN_POINT ( 'NONE',  ( -76.17738605343124902, -12.50000000000000178, 97.15209626813700083 ) ) ;
#130 = CARTESIAN_POINT ( 'NONE',  ( -81.06819679916760890, 12.50000000000000000, 69.08787880050419972 ) ) ;
#131 = CARTESIAN_POINT ( 'NONE',  ( -45.71668283492940077, 12.49999999993429967, 58.93369098301970155 ) ) ;
#132 = CARTESIAN_POINT ( 'NONE',  ( -85.82096563758139496, -12.49999999687929986, 72.40737641294791160 ) ) ;
#133 = CARTESIAN_POINT ( 'NONE',  ( -70.40025512351461145, -4.500000000000000000, 57.26630989265049720 ) ) ;
#134 = CARTESIAN_POINT ( 'NONE',  ( -11.81003540211636249, 12.26106405637315433, 59.28207967221597841 ) ) ;
#135 = CARTESIAN_POINT ( 'NONE',  ( -27.12614978298210033, 12.50000000000000000, 39.33121566426770244 ) ) ;
#136 = CARTESIAN_POINT ( 'NONE',  ( -74.28502217090347415, 12.39634890664134126, 89.86473675347060919 ) ) ;
#137 = DIRECTION ( 'NONE',  ( -0.9383771693055036334, 0.000000000000000000, 0.3456129166078580339 ) ) ;
#138 = CARTESIAN_POINT ( 'NONE',  ( -36.25287982661034647, 1.934416234150096781, 43.45292899268842035 ) ) ;
#139 = CARTESIAN_POINT ( 'NONE',  ( -85.22606747153028550, -12.49999999999899991, 75.03521812159010551 ) ) ;
#140 = CARTESIAN_POINT ( 'NONE',  ( -35.19492066864488322, -12.50000000000000178, 38.04238170622001292 ) ) ;
#141 = CARTESIAN_POINT ( 'NONE',  ( -34.83840514463869908, 7.019577199930319367, 38.00539823872090039 ) ) ;
#142 = VERTEX_POINT ( 'NONE', #1945 ) ;
#143 = CARTESIAN_POINT ( 'NONE',  ( -85.45219729817759458, 12.49999999982709831, 71.88443197258270345 ) ) ;
#144 = CARTESIAN_POINT ( 'NONE',  ( -72.75180875669610714, -12.50000000000000000, 88.43447238766100327 ) ) ;
#145 = CARTESIAN_POINT ( 'NONE',  ( -46.19504119800549802, 12.50000000000000000, 79.87529988345609411 ) ) ;
#146 = CARTESIAN_POINT ( 'NONE',  ( -27.39182196623220023, -12.50000000000020073, 42.19572381446599962 ) ) ;
#147 = CARTESIAN_POINT ( 'NONE',  ( -92.24830839618869049, 12.50000000000000355, 78.90500089639461123 ) ) ;
#148 = CARTESIAN_POINT ( 'NONE',  ( -6.353188973957536234, -7.538508536413241146, 42.68569861429280365 ) ) ;
#149 = CARTESIAN_POINT ( 'NONE',  ( -42.70165166030721338, 12.50000000000000178, 48.99957081015190852 ) ) ;
#150 = CARTESIAN_POINT ( 'NONE',  ( -69.46169302871250295, 12.50000000000000000, 65.29221510829388819 ) ) ;
#151 = CARTESIAN_POINT ( 'NONE',  ( -79.96452329069850862, -12.49999999999969980, 68.61232742463640477 ) ) ;
#152 = CARTESIAN_POINT ( 'NONE',  ( -84.72468921284060173, -12.50000000000000000, 71.20884973127309081 ) ) ;
#153 = CARTESIAN_POINT ( 'NONE',  ( -6.403125426332954895, 7.656195652583707378, 62.59692212289998281 ) ) ;
#154 = CARTESIAN_POINT ( 'NONE',  ( -27.15873497182730034, 12.50000000000000000, 40.26912983012239522 ) ) ;
#155 = CARTESIAN_POINT ( 'NONE',  ( -6.484966286064499208, 7.840045291169710495, 42.74999778016820073 ) ) ;
#156 = CARTESIAN_POINT ( 'NONE',  ( -74.80761370871530858, -12.00201629354859456, 91.41258677612376005 ) ) ;
#157 = CARTESIAN_POINT ( 'NONE',  ( -37.22733883704891156, 1.282649406414715809, 44.84760797420086931 ) ) ;
#158 = CARTESIAN_POINT ( 'NONE',  ( -84.48159244566959103, -12.49999999999880096, 76.46705880876550054 ) ) ;
#159 = CARTESIAN_POINT ( 'NONE',  ( -37.10438032516110951, -1.399034887440834485, 44.69770703453703220 ) ) ;
#160 = EDGE_LOOP ( 'NONE', ( #1577, #3264, #722, #2372 ) ) ;
#161 = CARTESIAN_POINT ( 'NONE',  ( -85.83915000365820447, 12.49999999757269897, 72.45308407447910781 ) ) ;
#162 = CARTESIAN_POINT ( 'NONE',  ( -63.24434030385648953, -12.49999999999839950, 86.96748984018969963 ) ) ;
#163 = CARTESIAN_POINT ( 'NONE',  ( -49.92999819192409916, 4.500000000000000000, 91.06763773861919731 ) ) ;
#164 = CARTESIAN_POINT ( 'NONE',  ( -30.11274218628599897, -12.50000000000000000, 48.69688696966199615 ) ) ;
#165 = CARTESIAN_POINT ( 'NONE',  ( -93.82345246094699576, 4.500000000000000000, 71.69028904164780158 ) ) ;
#166 = CARTESIAN_POINT ( 'NONE',  ( -77.71446109105748690, -12.50000000000000000, 84.82499940812999739 ) ) ;
#167 = CARTESIAN_POINT ( 'NONE',  ( -88.17007415042689900, 4.500000000000000000, 63.84627212359060877 ) ) ;
#168 = CARTESIAN_POINT ( 'NONE',  ( -70.96266872915609270, 12.50000000000000000, 65.68996800635659383 ) ) ;
#169 = CARTESIAN_POINT ( 'NONE',  ( -45.53102254422459794, 12.49999999996389910, 79.40471730019218910 ) ) ;
#170 = CARTESIAN_POINT ( 'NONE',  ( -81.06646973701420222, -12.49999999998899902, 69.09067167939329579 ) ) ;
#171 = CARTESIAN_POINT ( 'NONE',  ( -85.07156334080659121, -12.50000000000000000, 71.50439427705130413 ) ) ;
#172 = CARTESIAN_POINT ( 'NONE',  ( -76.61933885537760602, -4.500000000000000000, 96.76816716052309175 ) ) ;
#173 = CARTESIAN_POINT ( 'NONE',  ( -27.20757382391909829, 12.50000000000000000, 37.50155447942699993 ) ) ;
#174 = CARTESIAN_POINT ( 'NONE',  ( -74.35643935046583408, 12.36015303988303415, 90.07648923892956816 ) ) ;
#175 = CARTESIAN_POINT ( 'NONE',  ( -74.60828098187386104, -12.18892188011343336, 90.82315625985195595 ) ) ;
#176 = PLANE ( 'NONE',  #2004 ) ;
#177 = B_SPLINE_CURVE_WITH_KNOTS ( 'NONE', 3,
 ( #4147, #1631, #3407, #4073 ),
 .UNSPECIFIED., .F., .F.,
 ( 4, 4 ),
 ( 0.000000000000000000, 1.000000000000000000 ),
 .UNSPECIFIED. ) ;
#178 = CARTESIAN_POINT ( 'NONE',  ( -36.90229763397287144, 1.566804708944212976, 44.43671790053761583 ) ) ;
#179 = CARTESIAN_POINT ( 'NONE',  ( -85.27991091933500911, -12.49999999999949907, 74.91642210239659505 ) ) ;
#180 = CARTESIAN_POINT ( 'NONE',  ( -37.85162655579360091, -0.2351891114636913416, 45.53986112283369891 ) ) ;
#181 = ORIENTED_EDGE ( 'NONE', *, *, #3753, .F. ) ;
#182 = CARTESIAN_POINT ( 'NONE',  ( -85.85355220494260209, 12.49999999940509987, 72.50008645137789642 ) ) ;
#183 = CIRCLE ( 'NONE', #2742, 1.100000000000002753 ) ;
#184 = CARTESIAN_POINT ( 'NONE',  ( -51.76747827293030468, -12.49999999375079973, 83.02793268846821206 ) ) ;
#185 = CARTESIAN_POINT ( 'NONE',  ( -33.74389379819260171, 12.50000000000000000, 70.79773380963169416 ) ) ;
#186 = CARTESIAN_POINT ( 'NONE',  ( -30.23758084938729951, -12.49999999999899991, 48.87419413726289719 ) ) ;
#187 = CARTESIAN_POINT ( 'NONE',  ( -5.814079316033826217, -5.485865569588618484, 62.96282208253072099 ) ) ;
#188 = CARTESIAN_POINT ( 'NONE',  ( -93.77946084002412874, 12.50000000000000355, 74.18348038687778967 ) ) ;
#189 = LINE ( 'NONE', #3958, #1426 ) ;
#190 = CARTESIAN_POINT ( 'NONE',  ( -82.35680083597459600, 12.50000000000000000, 69.71490311909960269 ) ) ;
#191 = CARTESIAN_POINT ( 'NONE',  ( -84.14757847042029937, 12.49999999999620037, 70.78283561107079436 ) ) ;
#192 = CARTESIAN_POINT ( 'NONE',  ( -63.18628943681049748, 12.49999999999859845, 86.95465252811408163 ) ) ;
#193 = CARTESIAN_POINT ( 'NONE',  ( -83.63883742343369931, -12.49999999999719869, 70.44781136669558919 ) ) ;
#194 = CARTESIAN_POINT ( 'NONE',  ( -85.80012693290549919, -12.50000000000000000, 72.36288646196541663 ) ) ;
#195 = CARTESIAN_POINT ( 'NONE',  ( -27.35448313813159871, 12.50000000000000000, 36.24473231460540035 ) ) ;
#196 = CARTESIAN_POINT ( 'NONE',  ( -29.55301462591310013, 12.50000000000210143, 47.83985202831100025 ) ) ;
#197 = CARTESIAN_POINT ( 'NONE',  ( -75.75024451269649717, 10.31379265495528408, 94.20095196475315902 ) ) ;
#198 = CARTESIAN_POINT ( 'NONE',  ( -74.46511570341787944, -12.29491649827822819, 90.39865042799817729 ) ) ;
#199 = DIRECTION ( 'NONE',  ( 1.000000000000000000, 0.000000000000000000, 0.000000000000000000 ) ) ;
#200 = PRODUCT_DEFINITION ( 'UNKNOWN', '', #1442, #4230 ) ;
#201 = CARTESIAN_POINT ( 'NONE',  ( -36.76072982115868371, 1.668038221380718333, 44.24287318727933638 ) ) ;
#202 = CARTESIAN_POINT ( 'NONE',  ( -85.85351472407488416, -12.49999999940219908, 72.49994229766500098 ) ) ;
#203 = CARTESIAN_POINT ( 'NONE',  ( -37.15926572447480680, -1.348459640737122767, 44.76521955837630173 ) ) ;
#204 = ORIENTED_EDGE ( 'NONE', *, *, #1441, .T. ) ;
#205 = ORIENTED_EDGE ( 'NONE', *, *, #586, .T. ) ;
#206 = CARTESIAN_POINT ( 'NONE',  ( -35.14673948762759892, -4.500000000000000000, 38.54729916423330138 ) ) ;
#207 = ORIENTED_EDGE ( 'NONE', *, *, #4477, .F. ) ;
#208 = CARTESIAN_POINT ( 'NONE',  ( -85.87812565905480255, 12.49999999988249932, 72.81070578704169804 ) ) ;
#209 =( BOUNDED_SURFACE ( )  B_SPLINE_SURFACE ( 3, 2, ( 
 ( #1881, #4219, #752 ),
 ( #2218, #2156, #42 ),
 ( #3956, #1479, #2822 ),
 ( #4304, #477, #1434 ),
 ( #1088, #3575, #1822 ),
 ( #2478, #1842, #4238 ),
 ( #2522, #774, #2863 ),
 ( #2199, #1172, #3226 ),
 ( #105, #4260, #3872 ),
 ( #3916, #1108, #3180 ),
 ( #1862, #3554, #796 ),
 ( #3246, #2136, #127 ),
 ( #412, #63, #1521 ),
 ( #1456, #3997, #990 ),
 ( #3976, #2396, #2582 ),
 ( #874, #3307, #2283 ),
 ( #4115, #1701, #1212 ),
 ( #185, #309, #4140 ),
 ( #855, #2624, #3284 ),
 ( #3267, #3082, #3793 ),
 ( #897, #1556, #1943 ),
 ( #145, #4367, #1539 ),
 ( #1191, #2923, #4479 ),
 ( #1236, #1581, #163 ),
 ( #4020, #2604, #2259 ),
 ( #2943, #1352, #3651 ),
 ( #3333, #2370, #1014 ),
 ( #2965, #2743, #3767 ),
 ( #674, #4323, #2237 ),
 ( #535, #1919, #3630 ),
 ( #4344, #649, #3675 ),
 ( #514, #211, #1897 ),
 ( #559, #1608, #2992 ),
 ( #4454, #2030, #1329 ),
 ( #2716, #3427, #74 ),
 ( #2788, #1447, #2104 ),
 ( #6, #2126, #1035 ),
 ( #1770, #4184, #3451 ),
 ( #2079, #403, #2421 ),
 ( #3816, #3839, #2832 ),
 ( #1055, #1398, #2811 ),
 ( #2765, #2444, #3474 ),
 ( #2469, #719, #698 ) ),
 .UNSPECIFIED., .F., .F., .F. ) 
 B_SPLINE_SURFACE_WITH_KNOTS ( ( 4, 1, 1, 1, 1, 1, 1, 1, 1, 1, 1, 1, 1, 1, 1, 1, 1, 1, 1, 1, 1, 1, 1, 1, 1, 1, 1, 1, 1, 1, 1, 1, 1, 1, 1, 1, 1, 1, 1, 1, 4 ),
 ( 3, 3 ),
 ( 0.02745489906831110119, 0.02775909041759639859, 0.02791118609223909933, 0.02806328176688180007, 0.02836747311616719808, 0.02867166446545250241, 0.02928004716402320129, 0.02988842986259400078, 0.03110519525973540200, 0.03232196065687689690, 0.03475549145115969935, 0.03718902224544259894, 0.03962255303972549852, 0.04205608383400839811, 0.04692314542257419729, 0.05179020701113999647, 0.05665726859970580259, 0.06152433018827160177, 0.06639139177683739401, 0.06882492257112030054, 0.07125845336540319319, 0.07612551495396889523, 0.08099257654253469441, 0.08342610733681760093, 0.08585963813110049359, 0.08829316892538340011, 0.08950993432252489501, 0.09072669971966629276, 0.09316023051394919929, 0.09559376130823209194, 0.09802729210251499847, 0.1004608228967980021, 0.1016775882939389974, 0.1028943536910810058, 0.1035027363896519892, 0.1041111190882220011, 0.1044153104375079993, 0.1047195017867929984, 0.1048715974614359975, 0.1050236931360779974, 0.1053278844853639956 ),
 ( 0.000000000000000000, 1.000000000000000000 ),
 .UNSPECIFIED. ) 
 GEOMETRIC_REPRESENTATION_ITEM ( )  RATIONAL_B_SPLINE_SURFACE ( (
 ( 1.000000000000000000, 0.7071067811865480168, 1.000000000000000000),
 ( 1.000000000000000000, 0.7071067811865480168, 1.000000000000000000),
 ( 1.000000000000000000, 0.7071067811865480168, 1.000000000000000000),
 ( 1.000000000000000000, 0.7071067811865470176, 1.000000000000000000),
 ( 1.000000000000000000, 0.7071067811865480168, 1.000000000000000000),
 ( 1.000000000000000000, 0.7071067811865470176, 1.000000000000000000),
 ( 1.000000000000000000, 0.7071067811865470176, 1.000000000000000000),
 ( 1.000000000000000000, 0.7071067811865480168, 1.000000000000000000),
 ( 1.000000000000000000, 0.7071067811865470176, 1.000000000000000000),
 ( 1.000000000000000000, 0.7071067811865480168, 1.000000000000000000),
 ( 1.000000000000000000, 0.7071067811865470176, 1.000000000000000000),
 ( 1.000000000000000000, 0.7071067811865470176, 1.000000000000000000),
 ( 1.000000000000000000, 0.7071067811865480168, 1.000000000000000000),
 ( 1.000000000000000000, 0.7071067811865470176, 1.000000000000000000),
 ( 1.000000000000000000, 0.7071067811865480168, 1.000000000000000000),
 ( 1.000000000000000000, 0.7071067811865470176, 1.000000000000000000),
 ( 1.000000000000000000, 0.7071067811865480168, 1.000000000000000000),
 ( 1.000000000000000000, 0.7071067811865470176, 1.000000000000000000),
 ( 1.000000000000000000, 0.7071067811865480168, 1.000000000000000000),
 ( 1.000000000000000000, 0.7071067811865480168, 1.000000000000000000),
 ( 1.000000000000000000, 0.7071067811865480168, 1.000000000000000000),
 ( 1.000000000000000000, 0.7071067811865470176, 1.000000000000000000),
 ( 1.000000000000000000, 0.7071067811865470176, 1.000000000000000000),
 ( 1.000000000000000000, 0.7071067811865470176, 1.000000000000000000),
 ( 1.000000000000000000, 0.7071067811865480168, 1.000000000000000000),
 ( 1.000000000000000000, 0.7071067811865460184, 1.000000000000000000),
 ( 1.000000000000000000, 0.7071067811865470176, 1.000000000000000000),
 ( 1.000000000000000000, 0.7071067811865480168, 1.000000000000000000),
 ( 1.000000000000000000, 0.7071067811865470176, 1.000000000000000000),
 ( 1.000000000000000000, 0.7071067811865480168, 1.000000000000000000),
 ( 1.000000000000000000, 0.7071067811865470176, 1.000000000000000000),
 ( 1.000000000000000000, 0.7071067811865490160, 1.000000000000000000),
 ( 1.000000000000000000, 0.7071067811865480168, 1.000000000000000000),
 ( 1.000000000000000000, 0.7071067811865470176, 1.000000000000000000),
 ( 1.000000000000000000, 0.7071067811865480168, 1.000000000000000000),
 ( 1.000000000000000000, 0.7071067811865480168, 1.000000000000000000),
 ( 1.000000000000000000, 0.7071067811865470176, 1.000000000000000000),
 ( 1.000000000000000000, 0.7071067811865490160, 1.000000000000000000),
 ( 1.000000000000000000, 0.7071067811865470176, 1.000000000000000000),
 ( 1.000000000000000000, 0.7071067811865480168, 1.000000000000000000),
 ( 1.000000000000000000, 0.7071067811865480168, 1.000000000000000000),
 ( 1.000000000000000000, 0.7071067811865480168, 1.000000000000000000),
 ( 1.000000000000000000, 0.7071067811865480168, 1.000000000000000000) ) ) 
 REPRESENTATION_ITEM ( '' )  SURFACE ( )  );
#210 = CARTESIAN_POINT ( 'NONE',  ( -62.79021575101319286, -12.50000000000000000, 86.86687213195880020 ) ) ;
#211 = CARTESIAN_POINT ( 'NONE',  ( -69.36889095733293686, 12.50000000000000000, 96.11800931336067322 ) ) ;
#212 = CARTESIAN_POINT ( 'NONE',  ( -30.16238384264400096, -12.50000000000000000, 48.76804851779350258 ) ) ;
#213 = CARTESIAN_POINT ( 'NONE',  ( -27.87821830815792623, 0.000000000000000000, 38.09345544765203329 ) ) ;
#214 = CARTESIAN_POINT ( 'NONE',  ( -85.75886289723649725, 12.50000000000000000, 73.56888996367159450 ) ) ;
#215 = CARTESIAN_POINT ( 'NONE',  ( -77.07337489518023688, -12.50000000000000178, 96.37243007968552888 ) ) ;
#216 = VERTEX_POINT ( 'NONE', #1850 ) ;
#217 = CARTESIAN_POINT ( 'NONE',  ( -83.08350034269381013, 12.49999999999680078, 70.11517492362250437 ) ) ;
#218 = EDGE_CURVE ( 'NONE', #4117, #4418, #803, .T. ) ;
#219 = CARTESIAN_POINT ( 'NONE',  ( -60.93017535905719484, 12.49999999999839950, 86.40975216503198908 ) ) ;
#220 = CARTESIAN_POINT ( 'NONE',  ( -84.26518037391771543, -12.49999999998770051, 70.86497900877918710 ) ) ;
#221 = B_SPLINE_CURVE_WITH_KNOTS ( 'NONE', 3,
 ( #3640, #1852, #3276, #525 ),
 .UNSPECIFIED., .F., .F.,
 ( 4, 4 ),
 ( 0.000000000000000000, 1.000000000000000000 ),
 .UNSPECIFIED. ) ;
#222 = CARTESIAN_POINT ( 'NONE',  ( -93.49146510045200387, -4.500000000000000000, 70.10944864254850017 ) ) ;
#223 = CARTESIAN_POINT ( 'NONE',  ( -35.19776322612931807, 12.50000000000000178, 38.01849520414727834 ) ) ;
#224 = CARTESIAN_POINT ( 'NONE',  ( -27.62619090740649952, 12.49999999999899991, 43.27154471139829894 ) ) ;
#225 = B_SPLINE_CURVE_WITH_KNOTS ( 'NONE', 3,
 ( #3133, #1405, #2110, #1062, #3569, #1427, #4252 ),
 .UNSPECIFIED., .F., .F.,
 ( 4, 3, 4 ),
 ( 0.000000000000000000, 0.06595182502145800763, 0.1318953291082204105 ),
 .UNSPECIFIED. ) ;
#226 = CARTESIAN_POINT ( 'NONE',  ( -75.68635606165773311, 10.48255822380225766, 94.01216151156634737 ) ) ;
#227 = CARTESIAN_POINT ( 'NONE',  ( -73.83688609469470521, -12.50000000000000000, 88.53673813576540397 ) ) ;
#228 = CARTESIAN_POINT ( 'NONE',  ( -5.744967107027740383, -5.836149195816383362, 41.66932587516326691 ) ) ;
#229 = CARTESIAN_POINT ( 'NONE',  ( -38.91152867117270375, -4.500000000000000000, 84.58178641198880143 ) ) ;
#230 = CARTESIAN_POINT ( 'NONE',  ( -78.84296529470989867, -4.499999999999999112, 94.83648411914342091 ) ) ;
#231 = CARTESIAN_POINT ( 'NONE',  ( -85.84874903131829171, -12.49999999999459988, 73.12072363519591534 ) ) ;
#232 = FACE_OUTER_BOUND ( 'NONE', #1233, .T. ) ;
#233 = CIRCLE ( 'NONE', #2787, 7.000000000000000000 ) ;
#234 = ORIENTED_EDGE ( 'NONE', *, *, #1251, .F. ) ;
#235 = CARTESIAN_POINT ( 'NONE',  ( -37.90684249869462263, -12.50000000000000178, 45.61346641961612391 ) ) ;
#236 = CARTESIAN_POINT ( 'NONE',  ( -85.83562576666410848, 12.49999999999660005, 73.20258921668590801 ) ) ;
#237 = CARTESIAN_POINT ( 'NONE',  ( -27.21692930468629967, -12.50000000000000000, 37.40766625019740133 ) ) ;
#238 = CARTESIAN_POINT ( 'NONE',  ( -27.46070402332799887, -12.49999999999889866, 42.54669604061240307 ) ) ;
#239 = CARTESIAN_POINT ( 'NONE',  ( -22.90066467390727922, 4.644762887912021299, 37.98321336318405628 ) ) ;
#240 = CARTESIAN_POINT ( 'NONE',  ( -93.68026175809862366, 12.50000000000000355, 70.83061108989926424 ) ) ;
#241 = CARTESIAN_POINT ( 'NONE',  ( -6.429245104060568927, -6.260778252472330330, 41.90419940040938229 ) ) ;
#242 = ORIENTED_EDGE ( 'NONE', *, *, #321, .F. ) ;
#243 = CARTESIAN_POINT ( 'NONE',  ( -83.78536557983549926, 12.49999999999930012, 70.54115605944400613 ) ) ;
#244 = B_SPLINE_CURVE_WITH_KNOTS ( 'NONE', 3,
 ( #172, #2659, #3709, #2270 ),
 .UNSPECIFIED., .F., .F.,
 ( 4, 4 ),
 ( 0.000000000000000000, 1.000000000000000000 ),
 .UNSPECIFIED. ) ;
#245 = DIRECTION ( 'NONE',  ( 0.000000000000000000, 0.000000000000000000, 1.000000000000000000 ) ) ;
#246 = CARTESIAN_POINT ( 'NONE',  ( -57.53593433319319672, 12.49999999970149922, 85.40135345839230752 ) ) ;
#247 = CARTESIAN_POINT ( 'NONE',  ( -81.77403535632950593, -12.49999999996320099, 69.42395477850170948 ) ) ;
#248 = FACE_OUTER_BOUND ( 'NONE', #3152, .T. ) ;
#249 = CARTESIAN_POINT ( 'NONE',  ( -91.71218937788600556, -4.500000000000000000, 66.89367124962100775 ) ) ;
#250 = CARTESIAN_POINT ( 'NONE',  ( -13.75436083281629962, 12.50000000000000000, 58.10893120994299466 ) ) ;
#251 = CARTESIAN_POINT ( 'NONE',  ( -29.25098345872110173, 12.49999999999919886, 47.32336042202690152 ) ) ;
#252 = EDGE_CURVE ( 'NONE', #656, #363, #2717, .T. ) ;
#253 = CARTESIAN_POINT ( 'NONE',  ( -35.20000000000000284, -4.584017574762359715, 37.99648529782859896 ) ) ;
#254 = B_SPLINE_SURFACE_WITH_KNOTS ( 'NONE', 3, 1, ( 
 ( #2185, #4290 ),
 ( #3677, #1583 ),
 ( #1158, #1808 ),
 ( #464, #2870 ) ),
 .UNSPECIFIED., .F., .F., .F.,
 ( 4, 4 ),
 ( 2, 2 ),
 ( 0.000000000000000000, 0.9485663405123450076 ),
 ( 0.000000000000000000, 1.080000000000000071 ),
 .UNSPECIFIED. ) ;
#255 = CARTESIAN_POINT ( 'NONE',  ( -30.65282892664347614, -11.77268509700505561, 36.74580569090205984 ) ) ;
#256 = CARTESIAN_POINT ( 'NONE',  ( -53.42487663031870682, -12.50000000000000178, 92.45707839253306304 ) ) ;
#257 = CARTESIAN_POINT ( 'NONE',  ( -37.85162655579360091, 2.418272500403949826E-16, 45.53986112283369891 ) ) ;
#258 = CARTESIAN_POINT ( 'NONE',  ( -7.102964094292260278, 6.003245335939100258, 41.74999999999769784 ) ) ;
#259 = ORIENTED_EDGE ( 'NONE', *, *, #3549, .T. ) ;
#260 = VERTEX_POINT ( 'NONE', #213 ) ;
#261 = CARTESIAN_POINT ( 'NONE',  ( -27.29237074168609922, -12.50000000000000000, 41.61702910135289812 ) ) ;
#262 = CARTESIAN_POINT ( 'NONE',  ( -85.86930930104499282, 12.49999999998109956, 72.58136759418849238 ) ) ;
#263 = DIRECTION ( 'NONE',  ( -0.9383771693055036334, -0.000000000000000000, 0.3456129166078580339 ) ) ;
#264 = CARTESIAN_POINT ( 'NONE',  ( -27.14874510860849810, -12.50000000000000000, 40.09092078324420072 ) ) ;
#265 = CARTESIAN_POINT ( 'NONE',  ( -11.28853497032858044, -12.11450388390475652, 59.59805846188690026 ) ) ;
#266 = CARTESIAN_POINT ( 'NONE',  ( -86.93158295336040453, 4.500000000000000000, 86.63673566874911103 ) ) ;
#267 = CARTESIAN_POINT ( 'NONE',  ( -6.266544077064146734, -6.715084403149628400, 42.16125803232844049 ) ) ;
#268 = CARTESIAN_POINT ( 'NONE',  ( -90.86765574032573056, -10.00000000000001599, 76.60733172771324462 ) ) ;
#269 = CARTESIAN_POINT ( 'NONE',  ( -78.08034842704039136, 12.50000000000000000, 67.88245250048468904 ) ) ;
#270 = CARTESIAN_POINT ( 'NONE',  ( -59.81770076722149554, 12.50000000000090061, 86.10792401736490831 ) ) ;
#271 = CARTESIAN_POINT ( 'NONE',  ( -47.24990069257849967, -12.49999999999839950, 59.45412911316170579 ) ) ;
#272 = LINE ( 'NONE', #2020, #4194 ) ;
#273 = CARTESIAN_POINT ( 'NONE',  ( -27.21692930468629967, 12.50000000000000000, 37.40766625019740133 ) ) ;
#274 = CARTESIAN_POINT ( 'NONE',  ( -85.85367899936829872, -12.50000000000000000, 73.08826566711879025 ) ) ;
#275 = CARTESIAN_POINT ( 'NONE',  ( -35.22350022213760923, 12.50000000000000355, 37.80668940382629017 ) ) ;
#276 = CARTESIAN_POINT ( 'NONE',  ( -29.96327567059579877, 12.50000000000000000, 48.47925853409019936 ) ) ;
#277 = CARTESIAN_POINT ( 'NONE',  ( -76.31740893706714246, 8.131028215241633106, 95.87693598806818329 ) ) ;
#278 = CARTESIAN_POINT ( 'NONE',  ( -41.73637338733239233, -4.632813184691680242, 37.96583844403239993 ) ) ;
#279 = CARTESIAN_POINT ( 'NONE',  ( -56.08481595453678636, -12.50000000000000711, 93.36139929156273354 ) ) ;
#280 = DIRECTION ( 'NONE',  ( 0.000000000000000000, -1.000000000000000000, 0.000000000000000000 ) ) ;
#281 = CARTESIAN_POINT ( 'NONE',  ( -27.86040157319920141, -4.632813184691680242, 37.25898945442619947 ) ) ;
#282 = VERTEX_POINT ( 'NONE', #2890 ) ;
#283 = VERTEX_POINT ( 'NONE', #3944 ) ;
#284 = CARTESIAN_POINT ( 'NONE',  ( -28.61154144335339922, -12.50000000000000000, 46.12852108337889945 ) ) ;
#285 = CARTESIAN_POINT ( 'NONE',  ( -85.83417516475688558, 12.49999999999699973, 73.21103342981939477 ) ) ;
#286 = CARTESIAN_POINT ( 'NONE',  ( -85.77693032417809604, 12.50000000000000000, 72.31943468554528920 ) ) ;
#287 = ORIENTED_EDGE ( 'NONE', *, *, #3216, .F. ) ;
#288 = CARTESIAN_POINT ( 'NONE',  ( -22.87262905705510008, -5.862361807952879644, 41.75000000000000000 ) ) ;
#289 = CARTESIAN_POINT ( 'NONE',  ( -34.21664964619713345, -8.481386794581494470, 37.29856193515635709 ) ) ;
#290 = CARTESIAN_POINT ( 'NONE',  ( -10.81359674941875149, -11.93991902152368390, 59.88693443586046072 ) ) ;
#291 = CARTESIAN_POINT ( 'NONE',  ( -85.76692580400347765, 12.50000000000000355, 87.95548408619046654 ) ) ;
#292 = CARTESIAN_POINT ( 'NONE',  ( -6.275135836602238726, -6.666718666286245210, 42.13271661548719749 ) ) ;
#293 = ORIENTED_EDGE ( 'NONE', *, *, #330, .T. ) ;
#294 = CARTESIAN_POINT ( 'NONE',  ( -82.44030913594099275, 12.49999999999510081, 69.76168981441399808 ) ) ;
#295 = CARTESIAN_POINT ( 'NONE',  ( -21.19492704148139595, 12.49999999838449938, 62.34140530622450171 ) ) ;
#296 = CARTESIAN_POINT ( 'NONE',  ( -62.35137322080329625, -12.49999999999869971, 63.52911930908899762 ) ) ;
#297 = ADVANCED_FACE ( 'NONE', ( #782, #3923 ), #254, .F. ) ;
#298 = CARTESIAN_POINT ( 'NONE',  ( -5.873996534638050271, -5.459856968235750507, 38.00000000001210054 ) ) ;
#299 = CARTESIAN_POINT ( 'NONE',  ( -31.19775063790121550, 11.50866726017260078, 36.70323805496013136 ) ) ;
#300 = CARTESIAN_POINT ( 'NONE',  ( -85.85933095755319755, -12.50000000000000000, 72.52395584184139921 ) ) ;
#301 = EDGE_CURVE ( 'NONE', #2165, #993, #348, .T. ) ;
#302 = CARTESIAN_POINT ( 'NONE',  ( -35.27896391386538966, 12.50000000000000355, 40.86202978021491106 ) ) ;
#303 = CARTESIAN_POINT ( 'NONE',  ( -29.26349347529449929, 12.49999999999939959, 47.34550850185240023 ) ) ;
#304 = CARTESIAN_POINT ( 'NONE',  ( -76.38942357125819171, 7.688857739360891230, 96.08934966039845449 ) ) ;
#305 = CARTESIAN_POINT ( 'NONE',  ( -82.18256142758096416, -7.022697672514845557, 91.11052151199005777 ) ) ;
#306 = CARTESIAN_POINT ( 'NONE',  ( -58.32087341516848511, -12.50000000000000355, 94.00494608502594929 ) ) ;
#307 = ADVANCED_FACE ( 'NONE', ( #2013 ), #3409, .F. ) ;
#308 = FACE_BOUND ( 'NONE', #4017, .T. ) ;
#309 = CARTESIAN_POINT ( 'NONE',  ( -28.99070906258049263, 12.50000000000000355, 77.23309812428696830 ) ) ;
#310 = CARTESIAN_POINT ( 'NONE',  ( -7.008889737998917902, -5.465974558724221666, 40.53004548870269019 ) ) ;
#311 = ORIENTED_EDGE ( 'NONE', *, *, #4477, .T. ) ;
#312 = CARTESIAN_POINT ( 'NONE',  ( -27.42178565141530200, -12.50000000000000000, 42.38309821177949743 ) ) ;
#313 = ORIENTED_EDGE ( 'NONE', *, *, #2171, .T. ) ;
#314 = CARTESIAN_POINT ( 'NONE',  ( -81.27712307445500528, 12.50000000000030020, 80.92484671878530378 ) ) ;
#315 = CARTESIAN_POINT ( 'NONE',  ( -85.46471369445380617, 12.50000000000000000, 71.89714006449510464 ) ) ;
#316 = CARTESIAN_POINT ( 'NONE',  ( -35.20000000000000284, 4.584017624248720502, 37.99648518517639673 ) ) ;
#317 = CARTESIAN_POINT ( 'NONE',  ( -34.28412814053574920, -8.354582605239899706, 37.33152230910359037 ) ) ;
#318 = CARTESIAN_POINT ( 'NONE',  ( -10.85253359310779331, -11.95516389439482552, 59.86324386889105398 ) ) ;
#319 = CARTESIAN_POINT ( 'NONE',  ( -84.44890288667700418, 12.50000000000000000, 76.52878656079739983 ) ) ;
#320 = ORIENTED_EDGE ( 'NONE', *, *, #1973, .T. ) ;
#321 = EDGE_CURVE ( 'NONE', #3846, #635, #2402, .T. ) ;
#322 = CARTESIAN_POINT ( 'NONE',  ( -40.61406722531520330, 12.49999999976660092, 75.93725915538320237 ) ) ;
#323 = CARTESIAN_POINT ( 'NONE',  ( -57.03454121874749205, -12.49999999988179944, 62.22560282108560159 ) ) ;
#324 = CARTESIAN_POINT ( 'NONE',  ( -13.75436083365409878, 12.50000000000000000, 58.10893069650659726 ) ) ;
#325 = CARTESIAN_POINT ( 'NONE',  ( -33.44191202527054685, 9.639153220827155977, 36.97806048731325745 ) ) ;
#326 = CARTESIAN_POINT ( 'NONE',  ( -93.87581587652537962, -12.50000000000000178, 73.08264399033386383 ) ) ;
#327 = CARTESIAN_POINT ( 'NONE',  ( -36.81820243643609558, 12.50000000000000178, 44.33522978781778789 ) ) ;
#328 = CARTESIAN_POINT ( 'NONE',  ( -43.48337208276259958, 12.50000000000000000, 58.09886621899030246 ) ) ;
#329 = CARTESIAN_POINT ( 'NONE',  ( -85.87383009598988792, -12.49999999996819966, 72.89218215713690086 ) ) ;
#330 = EDGE_CURVE ( 'NONE', #2986, #3773, #1586, .T. ) ;
#331 = CARTESIAN_POINT ( 'NONE',  ( -6.150218649372130031, 4.936653907275159625, 38.00000000000000000 ) ) ;
#332 = CARTESIAN_POINT ( 'NONE',  ( -75.76277771971150798, -12.50000000000000000, 88.69295802713860155 ) ) ;
#333 = CARTESIAN_POINT ( 'NONE',  ( -86.92719387550593524, 10.00000000000000355, 83.17105635957010179 ) ) ;
#334 = CARTESIAN_POINT ( 'NONE',  ( -92.98076800796889074, 4.499999999999999112, 77.21289204332060763 ) ) ;
#335 = ORIENTED_EDGE ( 'NONE', *, *, #3389, .F. ) ;
#336 = CARTESIAN_POINT ( 'NONE',  ( -52.49157727543369845, -4.500000000000000000, 52.72419370276619333 ) ) ;
#337 = CARTESIAN_POINT ( 'NONE',  ( -85.56882812262509219, 12.49999999992530064, 74.18995349570218423 ) ) ;
#338 = VERTEX_POINT ( 'NONE', #4075 ) ;
#339 = CARTESIAN_POINT ( 'NONE',  ( -93.59655248289190865, 12.50000000000000178, 70.47811447380682637 ) ) ;
#340 = CARTESIAN_POINT ( 'NONE',  ( -27.86045306764110308, 3.088542123127790084, 37.25894308862240223 ) ) ;
#341 = CARTESIAN_POINT ( 'NONE',  ( -33.95402163854916466, -8.926665962172755542, 37.17786225482964113 ) ) ;
#342 = CARTESIAN_POINT ( 'NONE',  ( -26.41181053703699178, 1.347111479062088257E-16, 38.56330668192028810 ) ) ;
#343 = CARTESIAN_POINT ( 'NONE',  ( -85.76692580400350607, 4.500000000000000000, 87.95548408619049496 ) ) ;
#344 = CIRCLE ( 'NONE', #1132, 8.000000000000000000 ) ;
#345 = CARTESIAN_POINT ( 'NONE',  ( -6.351005824409017286, 6.726035052601271325, 42.06687147357236256 ) ) ;
#346 = CARTESIAN_POINT ( 'NONE',  ( -28.85079247050730089, 12.49999999996610001, 67.31544143769458799 ) ) ;
#347 = CARTESIAN_POINT ( 'NONE',  ( -71.90746644715649438, -12.49999999999960032, 65.94852997484429125 ) ) ;
#348 = B_SPLINE_CURVE_WITH_KNOTS ( 'NONE', 3,
 ( #4267, #2261, #3211, #187, #1263, #2164, #3562, #1610, #3653, #561, #420, #759, #2994, #537, #4022, #1921, #4392, #442, #3582, #2651, #112, #3309, #2144, #3539, #70, #1464, #1138, #2967, #4369, #1238, #2848, #4245, #2506, #1115, #1829, #3902, #2529, #1313, #2380, #2329, #2065, #2699, #4438, #2308, #4099, #3019, #3723, #4415, #2675, #3091, #1287, #685, #924, #605, #290, #3700, #318, #974, #4149, #265, #2353, #1966, #1000, #3748, #1684, #1022, #2405, #1710, #1385, #3066, #583, #948, #630, #1656, #4049, #3802 ),
 .UNSPECIFIED., .F., .F.,
 ( 4, 2, 1, 1, 2, 2, 2, 1, 1, 2, 2, 2, 1, 1, 1, 2, 2, 2, 2, 1, 1, 2, 2, 2, 2, 1, 1, 1, 2, 2, 2, 2, 1, 1, 1, 2, 2, 2, 2, 1, 1, 1, 1, 1, 2, 2, 2, 4 ),
 ( 0.000000000000000000, 0.06249999999998274991, 0.09374999999997413180, 0.1093749999999698297, 0.1171874999999677619, 0.1249999999999657219, 0.1874999999999526490, 0.2187499999999458211, 0.2343749999999428235, 0.2421874999999413525, 0.2499999999999398814, 0.3124999999999297229, 0.3437499999999244493, 0.3593749999999216738, 0.3671874999999200639, 0.3710937499999194533, 0.3749999999999187872, 0.4374999999999140132, 0.4687499999999114042, 0.4843749999999097389, 0.4921874999999091282, 0.4960937499999089062, 0.4999999999999087397, 0.5624999999998998579, 0.5937499999998948619, 0.6093749999998921973, 0.6171874999998908651, 0.6210937499998897549, 0.6230468749998893108, 0.6249999999998888667, 0.6874999999998784306, 0.7187499999998735456, 0.7343749999998708811, 0.7421874999998697708, 0.7460937499998686606, 0.7480468749998681055, 0.7499999999998675504, 0.8124999999998528954, 0.8437499999998459010, 0.8593749999998431255, 0.8671874999998415712, 0.8710937499998404610, 0.8730468749998403499, 0.8740234374998402389, 0.8745117187498405720, 0.8749999999998409050, 0.9374999999999203970, 1.000000000000000000 ),
 .UNSPECIFIED. ) ;
#349 = DIRECTION ( 'NONE',  ( -0.000000000000000000, 1.000000000000000000, 0.000000000000000000 ) ) ;
#350 = CARTESIAN_POINT ( 'NONE',  ( -71.14869372873729958, 12.50000000000000000, 88.26600603679399626 ) ) ;
#351 = CARTESIAN_POINT ( 'NONE',  ( -35.14671776247960366, 4.500000000000000000, 38.54761981129990289 ) ) ;
#352 = CARTESIAN_POINT ( 'NONE',  ( -36.51052488743899715, 12.50000000000000000, 54.63612799587099289 ) ) ;
#353 = CARTESIAN_POINT ( 'NONE',  ( -85.87460623910399704, -12.49999999996809841, 72.63039031483900487 ) ) ;
#354 = DIRECTION ( 'NONE',  ( 0.000000000000000000, 1.000000000000000000, 0.000000000000000000 ) ) ;
#355 = CARTESIAN_POINT ( 'NONE',  ( -75.18266989832270042, -4.500000000000000000, 96.67192862445220669 ) ) ;
#356 = CARTESIAN_POINT ( 'NONE',  ( -5.899449152595145129, 6.571335828905048082, 43.33798792200872896 ) ) ;
#357 = AXIS2_PLACEMENT_3D ( 'NONE', #1328, #1980, #3372 ) ;
#358 = CARTESIAN_POINT ( 'NONE',  ( -5.754360833654099672, 4.500000000000002665, 59.90190943898993226 ) ) ;
#359 = ORIENTED_EDGE ( 'NONE', *, *, #3994, .F. ) ;
#360 = CARTESIAN_POINT ( 'NONE',  ( -49.74083938685459572, -4.500000000000000000, 51.86996901405729687 ) ) ;
#361 = B_SPLINE_CURVE_WITH_KNOTS ( 'NONE', 3,
 ( #2512, #4274, #1793, #3196, #2127, #1057, #1142, #3885, #3217, #97, #2490, #3523, #3908, #2189 ),
 .UNSPECIFIED., .F., .F.,
 ( 4, 2, 2, 2, 2, 2, 4 ),
 ( 0.000000000000000000, 0.001530146567992513506, 0.002295219851988770585, 0.003060293135985027013, 0.004590439703977557649, 0.005355512987973811041, 0.006120586271970063566 ),
 .UNSPECIFIED. ) ;
#362 = CARTESIAN_POINT ( 'NONE',  ( -83.51719613128808817, 12.49999999999910116, 77.98999632206910348 ) ) ;
#363 = VERTEX_POINT ( 'NONE', #342 ) ;
#364 = EDGE_LOOP ( 'NONE', ( #992, #4432, #4509, #1282, #1382 ) ) ;
#365 = CARTESIAN_POINT ( 'NONE',  ( -7.944885814342977248, -10.00000000000000000, 45.89339683116346436 ) ) ;
#366 = CARTESIAN_POINT ( 'NONE',  ( -34.93058116372840516, -6.666815994563143555, 37.73873621705571679 ) ) ;
#367 = CARTESIAN_POINT ( 'NONE',  ( -90.34710861666935955, 12.50000000000000178, 82.17752216006205401 ) ) ;
#368 = CARTESIAN_POINT ( 'NONE',  ( -6.552732085718815824, 6.297771934381921177, 41.84364406318758967 ) ) ;
#369 = CARTESIAN_POINT ( 'NONE',  ( -18.88240018727070435, -12.49999999990100008, 60.96241915408209877 ) ) ;
#370 = CARTESIAN_POINT ( 'NONE',  ( -18.18180914265500192, 12.49999999994830091, 60.55663421312520001 ) ) ;
#371 = CARTESIAN_POINT ( 'NONE',  ( -47.24466287347019744, -12.49999999999830003, 59.45239873678939801 ) ) ;
#372 = CARTESIAN_POINT ( 'NONE',  ( -90.34718800800287397, -12.50000000000000178, 82.17740357845143251 ) ) ;
#373 = CARTESIAN_POINT ( 'NONE',  ( -33.28196191638816970, 9.829111860737468120, 36.92979091113634382 ) ) ;
#374 = CARTESIAN_POINT ( 'NONE',  ( -36.49327340723152702, 12.50000000000000355, 43.85423951415631194 ) ) ;
#375 = CARTESIAN_POINT ( 'NONE',  ( -41.71615177886059911, 12.50000000000000000, 57.36388549891339750 ) ) ;
#376 = CARTESIAN_POINT ( 'NONE',  ( -85.81375359800620117, -12.49999999999799982, 73.32279640597771220 ) ) ;
#377 = ADVANCED_FACE ( 'NONE', ( #3381 ), #4080, .F. ) ;
#378 = EDGE_LOOP ( 'NONE', ( #2449, #1983, #3430, #3429, #3034 ) ) ;
#379 = CARTESIAN_POINT ( 'NONE',  ( -81.01976392113982683, -9.251417207230854700, 90.63570598557484459 ) ) ;
#380 = CARTESIAN_POINT ( 'NONE',  ( -73.95496890250169031, -12.50000000000000000, 88.54938038509240528 ) ) ;
#381 = CARTESIAN_POINT ( 'NONE',  ( -6.180234889378191099, 7.179716037231814063, 41.14401362806432871 ) ) ;
#382 = CARTESIAN_POINT ( 'NONE',  ( -33.20755635921630500, 17.71000000000000085, 36.89547549346799826 ) ) ;
#383 = VERTEX_POINT ( 'NONE', #3912 ) ;
#384 = CARTESIAN_POINT ( 'NONE',  ( -77.43529023848071802, -12.50000000000000000, 67.64664428597879464 ) ) ;
#385 = CARTESIAN_POINT ( 'NONE',  ( -82.80142982640300886, 12.49999999999969980, 78.99223615478310023 ) ) ;
#386 = CARTESIAN_POINT ( 'NONE',  ( -25.52750939320410239, 12.50000000000000000, 37.79688962485400339 ) ) ;
#387 = DIRECTION ( 'NONE',  ( 0.000000000000000000, 1.000000000000000000, 0.000000000000000000 ) ) ;
#388 = CARTESIAN_POINT ( 'NONE',  ( -33.76736980755939754, -9.207352096674959796, 36.91275821386449962 ) ) ;
#389 = CARTESIAN_POINT ( 'NONE',  ( -35.41206902310666749, -1.630241139986256194, 41.42590208758932846 ) ) ;
#390 = DIRECTION ( 'NONE',  ( 1.000000000000000000, 0.000000000000000000, 0.000000000000000000 ) ) ;
#391 = CARTESIAN_POINT ( 'NONE',  ( -42.21508100491109872, -12.49999999986230037, 77.10167481915760845 ) ) ;
#392 = CARTESIAN_POINT ( 'NONE',  ( -31.88321293780849786, 12.50000000000000000, 69.46004456877089694 ) ) ;
#393 = CARTESIAN_POINT ( 'NONE',  ( -39.47984431528239924, -12.49999999974039966, 56.31610503589469374 ) ) ;
#394 = CARTESIAN_POINT ( 'NONE',  ( -86.93164452932063568, -12.50000000000000178, 86.63666418500727673 ) ) ;
#395 = CARTESIAN_POINT ( 'NONE',  ( -5.754360833654098784, -6.571397745378241950, 59.90190943898993226 ) ) ;
#396 = CARTESIAN_POINT ( 'NONE',  ( -39.44907575430619318, 12.50000000000000178, 46.95800882968752177 ) ) ;
#397 = CARTESIAN_POINT ( 'NONE',  ( -32.96786679835660294, 12.49999999993429967, 51.94315374337240598 ) ) ;
#398 = CARTESIAN_POINT ( 'NONE',  ( -85.79993072792649400, -12.49999999785219984, 72.36293874157630057 ) ) ;
#399 = ORIENTED_EDGE ( 'NONE', *, *, #1930, .F. ) ;
#400 = CARTESIAN_POINT ( 'NONE',  ( -81.55397572109650639, -8.408191910210321751, 90.85384547728212112 ) ) ;
#401 = CARTESIAN_POINT ( 'NONE',  ( -76.41038238348190248, -4.500000000000000000, 96.75512129297850095 ) ) ;
#402 = AXIS2_PLACEMENT_3D ( 'NONE', #1549, #526, #3236 ) ;
#403 = CARTESIAN_POINT ( 'NONE',  ( -76.41038238348171774, 12.50000000000000355, 96.75512129297814568 ) ) ;
#404 = CARTESIAN_POINT ( 'NONE',  ( -102.5443055140207917, 4.499999999779407567, 51.91871567798811071 ) ) ;
#405 = CARTESIAN_POINT ( 'NONE',  ( -49.74083938685449624, -12.50000000000000178, 51.86996901405730398 ) ) ;
#406 = CARTESIAN_POINT ( 'NONE',  ( -84.32079444216910247, 12.49999999998989964, 76.74107194265430110 ) ) ;
#407 = CARTESIAN_POINT ( 'NONE',  ( -78.28551485279220401, -12.49999999999019984, 84.23410916988919439 ) ) ;
#408 = CARTESIAN_POINT ( 'NONE',  ( -27.21692930468629967, 14.07343736306170001, 37.40766625019740133 ) ) ;
#409 = CARTESIAN_POINT ( 'NONE',  ( -27.30109488790800043, -12.50000000000000000, 36.68390702530000169 ) ) ;
#410 = CARTESIAN_POINT ( 'NONE',  ( -36.83045103829664413, -1.623635399707608284, 44.34204419107341977 ) ) ;
#411 = CARTESIAN_POINT ( 'NONE',  ( -34.70159361927739639, -12.50000000000000000, 71.52203164829170134 ) ) ;
#412 = CARTESIAN_POINT ( 'NONE',  ( -17.48118658970109962, 12.50000000000000000, 60.15081670736839925 ) ) ;
#413 = CARTESIAN_POINT ( 'NONE',  ( -36.74227600223559875, -12.50000000000000000, 54.78359123818370335 ) ) ;
#414 = CARTESIAN_POINT ( 'NONE',  ( -83.69558467926459855, -12.50000000000000000, 77.73074793242419389 ) ) ;
#415 = CARTESIAN_POINT ( 'NONE',  ( -35.27175083746165996, 1.051791581726336355, 40.80788514139807432 ) ) ;
#416 = MANIFOLD_SOLID_BREP ( 'ÄÆ-µ¹Ãâ1', #3305 ) ;
#417 = CARTESIAN_POINT ( 'NONE',  ( -85.28052054831584883, 12.50000000000000355, 62.22787483188508162 ) ) ;
#418 = CARTESIAN_POINT ( 'NONE',  ( -35.06212223071950262, 12.49999999989000088, 53.65287369113210048 ) ) ;
#419 = CARTESIAN_POINT ( 'NONE',  ( -85.79250818125819933, -12.49999999831370090, 72.34826489457080356 ) ) ;
#420 = CARTESIAN_POINT ( 'NONE',  ( -6.063726130974382400, -6.720739516960767546, 62.80760924216232866 ) ) ;
#421 = VECTOR ( 'NONE', #3449, 1000.000000000000000 ) ;
#422 = VERTEX_POINT ( 'NONE', #60 ) ;
#423 = CARTESIAN_POINT ( 'NONE',  ( -7.242675641354145100, 9.147423843835639445, 62.07699372039711250 ) ) ;
#424 = CARTESIAN_POINT ( 'NONE',  ( -35.20000000000000284, -4.600780098834749587, 37.10029354652139943 ) ) ;
#425 = CARTESIAN_POINT ( 'NONE',  ( -86.19615276685571814, 10.00000000000000178, 84.09712857512570849 ) ) ;
#426 = PLANE ( 'NONE',  #4015 ) ;
#427 = CARTESIAN_POINT ( 'NONE',  ( -80.30537925915970732, 12.50000000000650147, 82.05355477763589533 ) ) ;
#428 = EDGE_CURVE ( 'NONE', #3818, #967, #3974, .T. ) ;
#429 = CARTESIAN_POINT ( 'NONE',  ( -76.98623637360259409, -12.50000000000000000, 85.55033994165368938 ) ) ;
#430 = CARTESIAN_POINT ( 'NONE',  ( -35.03500417083151319, -6.214550377713850438, 37.82314356832540625 ) ) ;
#431 = DIRECTION ( 'NONE',  ( 0.000000000000000000, 0.000000000000000000, 1.000000000000000000 ) ) ;
#432 = CARTESIAN_POINT ( 'NONE',  ( -36.06884287937219113, -1.985192648151265615, 43.11538869412168395 ) ) ;
#433 = CARTESIAN_POINT ( 'NONE',  ( -85.84676138976051618, 12.49999999858439992, 72.47609756783029411 ) ) ;
#434 = CARTESIAN_POINT ( 'NONE',  ( -20.12008311010649919, -12.49999999943110041, 61.69297647432080112 ) ) ;
#435 = CARTESIAN_POINT ( 'NONE',  ( -34.62197729131379731, 7.615174349102641571, 37.52402340273059878 ) ) ;
#436 = CARTESIAN_POINT ( 'NONE',  ( -36.51052488436729959, -12.50000000000000000, 54.63612800069839892 ) ) ;
#437 = CARTESIAN_POINT ( 'NONE',  ( -83.25682638781870537, -12.50000000000000000, 78.36851137695889236 ) ) ;
#438 = CARTESIAN_POINT ( 'NONE',  ( -35.23033350362373284, 0.6872701033714222474, 40.57930544696464636 ) ) ;
#439 = CARTESIAN_POINT ( 'NONE',  ( -39.01790131257089911, 12.50000000000000000, 56.10755641989480580 ) ) ;
#440 = CARTESIAN_POINT ( 'NONE',  ( -50.04009706121329515, 12.49999999990500044, 60.32792494274790585 ) ) ;
#441 = CARTESIAN_POINT ( 'NONE',  ( -85.68916294844291315, -12.50000000000910028, 72.18006717853440080 ) ) ;
#442 = CARTESIAN_POINT ( 'NONE',  ( -6.561307128527806398, -8.011460592927505786, 62.49880910455354410 ) ) ;
#443 = EDGE_CURVE ( 'NONE', #422, #1400, #1927, .T. ) ;
#444 = CARTESIAN_POINT ( 'NONE',  ( -6.192875573048077342, 7.116149605097322528, 62.72735862627999381 ) ) ;
#445 = CARTESIAN_POINT ( 'NONE',  ( -6.912776858565534255, 5.111572462718851462, 39.28067788259279780 ) ) ;
#446 = CARTESIAN_POINT ( 'NONE',  ( -75.25357558823716886, 11.38971840635135280, 92.73237831419355359 ) ) ;
#447 = CARTESIAN_POINT ( 'NONE',  ( -32.13745035459319865, 17.71000000000000085, 36.72045650744799872 ) ) ;
#448 = CARTESIAN_POINT ( 'NONE',  ( -74.76189373771440216, 12.50000000000000000, 87.68532934289520142 ) ) ;
#449 = CARTESIAN_POINT ( 'NONE',  ( -76.18461942447420654, -12.50000000000000000, 86.33376858471790172 ) ) ;
#450 = CARTESIAN_POINT ( 'NONE',  ( -34.72380719668086613, -7.342309021197813479, 37.59202307217147876 ) ) ;
#451 = CARTESIAN_POINT ( 'NONE',  ( -35.36482355295960645, -4.500000000000000000, 36.64414550368260848 ) ) ;
#452 = CARTESIAN_POINT ( 'NONE',  ( -35.96681223812529282, -1.999259799818305927, 42.91234718040637119 ) ) ;
#453 = CARTESIAN_POINT ( 'NONE',  ( -85.02274944980349858, 12.49999999999910116, 71.46152533925730665 ) ) ;
#454 = CARTESIAN_POINT ( 'NONE',  ( -20.65854198218140070, -12.49999999909539916, 62.01546538636920758 ) ) ;
#455 = CARTESIAN_POINT ( 'NONE',  ( -34.56266653485830886, 7.760528740662893554, 37.48710928587447455 ) ) ;
#456 = CARTESIAN_POINT ( 'NONE',  ( -32.50749986560379767, -12.49999999999939959, 51.51166312823499993 ) ) ;
#457 = ADVANCED_FACE ( 'NONE', ( #3848 ), #776, .T. ) ;
#458 = CARTESIAN_POINT ( 'NONE',  ( -92.24839589006138851, -12.50000000000000355, 78.90482229626253741 ) ) ;
#459 = CARTESIAN_POINT ( 'NONE',  ( -35.75311239324765467, 1.976656209585062163, 42.43463614830851327 ) ) ;
#460 = PRODUCT_RELATED_PRODUCT_CATEGORY ( 'part', '', ( #3421 ) ) ;
#461 = CARTESIAN_POINT ( 'NONE',  ( -76.77901451020031232, 4.500000000000000000, 59.02655651571850370 ) ) ;
#462 = CARTESIAN_POINT ( 'NONE',  ( -45.08488639429300093, 12.49999999988630073, 58.70761138932540035 ) ) ;
#463 = CARTESIAN_POINT ( 'NONE',  ( -84.92423619982199057, -12.49999999999830003, 71.37614734384300164 ) ) ;
#464 = CARTESIAN_POINT ( 'NONE',  ( -76.61933922723889623, 4.500000000000000000, 96.76816765603379622 ) ) ;
#465 = AXIS2_PLACEMENT_3D ( 'NONE', #1654, #3089, #1986 ) ;
#466 = CARTESIAN_POINT ( 'NONE',  ( -9.238865168930903593, 11.10411017134444123, 60.84855923506383846 ) ) ;
#467 = CARTESIAN_POINT ( 'NONE',  ( -26.01516864122690009, 4.632813184691689123, 37.68453841074320110 ) ) ;
#468 = CARTESIAN_POINT ( 'NONE',  ( -75.31139422324798716, 11.28872833678726906, 92.90330598952566277 ) ) ;
#469 = EDGE_CURVE ( 'NONE', #1651, #2794, #768, .T. ) ;
#470 = CARTESIAN_POINT ( 'NONE',  ( -31.60429452517529825, 17.71000000000000085, 36.69177704805580476 ) ) ;
#471 = CARTESIAN_POINT ( 'NONE',  ( -35.86978078888004973, 1.999162468484141808, 42.70535295070308024 ) ) ;
#472 = CARTESIAN_POINT ( 'NONE',  ( -84.45163833397049302, -12.49999999999809930, 76.51851341332979928 ) ) ;
#473 = CARTESIAN_POINT ( 'NONE',  ( -35.21011152972560154, -4.500000000000000000, 37.91681546516340262 ) ) ;
#474 = CARTESIAN_POINT ( 'NONE',  ( -36.25897709815036052, -1.932689120509087033, 43.46405347374030015 ) ) ;
#475 = CARTESIAN_POINT ( 'NONE',  ( -85.76419736048669051, 12.49999999966039965, 72.29749429860940779 ) ) ;
#476 = CARTESIAN_POINT ( 'NONE',  ( -57.06693561582319774, -12.49999999982459897, 85.23861269902199922 ) ) ;
#477 = CARTESIAN_POINT ( 'NONE',  ( -5.751249870896843142, 12.50000000000000355, 62.99845678675647065 ) ) ;
#478 = CARTESIAN_POINT ( 'NONE',  ( -31.66998116106570293, -12.50000000000000000, 50.64915486434539815 ) ) ;
#479 = AXIS2_PLACEMENT_3D ( 'NONE', #3118, #1048, #2758 ) ;
#480 = CARTESIAN_POINT ( 'NONE',  ( -21.83722406390289805, -3.059375821630019754, 38.00000000000000000 ) ) ;
#481 = CARTESIAN_POINT ( 'NONE',  ( -79.62854011408219890, 12.50000000000000000, 68.47298498122519561 ) ) ;
#482 = CARTESIAN_POINT ( 'NONE',  ( -59.31026203842750277, 12.49999999999899991, 62.78948118087000552 ) ) ;
#483 = CARTESIAN_POINT ( 'NONE',  ( -84.97370795905230523, -12.50000000000000000, 71.41846122991809409 ) ) ;
#484 = CARTESIAN_POINT ( 'NONE',  ( -81.06802882780090158, -12.50000000000000000, 69.08780246253949997 ) ) ;
#485 = CARTESIAN_POINT ( 'NONE',  ( -10.80768097011950779, 11.93758306273928760, 59.89054044515204112 ) ) ;
#486 = CARTESIAN_POINT ( 'NONE',  ( -27.14877473775819894, 12.50000000000000000, 40.09148940295120411 ) ) ;
#487 = CARTESIAN_POINT ( 'NONE',  ( -5.754360833654099672, 4.500000000000000000, 42.75000000000000000 ) ) ;
#488 = CARTESIAN_POINT ( 'NONE',  ( -75.49517807028672678, -10.93014204202408557, 93.44696814216328562 ) ) ;
#489 = CARTESIAN_POINT ( 'NONE',  ( -36.50499738788786885, 1.822246549223211609, 43.86641062895175480 ) ) ;
#490 = CARTESIAN_POINT ( 'NONE',  ( -82.80491969081680281, -12.49999999999969980, 78.98752669787998570 ) ) ;
#491 = CARTESIAN_POINT ( 'NONE',  ( -35.17279350917988978, -12.50000000000000178, 38.24712338958588020 ) ) ;
#492 = DIRECTION ( 'NONE',  ( 0.000000000000000000, 0.000000000000000000, 1.000000000000000000 ) ) ;
#493 = PRESENTATION_LAYER_ASSIGNMENT (  '', '', ( #1289 ) ) ;
#494 = CARTESIAN_POINT ( 'NONE',  ( -84.81760424722709502, 12.49999999999000089, 71.28635960435229890 ) ) ;
#495 = CARTESIAN_POINT ( 'NONE',  ( -73.11320573643050125, -12.50000000000000000, 88.47037109486430495 ) ) ;
#496 = CARTESIAN_POINT ( 'NONE',  ( -34.50147179094894057, 7.902676559614799423, 37.45017295092922893 ) ) ;
#497 = CARTESIAN_POINT ( 'NONE',  ( -27.81047917920989931, -12.49999999999809930, 43.94093428501670218 ) ) ;
#498 = FACE_OUTER_BOUND ( 'NONE', #1188, .T. ) ;
#499 = EDGE_CURVE ( 'NONE', #676, #2427, #3501, .T. ) ;
#500 = CARTESIAN_POINT ( 'NONE',  ( -64.22676545792626257, 12.50000000000000178, 55.75210129654110602 ) ) ;
#501 = CARTESIAN_POINT ( 'NONE',  ( -46.93926290873140061, 12.49999999999719869, 59.35144138540199776 ) ) ;
#502 = CARTESIAN_POINT ( 'NONE',  ( -82.70026706987889042, -12.50000000000000000, 69.90046323470478740 ) ) ;
#503 = CARTESIAN_POINT ( 'NONE',  ( -83.49082437433699511, -12.50000000000000000, 70.35458842340020169 ) ) ;
#504 = CARTESIAN_POINT ( 'NONE',  ( -8.261842674525532004, 10.31659197426684216, 61.44844851626981352 ) ) ;
#505 = CARTESIAN_POINT ( 'NONE',  ( -6.895054377438449400, -5.896393539521859850, 41.75000000000000000 ) ) ;
#506 = DIRECTION ( 'NONE',  ( 0.000000000000000000, 1.000000000000000000, 0.000000000000000000 ) ) ;
#507 = CARTESIAN_POINT ( 'NONE',  ( -76.42380394977843139, -7.451532312934841862, 96.19092999565958735 ) ) ;
#508 = CARTESIAN_POINT ( 'NONE',  ( -37.24148095398633984, 1.268420407617899537, 44.86461925067789736 ) ) ;
#509 = CARTESIAN_POINT ( 'NONE',  ( -85.40809684524849388, -12.49999999997370104, 74.61222495673459321 ) ) ;
#510 = CARTESIAN_POINT ( 'NONE',  ( -6.520799864395431023, 8.495783317895961417, 60.21487635698792218 ) ) ;
#511 = ORIENTED_EDGE ( 'NONE', *, *, #771, .F. ) ;
#512 = CARTESIAN_POINT ( 'NONE',  ( -85.73451098817321281, 12.49999999996550137, 72.24872676281090378 ) ) ;
#513 = CARTESIAN_POINT ( 'NONE',  ( -58.88919577968940189, -12.49999999999510081, 85.83215492314259620 ) ) ;
#514 = CARTESIAN_POINT ( 'NONE',  ( -70.34840643794379389, 12.50000000000000000, 88.17731287569340282 ) ) ;
#515 = CARTESIAN_POINT ( 'NONE',  ( -28.63399722222060007, -12.49999999999910116, 46.11827586982830240 ) ) ;
#516 = CARTESIAN_POINT ( 'NONE',  ( -85.87607482820729388, 12.50000000000000000, 72.64694783128490485 ) ) ;
#517 = DIRECTION ( 'NONE',  ( 1.000000000000000000, 0.000000000000000000, 0.000000000000000000 ) ) ;
#518 = CARTESIAN_POINT ( 'NONE',  ( -83.82235159153900383, 12.50000000000000000, 70.56295660884499910 ) ) ;
#519 = CARTESIAN_POINT ( 'NONE',  ( -65.97212272200430050, 12.50000000000000000, 64.41079915482841045 ) ) ;
#520 = CARTESIAN_POINT ( 'NONE',  ( -45.59896457333109510, 12.49999999995950084, 79.44973349364200033 ) ) ;
#521 = CARTESIAN_POINT ( 'NONE',  ( -84.37115880893529152, -12.49999999995620037, 70.94126201167711088 ) ) ;
#522 = ADVANCED_FACE ( 'NONE', ( #4192 ), #3804, .T. ) ;
#523 = CARTESIAN_POINT ( 'NONE',  ( -92.75821396567887689, -12.50000000000000178, 68.40898316467317386 ) ) ;
#524 = FACE_OUTER_BOUND ( 'NONE', #2692, .T. ) ;
#525 = CARTESIAN_POINT ( 'NONE',  ( -6.392082245492839654, -7.629992613045430083, 42.74999857402559655 ) ) ;
#526 = DIRECTION ( 'NONE',  ( -0.9510565162951521989, 0.000000000000000000, 0.3090169943749520587 ) ) ;
#527 = CARTESIAN_POINT ( 'NONE',  ( -75.77443085225444008, -10.24717544681574033, 94.27244174256017573 ) ) ;
#528 = CARTESIAN_POINT ( 'NONE',  ( -37.29934015489824617, 1.208388785568122570, 44.93366116759690243 ) ) ;
#529 = CARTESIAN_POINT ( 'NONE',  ( -83.83578594007281026, -12.49999999995899991, 77.51427326654369665 ) ) ;
#530 = CARTESIAN_POINT ( 'NONE',  ( -37.61358567158698207, -0.7963637831288963298, 45.28891909424281437 ) ) ;
#531 = ORIENTED_EDGE ( 'NONE', *, *, #3216, .T. ) ;
#532 = ORIENTED_EDGE ( 'NONE', *, *, #4024, .T. ) ;
#533 = CARTESIAN_POINT ( 'NONE',  ( -85.85751962883460919, 12.49999999969909936, 72.51607101765740993 ) ) ;
#534 = CARTESIAN_POINT ( 'NONE',  ( -65.34438318223280362, -12.49999999999839950, 87.39537682231349436 ) ) ;
#535 = CARTESIAN_POINT ( 'NONE',  ( -65.56433536768520298, 12.50000000000000000, 87.45002697729040619 ) ) ;
#536 = CARTESIAN_POINT ( 'NONE',  ( -27.75177415440420248, -12.50000000000100009, 43.74311472828100733 ) ) ;
#537 = CARTESIAN_POINT ( 'NONE',  ( -6.355194392309365448, -7.543186411672770042, 62.62665676320155939 ) ) ;
#538 = CARTESIAN_POINT ( 'NONE',  ( -85.59064306448779291, 12.50000000000000000, 74.12870483563870039 ) ) ;
#539 = CARTESIAN_POINT ( 'NONE',  ( -6.754360833654099672, 4.500000000000000000, 42.75000000000000000 ) ) ;
#540 = CARTESIAN_POINT ( 'NONE',  ( -91.11712182726300568, 4.500000000000000000, 66.22526614572601034 ) ) ;
#541 = CARTESIAN_POINT ( 'NONE',  ( -82.81434916644600719, 12.49999999999969980, 69.96354341668939014 ) ) ;
#542 = CARTESIAN_POINT ( 'NONE',  ( -61.15589410365379308, 12.49999999999680078, 86.46838395643329989 ) ) ;
#543 = CARTESIAN_POINT ( 'NONE',  ( -82.58572730722268318, -12.50000000000040146, 69.83858057347640624 ) ) ;
#544 = CARTESIAN_POINT ( 'NONE',  ( -89.24256403125113479, -12.50000000000000355, 64.58838971484013314 ) ) ;
#545 = CARTESIAN_POINT ( 'NONE',  ( -28.60571996633209935, 12.49999999999930012, 46.05671127938110487 ) ) ;
#546 = ADVANCED_FACE ( 'NONE', ( #498 ), #1542, .T. ) ;
#547 = CARTESIAN_POINT ( 'NONE',  ( -7.604270513417853650, -12.50000000000000355, 63.92544253478146743 ) ) ;
#548 = CARTESIAN_POINT ( 'NONE',  ( -76.40804057588971432, -7.562647013669430152, 96.14434316075488596 ) ) ;
#549 = VECTOR ( 'NONE', #1453, 1000.000000000000114 ) ;
#550 = CARTESIAN_POINT ( 'NONE',  ( -30.83631947463664602, -11.68656943340505094, 36.72988004145705787 ) ) ;
#551 = CARTESIAN_POINT ( 'NONE',  ( -36.93980847561707748, 1.537612785414783634, 44.48602667491858398 ) ) ;
#552 = CARTESIAN_POINT ( 'NONE',  ( -84.81449631879040396, -12.49999999999370104, 75.86899225654940437 ) ) ;
#553 = CARTESIAN_POINT ( 'NONE',  ( -37.78633620348274036, -0.4805602046391725946, 45.47449275314129835 ) ) ;
#554 = ORIENTED_EDGE ( 'NONE', *, *, #2045, .T. ) ;
#555 = VERTEX_POINT ( 'NONE', #2240 ) ;
#556 = CARTESIAN_POINT ( 'NONE',  ( -85.87632915853819782, 12.49999999990549959, 72.65509217751498738 ) ) ;
#557 = ADVANCED_FACE ( 'NONE', ( #1174 ), #2687, .T. ) ;
#558 = CARTESIAN_POINT ( 'NONE',  ( -54.70039043822309566, -12.50000000046549964, 84.35409895372589517 ) ) ;
#559 = CARTESIAN_POINT ( 'NONE',  ( -72.35043125284259702, 12.50000000000000000, 88.39920691103679928 ) ) ;
#560 = CARTESIAN_POINT ( 'NONE',  ( -27.70294472509449690, -12.50000000000020073, 43.56785584609550455 ) ) ;
#561 = CARTESIAN_POINT ( 'NONE',  ( -5.991592361226213193, -6.453208912813989784, 62.85247278309977048 ) ) ;
#562 = CARTESIAN_POINT ( 'NONE',  ( -93.27946193521648865, 4.500000000000000000, 76.35889886157630713 ) ) ;
#563 = CARTESIAN_POINT ( 'NONE',  ( -81.02055455734878819, -12.50000000000000178, 92.78488008366370821 ) ) ;
#564 = CARTESIAN_POINT ( 'NONE',  ( -88.00111667108170366, -10.00000000000001421, 81.72237378415364617 ) ) ;
#565 = CARTESIAN_POINT ( 'NONE',  ( -82.46064048483779629, 12.49999999999599964, 69.77241431303968966 ) ) ;
#566 = CARTESIAN_POINT ( 'NONE',  ( -43.52308717989320996, 12.49999999998949995, 78.03288529189120482 ) ) ;
#567 = CARTESIAN_POINT ( 'NONE',  ( -83.82141124264350651, -12.49999999999939959, 70.56452328744110503 ) ) ;
#568 = CARTESIAN_POINT ( 'NONE',  ( -91.93362522844276441, -12.50000000000000178, 67.16914774386066256 ) ) ;
#569 = CARTESIAN_POINT ( 'NONE',  ( -27.43849015743980146, 12.50000000000000000, 35.55368285004569628 ) ) ;
#570 = CARTESIAN_POINT ( 'NONE',  ( -27.54736806549009742, 12.49999999999639932, 42.95114010086140155 ) ) ;
#571 = CARTESIAN_POINT ( 'NONE',  ( -5.751249870896919525, -4.500000000000000000, 62.99845678675688987 ) ) ;
#572 = CARTESIAN_POINT ( 'NONE',  ( -74.88661262159905618, -11.91158041510305310, 91.64642714229339049 ) ) ;
#573 = CARTESIAN_POINT ( 'NONE',  ( -35.20000000000000284, 4.500000000000000000, 38.00000000000000000 ) ) ;
#574 = CARTESIAN_POINT ( 'NONE',  ( -61.90280957217570545, -4.500000000000000000, 94.87321032430038770 ) ) ;
#575 = PLANE ( 'NONE',  #357 ) ;
#576 = CARTESIAN_POINT ( 'NONE',  ( -85.87576495127268572, -12.49999999992790123, 72.64679919933911378 ) ) ;
#577 = CARTESIAN_POINT ( 'NONE',  ( -37.65602261079002488, -0.7217279947179696675, 45.33461169614080433 ) ) ;
#578 = ORIENTED_EDGE ( 'NONE', *, *, #3685, .F. ) ;
#579 = CARTESIAN_POINT ( 'NONE',  ( -42.70133155454082896, -12.50000000000000355, 48.99940466056060728 ) ) ;
#580 = CARTESIAN_POINT ( 'NONE',  ( -85.75749295608309808, 12.49999999999359979, 73.56981782087281374 ) ) ;
#581 = CARTESIAN_POINT ( 'NONE',  ( -27.86045306762339990, 1.544271061563890157, 37.25894308862650206 ) ) ;
#582 = CARTESIAN_POINT ( 'NONE',  ( -27.59649362459360233, -12.49999999999809930, 43.15204588882719605 ) ) ;
#583 = CARTESIAN_POINT ( 'NONE',  ( -12.29047593060075450, -12.36492477768907428, 58.99115945836718566 ) ) ;
#584 = CARTESIAN_POINT ( 'NONE',  ( -93.27946193521654550, 12.50000000000000178, 76.35889886157633555 ) ) ;
#585 = CARTESIAN_POINT ( 'NONE',  ( -6.444852438871842892, -6.236205096846595630, 41.89125812645249880 ) ) ;
#586 = EDGE_CURVE ( 'NONE', #2745, #1241, #1197, .T. ) ;
#587 = ORIENTED_EDGE ( 'NONE', *, *, #3560, .T. ) ;
#588 = CARTESIAN_POINT ( 'NONE',  ( -84.04006776479990037, 12.50000000000160050, 70.70844846482729906 ) ) ;
#589 = CARTESIAN_POINT ( 'NONE',  ( -44.18715224367269911, 12.50000000000270006, 78.49899350478290216 ) ) ;
#590 = CARTESIAN_POINT ( 'NONE',  ( -77.01947473864620974, -12.49999999999930012, 67.51001589637239420 ) ) ;
#591 = CARTESIAN_POINT ( 'NONE',  ( -84.92478031020239371, -12.50000000000000000, 71.37550037857110397 ) ) ;
#592 = CARTESIAN_POINT ( 'NONE',  ( -27.22336585236880069, 12.50000000000000000, 37.34427093708629286 ) ) ;
#593 = CARTESIAN_POINT ( 'NONE',  ( -29.65529162532769902, 12.49999999999629985, 48.00316078772350181 ) ) ;
#594 = CARTESIAN_POINT ( 'NONE',  ( -5.566537325233120725, -4.500000000000000000, 62.90749553041939635 ) ) ;
#595 = FACE_OUTER_BOUND ( 'NONE', #3821, .T. ) ;
#596 = CARTESIAN_POINT ( 'NONE',  ( -38.91152867117269665, -12.50000000000000178, 84.58178641198880143 ) ) ;
#597 = CARTESIAN_POINT ( 'NONE',  ( -27.80307538257670075, -24.00002500000000083, 37.31060618830689890 ) ) ;
#598 = CARTESIAN_POINT ( 'NONE',  ( -6.417561172210926479, 7.693342410598232206, 42.39321750085824192 ) ) ;
#599 = EDGE_LOOP ( 'NONE', ( #2849, #1915, #1075, #3035, #2037 ) ) ;
#600 = ORIENTED_EDGE ( 'NONE', *, *, #2715, .F. ) ;
#601 = CARTESIAN_POINT ( 'NONE',  ( -35.16477891580413484, -12.50000000000000178, 40.07470890097714289 ) ) ;
#602 = CARTESIAN_POINT ( 'NONE',  ( -85.75765072711197945, 12.49999999999350031, 73.56919099871019796 ) ) ;
#603 = FACE_OUTER_BOUND ( 'NONE', #1316, .T. ) ;
#604 = CARTESIAN_POINT ( 'NONE',  ( -34.61028899164900707, -7.645262319403307139, 37.51737119124213393 ) ) ;
#605 = CARTESIAN_POINT ( 'NONE',  ( -10.75939106883739704, -11.91836200741891894, 59.91991936330666846 ) ) ;
#606 = CARTESIAN_POINT ( 'NONE',  ( -93.87592495930189784, 4.500000000000000000, 72.44150843563339492 ) ) ;
#607 = CARTESIAN_POINT ( 'NONE',  ( -6.297540300346823550, -7.345964894924653876, 42.55631005765066988 ) ) ;
#608 = ORIENTED_EDGE ( 'NONE', *, *, #662, .T. ) ;
#609 = VECTOR ( 'NONE', #2780, 1000.000000000000114 ) ;
#610 = CARTESIAN_POINT ( 'NONE',  ( -82.58588028667730896, 12.50000000000040146, 69.83866265540599727 ) ) ;
#611 = CARTESIAN_POINT ( 'NONE',  ( -57.06693561582309826, 12.49999999982459897, 85.23861269902189974 ) ) ;
#612 = CARTESIAN_POINT ( 'NONE',  ( -59.30994721597269859, -12.49999999999899991, 62.78940394603370123 ) ) ;
#613 = FACE_OUTER_BOUND ( 'NONE', #1354, .T. ) ;
#614 = CARTESIAN_POINT ( 'NONE',  ( -93.85666739431879080, -12.50000000000000355, 73.45495110017094476 ) ) ;
#615 = CARTESIAN_POINT ( 'NONE',  ( -35.36475180335128954, 12.50000000000000178, 36.64473572291296932 ) ) ;
#616 = CARTESIAN_POINT ( 'NONE',  ( -27.32911413939699941, 12.50000000000000000, 41.81943413999799475 ) ) ;
#617 = CARTESIAN_POINT ( 'NONE',  ( -9.693433373445831336, -12.50000000000000000, 56.02299100429890188 ) ) ;
#618 = CARTESIAN_POINT ( 'NONE',  ( -27.21692930468629967, -12.50000000000000000, 37.40766625019740133 ) ) ;
#619 = CARTESIAN_POINT ( 'NONE',  ( -71.53124092984960214, -4.500000000000000000, 96.35755121022640424 ) ) ;
#620 = CARTESIAN_POINT ( 'NONE',  ( -37.82300624342848039, 0.2793927559004151240, 45.51045638150907280 ) ) ;
#621 = CARTESIAN_POINT ( 'NONE',  ( -92.98077792323162782, 5.009712088753725645, 77.21289569520276075 ) ) ;
#622 = ORIENTED_EDGE ( 'NONE', *, *, #2959, .T. ) ;
#623 = ORIENTED_EDGE ( 'NONE', *, *, #2577, .T. ) ;
#624 = CARTESIAN_POINT ( 'NONE',  ( -35.88409664567237201, -12.50000000000000178, 42.76672113027459687 ) ) ;
#625 = CARTESIAN_POINT ( 'NONE',  ( -85.84872789650140135, 12.49999999999459988, 73.12086711917750392 ) ) ;
#626 = CARTESIAN_POINT ( 'NONE',  ( -83.15495292509379510, 12.50000000000000000, 70.15478998918189291 ) ) ;
#627 = VERTEX_POINT ( 'NONE', #4371 ) ;
#628 = CARTESIAN_POINT ( 'NONE',  ( -80.36748613107029371, -10.00000000000000000, 90.36935555005595688 ) ) ;
#629 = CARTESIAN_POINT ( 'NONE',  ( -27.13036378222629708, -12.49999999999979927, 38.78228730556190129 ) ) ;
#631 = EDGE_CURVE ( 'NONE', #283, #4041, #189, .T. ) ;
#630 = CARTESIAN_POINT ( 'NONE',  ( -12.57773900409538470, -12.41679812600996868, 58.81714554089133173 ) ) ;
#632 = CARTESIAN_POINT ( 'NONE',  ( -81.02052771535302611, 12.50000000000000355, 92.78490549848179114 ) ) ;
#633 = AXIS2_PLACEMENT_3D ( 'NONE', #2644, #4040, #492 ) ;
#634 = CARTESIAN_POINT ( 'NONE',  ( -6.251514410427156498, -6.851918838309956961, 42.24330430988747764 ) ) ;
#635 = VERTEX_POINT ( 'NONE', #1240 ) ;
#636 = CARTESIAN_POINT ( 'NONE',  ( -81.10308677197718907, 12.49999999998700062, 69.10735089549369548 ) ) ;
#637 =( NAMED_UNIT ( * ) PLANE_ANGLE_UNIT ( ) SI_UNIT ( $, .RADIAN. ) );
#638 = CARTESIAN_POINT ( 'NONE',  ( -31.18719730659049816, 12.50000000000000000, 68.95822042723321488 ) ) ;
#639 = CARTESIAN_POINT ( 'NONE',  ( -53.24741654365369925, -12.49999999999359979, 61.23757657779160013 ) ) ;
#640 = CARTESIAN_POINT ( 'NONE',  ( -5.933657212607069908, -5.250855148096330360, 38.00000000001210054 ) ) ;
#641 = CARTESIAN_POINT ( 'NONE',  ( -67.15575331770889989, 12.49999999999699973, 87.71591510703869687 ) ) ;
#642 = CARTESIAN_POINT ( 'NONE',  ( -85.87929857976470771, -12.50000000000000000, 72.74502516014759124 ) ) ;
#643 = CARTESIAN_POINT ( 'NONE',  ( -35.88393016372360478, 12.50000000000000000, 54.24346867605650147 ) ) ;
#644 = CARTESIAN_POINT ( 'NONE',  ( -30.16258724721280160, 12.50000000000000000, 48.76834001356660053 ) ) ;
#645 = CARTESIAN_POINT ( 'NONE',  ( -6.840022608735959686, 4.650802484893110211, 38.00000000000000000 ) ) ;
#646 = CARTESIAN_POINT ( 'NONE',  ( -28.79005187941796962, -12.35427080560608459, 37.05181894603199311 ) ) ;
#647 = CARTESIAN_POINT ( 'NONE',  ( -22.35820574054320176, -12.50000000000000000, 63.03704699468060113 ) ) ;
#648 = CARTESIAN_POINT ( 'NONE',  ( -82.57641771854198964, -4.499999999999999112, 91.27134879226595388 ) ) ;
#649 = CARTESIAN_POINT ( 'NONE',  ( -66.75507977202502730, 12.50000000000000355, 95.76004056879160942 ) ) ;
#650 = CARTESIAN_POINT ( 'NONE',  ( -6.260255791916501167, 7.301017170380017518, 41.43902099211060630 ) ) ;
#651 = EDGE_CURVE ( 'NONE', #4165, #627, #2130, .T. ) ;
#652 = ORIENTED_EDGE ( 'NONE', *, *, #1127, .T. ) ;
#653 = CARTESIAN_POINT ( 'NONE',  ( -27.79760386620599988, -12.50000000000000000, 43.92021937422919819 ) ) ;
#654 = CARTESIAN_POINT ( 'NONE',  ( -84.84969326265679967, 12.49999999999000089, 75.80247675290598863 ) ) ;
#655 = CARTESIAN_POINT ( 'NONE',  ( -85.61177178440929936, 12.50000000000000000, 72.07419609853140230 ) ) ;
#656 = VERTEX_POINT ( 'NONE', #3725 ) ;
#657 = CARTESIAN_POINT ( 'NONE',  ( -5.754360833654099672, 12.50000000000000000, 45.08660639311544571 ) ) ;
#658 = CARTESIAN_POINT ( 'NONE',  ( -33.85780816873081278, -9.074969617990998216, 37.13478436242764502 ) ) ;
#659 = CARTESIAN_POINT ( 'NONE',  ( -35.12803582070859676, -5.855440959476079676, 38.00539841999069779 ) ) ;
#660 = CARTESIAN_POINT ( 'NONE',  ( -72.67138085625781230, 12.50000000000000000, 89.58798460190061519 ) ) ;
#661 = CARTESIAN_POINT ( 'NONE',  ( -90.51805240159406196, -10.00000000000001421, 77.43912276449566434 ) ) ;
#662 = EDGE_CURVE ( 'NONE', #2693, #2165, #3047, .T. ) ;
#663 = CARTESIAN_POINT ( 'NONE',  ( -25.76243947008839896, 12.49999999814330032, 65.23169289064189513 ) ) ;
#664 = CARTESIAN_POINT ( 'NONE',  ( -65.39283345796420122, -12.50000000000000000, 64.26871334972599925 ) ) ;
#665 = LINE ( 'NONE', #2733, #43 ) ;
#666 = CARTESIAN_POINT ( 'NONE',  ( -33.78398419112489393, 9.183473361795918777, 37.10029354752320074 ) ) ;
#667 = CARTESIAN_POINT ( 'NONE',  ( -85.83391773048450091, -12.50000000000000000, 73.21812498486710297 ) ) ;
#668 = CARTESIAN_POINT ( 'NONE',  ( -35.88421478379599705, 4.500000000000000000, 42.76697677944699905 ) ) ;
#669 = CARTESIAN_POINT ( 'NONE',  ( -42.84898519364219993, 12.50000000000000000, 57.84225235753730487 ) ) ;
#670 = CARTESIAN_POINT ( 'NONE',  ( -85.83563390544489380, -12.49999999999660005, 73.20254191651849851 ) ) ;
#671 = CARTESIAN_POINT ( 'NONE',  ( -9.826520708186860631, -4.500000000000000000, 65.07717324070611653 ) ) ;
#672 = LINE ( 'NONE', #3814, #421 ) ;
#673 = CARTESIAN_POINT ( 'NONE',  ( -66.75507977202499887, -4.500000000000000000, 95.76004056879159521 ) ) ;
#674 = CARTESIAN_POINT ( 'NONE',  ( -63.58114588092900021, 12.50000000000000000, 87.05006720572319523 ) ) ;
#675 = CARTESIAN_POINT ( 'NONE',  ( -76.61933922723899570, 4.500000000000000000, 96.76816765603379622 ) ) ;
#676 = VERTEX_POINT ( 'NONE', #1345 ) ;
#677 = CARTESIAN_POINT ( 'NONE',  ( -38.63033154183580820, -12.50000000000000178, 46.29171796943978023 ) ) ;
#678 = CARTESIAN_POINT ( 'NONE',  ( -83.69250467558389062, 12.49999999997660005, 77.72889664784059960 ) ) ;
#679 = ORIENTED_EDGE ( 'NONE', *, *, #4211, .F. ) ;
#680 = CARTESIAN_POINT ( 'NONE',  ( -92.17413753332624538, 12.50000000000000355, 67.49034293786607464 ) ) ;
#681 = ORIENTED_EDGE ( 'NONE', *, *, #1441, .F. ) ;
#682 = CARTESIAN_POINT ( 'NONE',  ( -41.73637338733239233, -5.862361807952879644, 41.75000000000000000 ) ) ;
#683 = VECTOR ( 'NONE', #1337, 1000.000000000000000 ) ;
#684 = CARTESIAN_POINT ( 'NONE',  ( -34.49940795082259370, -7.907431540749516152, 37.44938911015959349 ) ) ;
#685 = CARTESIAN_POINT ( 'NONE',  ( -10.56192055272572183, -11.83570260220828807, 60.04014237561593603 ) ) ;
#686 = CARTESIAN_POINT ( 'NONE',  ( -84.70253855822538469, 12.50000000000000000, 76.07860392382400505 ) ) ;
#687 = CARTESIAN_POINT ( 'NONE',  ( -6.340790888845915241, 7.386165851782082292, 42.45512690051012328 ) ) ;
#688 = CARTESIAN_POINT ( 'NONE',  ( -20.65854198218140070, 12.49999999909539916, 62.01546538636929995 ) ) ;
#689 = CARTESIAN_POINT ( 'NONE',  ( -60.71356815034759791, -12.50000000000040146, 63.13221816974050427 ) ) ;
#690 = CARTESIAN_POINT ( 'NONE',  ( -13.75436083281629962, -12.50000000000000000, 58.10893120994310124 ) ) ;
#691 = CARTESIAN_POINT ( 'NONE',  ( -32.38362186288556188, 10.70439618134833459, 36.74803142379734311 ) ) ;
#692 = CARTESIAN_POINT ( 'NONE',  ( -35.16442276239910569, 4.500000000000000000, 38.33603208809439877 ) ) ;
#693 = CARTESIAN_POINT ( 'NONE',  ( -41.38400364563629807, 12.49999999999899991, 57.21745430428569534 ) ) ;
#694 =( BOUNDED_SURFACE ( )  B_SPLINE_SURFACE ( 3, 2, ( 
 ( #1421, #356, #3498 ),
 ( #1813, #1120, #381 ),
 ( #1748, #742, #1098 ),
 ( #3150, #1375, #3125 ) ),
 .UNSPECIFIED., .F., .F., .F. ) 
 B_SPLINE_SURFACE_WITH_KNOTS ( ( 4, 4 ),
 ( 3, 3 ),
 ( 1.138451474248500128, 1.416118606336829844 ),
 ( 0.000000000000000000, 1.000015693567700037 ),
 .UNSPECIFIED. ) 
 GEOMETRIC_REPRESENTATION_ITEM ( )  RATIONAL_B_SPLINE_SURFACE ( (
 ( 1.000000000000000000, 0.5503293447258750248, 1.000014113873739952),
 ( 1.000000000000000000, 0.5862519733154939461, 1.000012986365339973),
 ( 1.000000000000000000, 0.6209408162507349394, 1.000011897581930098),
 ( 1.000000000000000000, 0.6538429541345620599, 1.000010864878070116) ) ) 
 REPRESENTATION_ITEM ( '' )  SURFACE ( )  );
#695 = CARTESIAN_POINT ( 'NONE',  ( -85.83417517859508905, -12.49999999999699973, 73.21103343219670023 ) ) ;
#696 = CARTESIAN_POINT ( 'NONE',  ( -13.75436083365409878, 12.50000000000000000, 38.00000000000000000 ) ) ;
#697 = CARTESIAN_POINT ( 'NONE',  ( -76.91919282663430124, -12.50000000000000000, 88.77131160987968883 ) ) ;
#698 = CARTESIAN_POINT ( 'NONE',  ( -77.07749028247519618, 4.500000000000000000, 96.79661128810619175 ) ) ;
#699 = CARTESIAN_POINT ( 'NONE',  ( -34.63805106891069840, 7.594736884801660537, 37.10029354652129996 ) ) ;
#700 = ORIENTED_EDGE ( 'NONE', *, *, #2738, .T. ) ;
#701 = CARTESIAN_POINT ( 'NONE',  ( -58.23931677698720932, -12.50000000000000178, 54.28325838891758792 ) ) ;
#702 = CARTESIAN_POINT ( 'NONE',  ( -85.27985757344720241, 12.49999999999949907, 74.91654305468350117 ) ) ;
#703 = EDGE_LOOP ( 'NONE', ( #205, #1605, #1258, #2808 ) ) ;
#704 = CARTESIAN_POINT ( 'NONE',  ( -78.03370688154460311, -12.49999999999439915, 84.49249221554040901 ) ) ;
#705 = CARTESIAN_POINT ( 'NONE',  ( -27.30829876857989902, -12.49999999999979927, 41.68473267078800149 ) ) ;
#706 = CARTESIAN_POINT ( 'NONE',  ( -35.38009764167331639, -12.50000000000000178, 36.51849937187831330 ) ) ;
#707 = CARTESIAN_POINT ( 'NONE',  ( -76.81940736360670030, 4.500000000000000000, 96.59422751051710065 ) ) ;
#708 = AXIS2_PLACEMENT_3D ( 'NONE', #4254, #431, #2797 ) ;
#709 = CARTESIAN_POINT ( 'NONE',  ( -6.655770899100676097, 6.188115739878205623, 41.79419650002790121 ) ) ;
#710 = CARTESIAN_POINT ( 'NONE',  ( -38.39077984394089782, 12.50000000000000000, 74.27863890337860653 ) ) ;
#711 = CARTESIAN_POINT ( 'NONE',  ( -74.84986986115708874, -12.49999999998959943, 66.80618922467961340 ) ) ;
#712 = LINE ( 'NONE', #3808, #1056 ) ;
#713 = CARTESIAN_POINT ( 'NONE',  ( -102.5443055140200670, -4.499999999999999112, 51.91871567798819598 ) ) ;
#714 = CARTESIAN_POINT ( 'NONE',  ( -37.27416179246080219, 4.500000000000000000, 44.92300599304859787 ) ) ;
#715 = CARTESIAN_POINT ( 'NONE',  ( -43.88819972328819574, 12.50000000001440092, 58.25683824076440231 ) ) ;
#716 = CARTESIAN_POINT ( 'NONE',  ( -85.86928941585081532, -12.49999999998100009, 72.58121947583059352 ) ) ;
#717 = CARTESIAN_POINT ( 'NONE',  ( 36.24171393634465232, 1.347111479062088257E-16, 18.20594254210783092 ) ) ;
#718 = CARTESIAN_POINT ( 'NONE',  ( -76.82449030453624061, -12.50000000000009948, 96.78089598167666452 ) ) ;
#719 = CARTESIAN_POINT ( 'NONE',  ( -77.07749028247509671, 12.50000000000000178, 96.79661128810627702 ) ) ;
#720 = VECTOR ( 'NONE', #1279, 1000.000000000000000 ) ;
#721 = CARTESIAN_POINT ( 'NONE',  ( -27.85056217791009914, -12.65000000000000036, 37.26168435219010178 ) ) ;
#722 = ORIENTED_EDGE ( 'NONE', *, *, #3295, .T. ) ;
#723 = CARTESIAN_POINT ( 'NONE',  ( -50.23358450843559808, -12.50000000000000000, 60.39988400111480615 ) ) ;
#724 = CARTESIAN_POINT ( 'NONE',  ( -85.40809685060879985, 12.49999999997370104, 74.61222495891280460 ) ) ;
#725 = ORIENTED_EDGE ( 'NONE', *, *, #1567, .F. ) ;
#726 = B_SPLINE_CURVE_WITH_KNOTS ( 'NONE', 3,
 ( #1086, #1066, #3869, #1431, #709, #3159, #2455, #1778, #368, #4514, #17, #1387, #3850, #750, #2068, #345, #2476, #3137, #1045, #1364, #1713, #4490, #2755, #3805, #4152, #1024, #2114, #687, #1737, #2432, #730, #3829, #3485, #1758, #1409 ),
 .UNSPECIFIED., .F., .F.,
 ( 4, 2, 2, 1, 2, 2, 2, 2, 1, 1, 2, 2, 2, 2, 1, 1, 1, 1, 2, 2, 4 ),
 ( 0.000000000000000000, 0.1249999999999917288, 0.1874999999999875933, 0.2187499999999855116, 0.2343749999999825417, 0.2499999999999795719, 0.3749999999999617528, 0.4374999999999509837, 0.4687499999999449884, 0.4843749999999403810, 0.4921874999999366618, 0.4999999999999329980, 0.6249999999999391598, 0.6874999999999402700, 0.7187499999999412692, 0.7343749999999437117, 0.7421874999999437117, 0.7460937499999436007, 0.7480468749999436007, 0.7499999999999436007, 1.000000000000000000 ),
 .UNSPECIFIED. ) ;
#727 = DIRECTION ( 'NONE',  ( 1.000000000000000000, 0.000000000000000000, 0.000000000000000000 ) ) ;
#728 = CARTESIAN_POINT ( 'NONE',  ( -35.07372217667618486, -6.004153166746744930, 37.85790020181536875 ) ) ;
#729 = CARTESIAN_POINT ( 'NONE',  ( -91.71326448025415345, 12.50000000000000355, 79.93340247662870013 ) ) ;
#730 = CARTESIAN_POINT ( 'NONE',  ( -6.344937260547710345, 7.407893568907372384, 42.46866554984909214 ) ) ;
#731 = CARTESIAN_POINT ( 'NONE',  ( -37.48329120325099240, -12.50000000000000000, 73.59864055903931046 ) ) ;
#732 = PLANE ( 'NONE',  #1782 ) ;
#733 = CARTESIAN_POINT ( 'NONE',  ( -32.25242320160479892, -12.50000000000000000, 51.25558216218590246 ) ) ;
#734 = CARTESIAN_POINT ( 'NONE',  ( -85.65184681976100478, -12.50000000000000000, 73.94353130238960148 ) ) ;
#735 = CARTESIAN_POINT ( 'NONE',  ( -31.80689923467141256, 11.13141880915795312, 36.70478175333270343 ) ) ;
#736 = CARTESIAN_POINT ( 'NONE',  ( -35.21268041984160391, 12.50000000000000355, 40.46998048732627495 ) ) ;
#737 = CARTESIAN_POINT ( 'NONE',  ( -35.48848499666819833, 12.49999999991320010, 53.95638577920379930 ) ) ;
#738 = CARTESIAN_POINT ( 'NONE',  ( -85.86518325916620142, -12.49999999999140066, 72.99020230992900338 ) ) ;
#739 = ORIENTED_EDGE ( 'NONE', *, *, #4001, .T. ) ;
#740 = FACE_OUTER_BOUND ( 'NONE', #760, .T. ) ;
#741 = CARTESIAN_POINT ( 'NONE',  ( -92.80241184516567898, -6.251620677122020631, 77.14720183298970824 ) ) ;
#742 = CARTESIAN_POINT ( 'NONE',  ( -5.682525946339122669, 5.347303018338923408, 39.93587445218930299 ) ) ;
#743 = CARTESIAN_POINT ( 'NONE',  ( -92.98076800796889074, 4.499999999999999112, 77.21289204332060763 ) ) ;
#744 = CARTESIAN_POINT ( 'NONE',  ( -84.37666131914083678, -12.50000000000000178, 61.80314531035751457 ) ) ;
#745 = CARTESIAN_POINT ( 'NONE',  ( -84.77884027920009657, 12.49999999999609912, 75.93532433045119490 ) ) ;
#746 = CARTESIAN_POINT ( 'NONE',  ( -77.71119740201649506, -12.49999999999799982, 84.82154965450030204 ) ) ;
#747 = CARTESIAN_POINT ( 'NONE',  ( -34.85598562684590007, -7.038953783496729955, 37.10029354652129996 ) ) ;
#748 = CARTESIAN_POINT ( 'NONE',  ( -35.26554593132608773, -12.50000000000000178, 37.46081321688068755 ) ) ;
#749 = CARTESIAN_POINT ( 'NONE',  ( -35.41732354024475882, -1.642133195467743612, 41.44542145973672120 ) ) ;
#750 = CARTESIAN_POINT ( 'NONE',  ( -6.381118055294751734, 6.619141329903329485, 42.00818550657304939 ) ) ;
#751 = CARTESIAN_POINT ( 'NONE',  ( -38.01473287013730129, -12.50000000000000000, 73.99683691382929851 ) ) ;
#752 = CARTESIAN_POINT ( 'NONE',  ( -5.340177779904600186, 4.500000000000000000, 62.79599731245210137 ) ) ;
#753 = CARTESIAN_POINT ( 'NONE',  ( -38.73150341269030150, -12.49999999993619859, 55.92791842142590042 ) ) ;
#754 = CARTESIAN_POINT ( 'NONE',  ( -93.15621708159378045, -12.50000000000000178, 76.73135562444537072 ) ) ;
#755 = LINE ( 'NONE', #3097, #609 ) ;
#756 = CARTESIAN_POINT ( 'NONE',  ( -85.28052054831579198, 4.500000000000000000, 62.22787483188509583 ) ) ;
#757 = CARTESIAN_POINT ( 'NONE',  ( -32.70108156280190315, 12.50000000002079936, 51.69757804297839954 ) ) ;
#758 = CARTESIAN_POINT ( 'NONE',  ( -84.46570791829530833, -12.49999999994249933, 71.01110871066970276 ) ) ;
#759 = CARTESIAN_POINT ( 'NONE',  ( -6.193498715295240764, -7.117775880443011793, 62.72700653041945884 ) ) ;
#760 = EDGE_LOOP ( 'NONE', ( #3376, #3013, #2901, #902, #2645 ) ) ;
#761 = DIRECTION ( 'NONE',  ( 0.000000000000000000, -1.000000000000000000, 0.000000000000000000 ) ) ;
#762 = DIRECTION ( 'NONE',  ( 0.000000000000000000, 1.000000000000000000, 0.000000000000000000 ) ) ;
#763 = CARTESIAN_POINT ( 'NONE',  ( -89.04139778179435893, 10.00000000000000178, 80.16403384777503049 ) ) ;
#764 = FACE_OUTER_BOUND ( 'NONE', #1753, .T. ) ;
#765 = CARTESIAN_POINT ( 'NONE',  ( -75.13701385916759534, 12.50000000000000000, 87.33416173957358808 ) ) ;
#766 = CARTESIAN_POINT ( 'NONE',  ( -79.83361419980550977, -12.49999999998030020, 82.57875936216339596 ) ) ;
#767 = CARTESIAN_POINT ( 'NONE',  ( -35.17848374063783012, -5.144501667929187505, 37.96379493842383113 ) ) ;
#768 = LINE ( 'NONE', #2133, #549 ) ;
#769 = CARTESIAN_POINT ( 'NONE',  ( -76.42127581701403471, 12.50000000000000355, 96.94021161777233431 ) ) ;
#770 = CARTESIAN_POINT ( 'NONE',  ( -85.50747671396040062, 12.49999999958729902, 71.94718827922139326 ) ) ;
#771 = EDGE_CURVE ( 'NONE', #4093, #555, #665, .T. ) ;
#772 = ADVANCED_FACE ( 'NONE', ( #3757 ), #4518, .F. ) ;
#773 = CARTESIAN_POINT ( 'NONE',  ( -46.55987401573170104, -12.49999999987729993, 80.08211757971788813 ) ) ;
#774 = CARTESIAN_POINT ( 'NONE',  ( -6.484523581325493780, 12.50000000000000355, 63.36175080416149541 ) ) ;
#775 = CARTESIAN_POINT ( 'NONE',  ( -34.27591614237589823, -12.50000000000000000, 53.05641253541629965 ) ) ;
#776 = TOROIDAL_SURFACE ( 'NONE', #708, 7.000000000000000000, 1.000000000000000000 ) ;
#777 = CARTESIAN_POINT ( 'NONE',  ( -90.34718800800290239, -4.500000000000000000, 82.17740357845138988 ) ) ;
#778 = CARTESIAN_POINT ( 'NONE',  ( -35.48057362315373808, 1.760120478299516567, 41.66724718447492393 ) ) ;
#779 = CARTESIAN_POINT ( 'NONE',  ( -44.60219818231459499, 4.500000000000000000, 49.92467342641380412 ) ) ;
#780 = CARTESIAN_POINT ( 'NONE',  ( -72.81189926557239289, 12.49999999999350031, 66.20366220409219693 ) ) ;
#781 = CARTESIAN_POINT ( 'NONE',  ( -85.70769638262468959, -12.49999999999899991, 72.20719279767030230 ) ) ;
#782 = FACE_BOUND ( 'NONE', #784, .T. ) ;
#783 = AXIS2_PLACEMENT_3D ( 'NONE', #1077, #1445, #2078 ) ;
#784 = EDGE_LOOP ( 'NONE', ( #2356, #2423 ) ) ;
#785 = CARTESIAN_POINT ( 'NONE',  ( -10.86086896575855043, 11.95840213603819535, 59.85817259459624751 ) ) ;
#786 = FACE_OUTER_BOUND ( 'NONE', #51, .T. ) ;
#787 = CARTESIAN_POINT ( 'NONE',  ( -74.73220776291798018, 12.07726062566430159, 91.18990585919540592 ) ) ;
#788 = CARTESIAN_POINT ( 'NONE',  ( -7.944885814342973696, 10.00000000000000000, 58.78695646819419807 ) ) ;
#789 = CARTESIAN_POINT ( 'NONE',  ( -79.13776368844618503, 12.49999999996230038, 83.33833675417830023 ) ) ;
#790 = CARTESIAN_POINT ( 'NONE',  ( -81.27714297763930063, -12.50000000000030020, 80.92482332688000213 ) ) ;
#791 = CARTESIAN_POINT ( 'NONE',  ( -25.52750939320410239, 4.632813184691689123, 37.79688962485400339 ) ) ;
#792 = CARTESIAN_POINT ( 'NONE',  ( -33.99864305697060729, -8.874128132897411092, 38.00539841999069779 ) ) ;
#793 = CARTESIAN_POINT ( 'NONE',  ( -35.21698213014290246, 0.000000000000000000, 40.47796435941650373 ) ) ;
#794 = CARTESIAN_POINT ( 'NONE',  ( -85.20157575842240760, 12.49999999999949907, 71.62672242955488855 ) ) ;
#795 = CARTESIAN_POINT ( 'NONE',  ( -49.65428296086859916, -12.49999999995129940, 81.92281474144350284 ) ) ;
#796 = CARTESIAN_POINT ( 'NONE',  ( -9.826520708186860631, 4.500000000000000000, 65.07717324070611653 ) ) ;
#797 = CARTESIAN_POINT ( 'NONE',  ( -32.74177817763330012, -12.50000000002249934, 51.73608635685690160 ) ) ;
#798 = CARTESIAN_POINT ( 'NONE',  ( -93.51722772253282301, -12.50000000000000178, 75.52657587822774587 ) ) ;
#799 = CARTESIAN_POINT ( 'NONE',  ( -78.65858874932810352, 12.50000000000000000, 68.09226017693289634 ) ) ;
#800 = CARTESIAN_POINT ( 'NONE',  ( -65.02012039121510156, 12.50000000000000000, 64.17729574965089512 ) ) ;
#801 = ADVANCED_FACE ( 'NONE', ( #4155 ), #2779, .F. ) ;
#802 = CARTESIAN_POINT ( 'NONE',  ( -85.07094587862600576, -12.49999999999880096, 71.50513516744240405 ) ) ;
#803 = LINE ( 'NONE', #3233, #1725 ) ;
#804 = CARTESIAN_POINT ( 'NONE',  ( -8.300441435248179900, 10.35276144600742931, 61.42469635969759167 ) ) ;
#805 = CARTESIAN_POINT ( 'NONE',  ( -133.2849194736390075, -6.299999999999999822, 47.54227933264109396 ) ) ;
#806 = CARTESIAN_POINT ( 'NONE',  ( -75.63666725325633422, 10.60749054494414345, 93.86532744977367315 ) ) ;
#807 = CARTESIAN_POINT ( 'NONE',  ( -30.16356752794889928, -12.65000000000000036, 36.79872191474289878 ) ) ;
#808 = CARTESIAN_POINT ( 'NONE',  ( -36.98214643724667638, 1.503523064524759034, 44.54117287636762512 ) ) ;
#809 = CARTESIAN_POINT ( 'NONE',  ( -85.44854768534769107, -12.49999999995059952, 74.51269881326659572 ) ) ;
#810 = CARTESIAN_POINT ( 'NONE',  ( -35.19207433373890126, -4.943370731272556107, 37.97975402477982954 ) ) ;
#811 = CARTESIAN_POINT ( 'NONE',  ( -27.26863647344029928, -12.50000000000000000, 36.95090500070860173 ) ) ;
#812 = CARTESIAN_POINT ( 'NONE',  ( -36.43939495318328170, -1.855367666866970522, 43.76323964522399734 ) ) ;
#813 = CARTESIAN_POINT ( 'NONE',  ( -85.70778038316468894, 12.49999999999910116, 72.20731803414639671 ) ) ;
#814 = CARTESIAN_POINT ( 'NONE',  ( -61.43658289105560044, -12.49999999999409894, 86.54084029651909304 ) ) ;
#815 = CARTESIAN_POINT ( 'NONE',  ( -34.50481405078211594, 7.895099141628747930, 37.45216207046349410 ) ) ;
#816 = CARTESIAN_POINT ( 'NONE',  ( -41.60507180207939371, -12.50000000000000000, 57.31540597143519733 ) ) ;
#817 = CARTESIAN_POINT ( 'NONE',  ( -91.71334991538469694, -4.500000000000000000, 79.93324723028149492 ) ) ;
#818 = CARTESIAN_POINT ( 'NONE',  ( -70.95314280452309674, 12.50000000000000000, 65.68155298980639145 ) ) ;
#819 = CARTESIAN_POINT ( 'NONE',  ( -66.55085773239169100, 12.50000000000000000, 64.55380209374810363 ) ) ;
#820 = CARTESIAN_POINT ( 'NONE',  ( -85.02263302478829132, -12.49999999999910116, 71.46142208107619354 ) ) ;
#821 = VECTOR ( 'NONE', #3715, 1000.000000000000000 ) ;
#822 = CARTESIAN_POINT ( 'NONE',  ( -67.29116730703175620, -12.50000000000000178, 56.49394117544733263 ) ) ;
#823 = CARTESIAN_POINT ( 'NONE',  ( -9.422857827380884288, 11.22607234818463695, 60.73582010052749069 ) ) ;
#824 = CARTESIAN_POINT ( 'NONE',  ( -6.754360833654099672, -4.500000000000000000, 41.75000000000000000 ) ) ;
#825 = CARTESIAN_POINT ( 'NONE',  ( -74.13612211160993581, 12.45546503152872653, 89.42278749845381469 ) ) ;
#826 = CARTESIAN_POINT ( 'NONE',  ( -74.87264483349886746, -11.92772758933297972, 91.60507885841025200 ) ) ;
#827 = CARTESIAN_POINT ( 'NONE',  ( -36.83589705913492907, 1.615547481676153252, 44.34689109570399523 ) ) ;
#828 = CARTESIAN_POINT ( 'NONE',  ( -82.80319504613670745, -12.49999999999969980, 78.98985434927780602 ) ) ;
#829 = SURFACE_STYLE_FILL_AREA ( #2898 ) ;
#830 = CARTESIAN_POINT ( 'NONE',  ( -35.18005533133433715, -12.50000000000000355, 38.17593349485979104 ) ) ;
#831 = CARTESIAN_POINT ( 'NONE',  ( -36.93241800235105643, -1.545109203547060384, 44.47839914680818652 ) ) ;
#832 = ORIENTED_EDGE ( 'NONE', *, *, #2959, .F. ) ;
#833 = CARTESIAN_POINT ( 'NONE',  ( -85.72558881500069106, 12.49999999997669953, 72.23490530804470211 ) ) ;
#834 = CARTESIAN_POINT ( 'NONE',  ( -70.34950578376509611, -12.50000000000000000, 88.16697573659330089 ) ) ;
#835 = CARTESIAN_POINT ( 'NONE',  ( -34.93784623166324366, 6.638613822901114681, 37.74426521247205812 ) ) ;
#836 = CARTESIAN_POINT ( 'NONE',  ( -27.81763467564629977, -12.49999999999769962, 43.96484296981300588 ) ) ;
#837 = CARTESIAN_POINT ( 'NONE',  ( -77.99072910157127581, -12.50000000000000178, 95.56336846998493684 ) ) ;
#838 = ADVANCED_FACE ( 'NONE', ( #4130 ), #3096, .F. ) ;
#839 = CARTESIAN_POINT ( 'NONE',  ( -80.35101665138030569, 12.50000000000000000, 68.77236940665599718 ) ) ;
#840 = CARTESIAN_POINT ( 'NONE',  ( -67.12913660762770007, 12.49999999999949907, 64.69843116103589864 ) ) ;
#841 = CARTESIAN_POINT ( 'NONE',  ( -84.67323337925689941, -12.49999999996630073, 71.16891274994560490 ) ) ;
#842 = CARTESIAN_POINT ( 'NONE',  ( -85.82122692756601623, -12.50000000000000000, 72.40728445439319216 ) ) ;
#843 = CARTESIAN_POINT ( 'NONE',  ( -7.568815856439512046, 9.580101410012554553, 61.87560850203495733 ) ) ;
#844 = CARTESIAN_POINT ( 'NONE',  ( -27.15340525768730018, 12.50000000000000000, 40.18033408081209501 ) ) ;
#845 = CARTESIAN_POINT ( 'NONE',  ( -75.19832444820886508, 11.48180134699512145, 92.56903564253052252 ) ) ;
#846 = AXIS2_PLACEMENT_3D ( 'NONE', #3736, #1935, #199 ) ;
#847 = CARTESIAN_POINT ( 'NONE',  ( -74.86984331501390955, -11.93094243913547992, 91.59678607755735413 ) ) ;
#848 = CARTESIAN_POINT ( 'NONE',  ( -36.99100531410538650, 1.496320030401141921, 44.55266934272356849 ) ) ;
#849 = CARTESIAN_POINT ( 'NONE',  ( -81.89257209192919618, -12.49999999999899991, 80.16995523882330588 ) ) ;
#850 = CARTESIAN_POINT ( 'NONE',  ( -35.16445171308048145, -12.50000000000000355, 38.33570656837102320 ) ) ;
#851 = LINE ( 'NONE', #3281, #3362 ) ;
#852 = CARTESIAN_POINT ( 'NONE',  ( -85.83368951525081059, 12.49999999700400011, 72.43767092363090399 ) ) ;
#853 = CARTESIAN_POINT ( 'NONE',  ( -56.19832447219440041, -12.49999999995029931, 84.92789798486138864 ) ) ;
#854 = EDGE_CURVE ( 'NONE', #1613, #422, #1149, .T. ) ;
#855 = CARTESIAN_POINT ( 'NONE',  ( -37.63884929477499952, 12.50000000000000000, 73.71472993778640159 ) ) ;
#856 = CARTESIAN_POINT ( 'NONE',  ( -28.62452934800679927, -12.49999999999919886, 46.09777338862649998 ) ) ;
#857 = CARTESIAN_POINT ( 'NONE',  ( -85.85365907370270122, 12.50000000000000000, 73.08840984391430595 ) ) ;
#858 = CARTESIAN_POINT ( 'NONE',  ( -23.68281634643030031, -3.059375821630019754, 38.00000000000000000 ) ) ;
#859 = CARTESIAN_POINT ( 'NONE',  ( -85.75194693777199006, 12.50000000000000000, 72.27660855575030041 ) ) ;
#860 = CARTESIAN_POINT ( 'NONE',  ( -73.46183841640591083, 12.49999999998479971, 66.38992048999799067 ) ) ;
#861 = CARTESIAN_POINT ( 'NONE',  ( -46.09957080624329961, 12.49999999991709920, 79.77926358743960122 ) ) ;
#862 = CARTESIAN_POINT ( 'NONE',  ( -77.43304654993541192, -12.49999999999889866, 67.65298896775290416 ) ) ;
#863 = CARTESIAN_POINT ( 'NONE',  ( -90.12189535053563816, -12.50000000000000355, 65.29236871109102935 ) ) ;
#864 = CARTESIAN_POINT ( 'NONE',  ( -35.29601713610919944, 4.500000000000000000, 37.21015351511780267 ) ) ;
#865 = CARTESIAN_POINT ( 'NONE',  ( -74.34450472300808599, 12.36656637965332450, 90.04112542885984283 ) ) ;
#866 = CARTESIAN_POINT ( 'NONE',  ( -74.86796644982356952, -11.93308977730430698, 91.59123049060765709 ) ) ;
#867 = CARTESIAN_POINT ( 'NONE',  ( -36.45225738124020154, 1.849035499544704031, 43.78378782444261219 ) ) ;
#868 = CARTESIAN_POINT ( 'NONE',  ( -85.07667903898739326, -12.49999999998570033, 75.35359996774559477 ) ) ;
#869 = CARTESIAN_POINT ( 'NONE',  ( -33.78398748872220381, 9.183471221054558598, 36.91927260808139266 ) ) ;
#870 = EDGE_LOOP ( 'NONE', ( #997, #2082, #4121, #242, #313 ) ) ;
#871 = CARTESIAN_POINT ( 'NONE',  ( -85.85768623853429915, 12.49999999999420019, 73.05570972101220661 ) ) ;
#872 = B_SPLINE_CURVE_WITH_KNOTS ( 'NONE', 3,
 ( #3472, #1350, #3790, #3496, #1396, #1746, #1419, #331, #2054, #2740, #3123, #3860, #2124, #2784 ),
 .UNSPECIFIED., .F., .F.,
 ( 4, 2, 2, 2, 2, 2, 4 ),
 ( -0.1788570689924569856, -0.1549851611194759948, -0.1294893374978939860, -0.08955821729131918651, -0.05047330965392060609, -0.02418241101074550259, -8.269669060645412628E-09 ),
 .UNSPECIFIED. ) ;
#873 = CARTESIAN_POINT ( 'NONE',  ( -59.58719583519780372, -12.50000000000139977, 86.04173539881550425 ) ) ;
#874 = CARTESIAN_POINT ( 'NONE',  ( -25.77545918820650073, 12.50000000000000000, 65.20921432103600068 ) ) ;
#875 = CARTESIAN_POINT ( 'NONE',  ( -31.02705855922769729, -12.49999999998649969, 49.90384314151549461 ) ) ;
#876 = CARTESIAN_POINT ( 'NONE',  ( -93.62923863073859820, 4.500000000000000000, 75.04839897468248466 ) ) ;
#877 = ADVANCED_FACE ( 'NONE', ( #613 ), #1006, .F. ) ;
#878 = CARTESIAN_POINT ( 'NONE',  ( -21.83722406390289805, -12.50000000000000000, 38.00000000000000000 ) ) ;
#879 = CARTESIAN_POINT ( 'NONE',  ( -91.11712182726316200, 12.50000000000000178, 66.22526614572618087 ) ) ;
#880 = CARTESIAN_POINT ( 'NONE',  ( -83.93123189976780907, 12.50000000000000000, 70.63571641979029891 ) ) ;
#881 = CARTESIAN_POINT ( 'NONE',  ( -44.85643576841199831, 12.50000000000710010, 78.95775789674229372 ) ) ;
#882 = CARTESIAN_POINT ( 'NONE',  ( -82.45042547237710551, -12.49999999999559996, 69.76702105435900592 ) ) ;
#883 = CARTESIAN_POINT ( 'NONE',  ( -93.33642296708289621, -12.50000000000000178, 69.64610966217357202 ) ) ;
#884 = CARTESIAN_POINT ( 'NONE',  ( -27.25806282053400054, 12.50000000000000000, 37.03786845427269725 ) ) ;
#885 = CARTESIAN_POINT ( 'NONE',  ( -7.104991500900061041, -5.862363810020480237, 41.75000000000000000 ) ) ;
#886 = CARTESIAN_POINT ( 'NONE',  ( -6.484523581325490227, -4.500000000000000000, 63.36175080416150962 ) ) ;
#887 = EDGE_CURVE ( 'NONE', #3541, #2750, #2436, .T. ) ;
#888 = CARTESIAN_POINT ( 'NONE',  ( -76.61933885537760602, -4.500000000000000000, 96.76816716052309175 ) ) ;
#889 = CARTESIAN_POINT ( 'NONE',  ( -6.136958987423232870, -7.032367425013896778, 41.14056732044739562 ) ) ;
#890 = CARTESIAN_POINT ( 'NONE',  ( -37.59565909912524972, 0.8300050419324640494, 45.26961293092547578 ) ) ;
#891 = CARTESIAN_POINT ( 'NONE',  ( -82.48952710024509827, -12.49999999999960032, 79.40828020686089417 ) ) ;
#892 = CARTESIAN_POINT ( 'NONE',  ( -37.18530945523180975, -1.323889683326695099, 44.79695638272192326 ) ) ;
#893 = ORIENTED_EDGE ( 'NONE', *, *, #1218, .T. ) ;
#894 = ORIENTED_EDGE ( 'NONE', *, *, #4072, .T. ) ;
#895 = CARTESIAN_POINT ( 'NONE',  ( -85.83704976956190080, 12.49999999999620037, 73.19413714377849089 ) ) ;
#896 = CARTESIAN_POINT ( 'NONE',  ( -60.74000810933970484, -12.49999999999919886, 86.35941880769310330 ) ) ;
#897 = CARTESIAN_POINT ( 'NONE',  ( -43.51767559766449978, 12.50000000000000000, 78.04009024234059666 ) ) ;
#898 = CARTESIAN_POINT ( 'NONE',  ( -30.72317971372319789, -12.49999999993580069, 49.53041112664139689 ) ) ;
#899 = CARTESIAN_POINT ( 'NONE',  ( -24.52396913087750363, 0.000000000000000000, 40.26312671901922613 ) ) ;
#900 = CARTESIAN_POINT ( 'NONE',  ( -93.68026175809870892, 4.500000000000000000, 70.83061108989920740 ) ) ;
#901 = CARTESIAN_POINT ( 'NONE',  ( -74.38667355016100657, -12.50000000000000000, 88.03658623449869935 ) ) ;
#902 = ORIENTED_EDGE ( 'NONE', *, *, #2715, .T. ) ;
#903 = CARTESIAN_POINT ( 'NONE',  ( -75.62546471464000319, 12.49999999999830003, 67.05017267646989865 ) ) ;
#904 = CARTESIAN_POINT ( 'NONE',  ( -53.68652909327249745, 12.49999999829629971, 83.91959837583328863 ) ) ;
#905 = CARTESIAN_POINT ( 'NONE',  ( -84.32341379218540567, -12.49999999997039879, 70.90689527234469836 ) ) ;
#906 = CARTESIAN_POINT ( 'NONE',  ( -91.11683696263619936, -4.500000000000000000, 66.22497132138180120 ) ) ;
#907 = CARTESIAN_POINT ( 'NONE',  ( -23.43149637745720071, 4.632813297492550220, 37.94975921711100142 ) ) ;
#908 = CARTESIAN_POINT ( 'NONE',  ( -28.59021814017749819, 12.49999999999939959, 46.02277804556860019 ) ) ;
#909 = CARTESIAN_POINT ( 'NONE',  ( -8.965967427613890095, -12.50000000000000000, 55.66410199566929862 ) ) ;
#910 = CARTESIAN_POINT ( 'NONE',  ( -75.76961107737011503, -10.26057764166515796, 94.25819312907664482 ) ) ;
#911 = VECTOR ( 'NONE', #92, 1000.000000000000000 ) ;
#912 = CARTESIAN_POINT ( 'NONE',  ( -5.679204703702588120, -5.259906730017942067, 39.89583392474408186 ) ) ;
#913 = CARTESIAN_POINT ( 'NONE',  ( -67.95257282797659570, -12.50000000000000000, 87.84901644828399014 ) ) ;
#914 = CARTESIAN_POINT ( 'NONE',  ( -13.75436083365409878, -12.50000000000000000, 58.10893069650659726 ) ) ;
#915 = CARTESIAN_POINT ( 'NONE',  ( -85.74162279162430877, -12.50000000000030020, 73.63282427192410751 ) ) ;
#916 = CARTESIAN_POINT ( 'NONE',  ( -7.944885814342973696, 10.00000000000000000, 60.79638613512148737 ) ) ;
#917 = ORIENTED_EDGE ( 'NONE', *, *, #4134, .T. ) ;
#918 = CARTESIAN_POINT ( 'NONE',  ( -35.36440160856870563, -12.50000000000000178, 41.25280876321100010 ) ) ;
#919 = ORIENTED_EDGE ( 'NONE', *, *, #2029, .T. ) ;
#920 = CARTESIAN_POINT ( 'NONE',  ( -85.75780839196990257, 12.49999999999340083, 73.56856414475170425 ) ) ;
#921 = EDGE_CURVE ( 'NONE', #260, #4041, #1856, .T. ) ;
#922 = FACE_OUTER_BOUND ( 'NONE', #3243, .T. ) ;
#923 = CARTESIAN_POINT ( 'NONE',  ( -28.24612694207890229, -12.50000000000040146, 45.22475043727639843 ) ) ;
#924 = CARTESIAN_POINT ( 'NONE',  ( -10.65206074382847845, -11.87450810428673442, 59.98524733710164725 ) ) ;
#925 = CARTESIAN_POINT ( 'NONE',  ( -93.85662314250659222, 12.50000000000000178, 73.45556247170314634 ) ) ;
#926 = CARTESIAN_POINT ( 'NONE',  ( -6.398934262654453420, -6.311739738660807397, 41.93133193793772051 ) ) ;
#927 = ORIENTED_EDGE ( 'NONE', *, *, #3007, .T. ) ;
#928 = CARTESIAN_POINT ( 'NONE',  ( -83.37895241182430084, 12.49999999999209876, 70.28802765983910206 ) ) ;
#929 = AXIS2_PLACEMENT_3D ( 'NONE', #3073, #4465, #1959 ) ;
#930 = CARTESIAN_POINT ( 'NONE',  ( -53.13415927902580194, 12.49999999531129902, 83.67308517311259664 ) ) ;
#931 = CARTESIAN_POINT ( 'NONE',  ( -83.78527282687070965, -12.49999999999930012, 70.54109654262329343 ) ) ;
#932 = CARTESIAN_POINT ( 'NONE',  ( -87.66167892294919284, -4.500000000000000000, 63.52694729057180467 ) ) ;
#933 = CARTESIAN_POINT ( 'NONE',  ( -35.26547376007290069, 4.500000000000000000, 37.46140691432790248 ) ) ;
#934 = CARTESIAN_POINT ( 'NONE',  ( -29.30298193965279907, 12.49999999999969980, 47.41505592740910657 ) ) ;
#935 = CARTESIAN_POINT ( 'NONE',  ( -76.38309444152623939, 7.730495763986078295, 96.07066556290237713 ) ) ;
#936 = CARTESIAN_POINT ( 'NONE',  ( -29.02383503101487960, -12.30691047243830738, 37.00329124331085495 ) ) ;
#937 = CARTESIAN_POINT ( 'NONE',  ( -25.77545918820650073, -12.50000000000000000, 65.20921432103600068 ) ) ;
#938 = CARTESIAN_POINT ( 'NONE',  ( -80.82337205285891457, -4.499999999999999112, 93.00640727510746331 ) ) ;
#939 = CARTESIAN_POINT ( 'NONE',  ( -85.85322572628808757, -12.49999999999439915, 73.08815271016671034 ) ) ;
#940 = CARTESIAN_POINT ( 'NONE',  ( -34.31677558475829670, 8.330839986566129340, 37.10029354652129996 ) ) ;
#941 = ORIENTED_EDGE ( 'NONE', *, *, #3782, .F. ) ;
#942 = ORIENTED_EDGE ( 'NONE', *, *, #1744, .F. ) ;
#943 = CARTESIAN_POINT ( 'NONE',  ( -41.36647572838390374, -12.50000000000000000, 57.24714162137030371 ) ) ;
#944 = CARTESIAN_POINT ( 'NONE',  ( -85.87122380102128716, 12.49999999997979927, 72.59778937017820510 ) ) ;
#945 = B_SPLINE_SURFACE_WITH_KNOTS ( 'NONE', 3, 1, ( 
 ( #55, #3840 ),
 ( #721, #3567 ),
 ( #2854, #2105 ),
 ( #2533, #3929 ),
 ( #807, #3586 ),
 ( #1854, #76 ),
 ( #3237, #470 ),
 ( #2833, #447 ),
 ( #1448, #4250 ),
 ( #3499, #382 ),
 ( #3151, #2149 ),
 ( #1122, #31 ) ),
 .UNSPECIFIED., .F., .F., .F.,
 ( 4, 1, 1, 1, 1, 1, 1, 1, 1, 4 ),
 ( 2, 2 ),
 ( 0.000000000000000000, 0.1524907320282259948, 0.1906134150352830070, 0.2287360980423389922, 0.3049814640564529888, 0.3812268300705660140, 0.4193495130776220270, 0.4574721960846789837, 0.5337175620987919533, 0.6099629281129049785 ),
 ( 0.000000000000000000, 3.036000000000000032 ),
 .UNSPECIFIED. ) ;
#946 = LINE ( 'NONE', #3379, #1620 ) ;
#947 = CARTESIAN_POINT ( 'NONE',  ( -34.39603529685822991, -8.131705858133482678, 37.39029134916022912 ) ) ;
#948 = CARTESIAN_POINT ( 'NONE',  ( -12.40162622783465451, -12.38560039283177971, 58.92396027897965638 ) ) ;
#949 =( BOUNDED_CURVE ( )  B_SPLINE_CURVE ( 3, ( #916, #510, #1938, #2301 ),
 .UNSPECIFIED., .F., .T. ) 
 B_SPLINE_CURVE_WITH_KNOTS ( ( 4, 4 ),
 ( 2.383551888163557564, 3.141592653589793116 ),
 .UNSPECIFIED. ) 
 CURVE ( )  GEOMETRIC_REPRESENTATION_ITEM ( )  RATIONAL_B_SPLINE_CURVE ( ( 1.000000000000000000, 0.9526850333505351154, 0.9526850333505351154, 1.000000000000000000 ) ) 
 REPRESENTATION_ITEM ( '' )  );
#950 = CARTESIAN_POINT ( 'NONE',  ( -92.77500130020131053, 4.500000000000000000, 77.74300317553350226 ) ) ;
#951 = CARTESIAN_POINT ( 'NONE',  ( -6.895054377438449400, -5.896393539521859850, 41.75000000000000000 ) ) ;
#952 = EDGE_LOOP ( 'NONE', ( #917, #1377, #3109, #1730, #554, #3088 ) ) ;
#953 = CARTESIAN_POINT ( 'NONE',  ( -82.22013449661571372, 12.49999999998519939, 69.64565925338250452 ) ) ;
#954 = DIRECTION ( 'NONE',  ( 1.000000000000000000, 0.000000000000000000, 0.000000000000000000 ) ) ;
#955 = CARTESIAN_POINT ( 'NONE',  ( -61.43658289105560044, 12.49999999999409894, 86.54084029651909304 ) ) ;
#956 = CARTESIAN_POINT ( 'NONE',  ( -45.33221739324999788, -12.49999999990610000, 58.79348977353240002 ) ) ;
#957 = CARTESIAN_POINT ( 'NONE',  ( -5.754360833654099672, 4.500000000000000000, 63.00000000000000000 ) ) ;
#958 = CARTESIAN_POINT ( 'NONE',  ( -93.59597911349553101, -12.50000000000000000, 70.47591278382506630 ) ) ;
#959 = CARTESIAN_POINT ( 'NONE',  ( -35.18002084615949343, 12.50000000000000178, 38.17626313352698730 ) ) ;
#960 = CARTESIAN_POINT ( 'NONE',  ( -28.62468130167900071, 12.49999999999919886, 46.09810419484239929 ) ) ;
#961 = CARTESIAN_POINT ( 'NONE',  ( -76.61933885538631728, 4.500000000000000000, 96.76816716052469758 ) ) ;
#962 = CARTESIAN_POINT ( 'NONE',  ( -33.38881724006765239, -9.712313466056306410, 36.95756956053453735 ) ) ;
#963 = CARTESIAN_POINT ( 'NONE',  ( -46.19504119800549802, -12.50000000000000000, 79.87529988345609411 ) ) ;
#964 = CARTESIAN_POINT ( 'NONE',  ( -37.85162628727189116, 0.06540709697343588536, 45.53986103558571585 ) ) ;
#965 = CARTESIAN_POINT ( 'NONE',  ( -5.939996648289103121, 6.253316009316738366, 38.89107153905623449 ) ) ;
#966 = ORIENTED_EDGE ( 'NONE', *, *, #2045, .F. ) ;
#967 = VERTEX_POINT ( 'NONE', #3832 ) ;
#968 = CARTESIAN_POINT ( 'NONE',  ( -28.12070362577090066, -12.50000000000000000, 44.91844261608799371 ) ) ;
#969 = CARTESIAN_POINT ( 'NONE',  ( -85.86696833079489011, 12.49999999997850075, 72.56493388420609847 ) ) ;
#970 = CARTESIAN_POINT ( 'NONE',  ( -87.66189335268109062, 4.500000000000000000, 63.52707821621179818 ) ) ;
#971 = CARTESIAN_POINT ( 'NONE',  ( -27.86045306764120255, -3.088542123127790084, 37.25894308862240223 ) ) ;
#972 = EDGE_CURVE ( 'NONE', #3773, #3671, #712, .T. ) ;
#973 = CARTESIAN_POINT ( 'NONE',  ( -27.18967557923469869, -12.49999999999949907, 40.68821779918970094 ) ) ;
#974 = CARTESIAN_POINT ( 'NONE',  ( -10.86186985187255694, -11.95878954251922544, 59.85756372169490902 ) ) ;
#975 = CARTESIAN_POINT ( 'NONE',  ( -72.19019938581598694, 12.50000000000000000, 90.01393148154279800 ) ) ;
#976 = CARTESIAN_POINT ( 'NONE',  ( -6.326411828176123464, -7.455210119563992599, 42.62905517370575126 ) ) ;
#977 = CARTESIAN_POINT ( 'NONE',  ( -88.52587510134856075, -10.00000000000001421, 80.95983979430843647 ) ) ;
#978 = CARTESIAN_POINT ( 'NONE',  ( -79.38599575679799614, 12.49999999999480060, 68.37777100510720629 ) ) ;
#979 = CARTESIAN_POINT ( 'NONE',  ( -28.38105700800340259, 12.49999999983210053, 66.99287832757771355 ) ) ;
#980 = CARTESIAN_POINT ( 'NONE',  ( -72.36005863703420005, -12.49999999999969980, 66.07474754089031421 ) ) ;
#981 = CARTESIAN_POINT ( 'NONE',  ( -5.871872862025630191, -5.866142651248370754, 37.99999999994489741 ) ) ;
#982 = CARTESIAN_POINT ( 'NONE',  ( -30.61648450559086143, 11.79530395633480389, 36.74570223808527913 ) ) ;
#983 = CARTESIAN_POINT ( 'NONE',  ( -93.71645894228112184, -12.50000000000000355, 74.59573624582831997 ) ) ;
#984 = CARTESIAN_POINT ( 'NONE',  ( -40.34335786250159828, 4.500000000000000000, 47.59680386397509722 ) ) ;
#985 = CARTESIAN_POINT ( 'NONE',  ( -30.11284281443399991, 12.50000000000000000, 48.69703342781150468 ) ) ;
#986 = CARTESIAN_POINT ( 'NONE',  ( -76.38746423877618952, 7.701813019291869900, 96.08356494407526327 ) ) ;
#987 = CARTESIAN_POINT ( 'NONE',  ( -33.59073847723369965, -9.461888687076051241, 37.02390418425714103 ) ) ;
#988 = CARTESIAN_POINT ( 'NONE',  ( -18.14088904965819182, -12.50000000000000178, 69.83615811504076021 ) ) ;
#989 = CARTESIAN_POINT ( 'NONE',  ( -5.754360833654099672, 4.500000000000000000, 63.00000000000000000 ) ) ;
#990 = CARTESIAN_POINT ( 'NONE',  ( -15.51664864783220033, 4.500000000000000000, 68.25802035811518920 ) ) ;
#991 = CARTESIAN_POINT ( 'NONE',  ( -6.925593699219739996, 6.038811033860469912, 41.75000000000000000 ) ) ;
#992 = ORIENTED_EDGE ( 'NONE', *, *, #2603, .T. ) ;
#993 = VERTEX_POINT ( 'NONE', #690 ) ;
#994 = CARTESIAN_POINT ( 'NONE',  ( -27.14300408042939594, -12.50000000000000000, 40.09060225805410482 ) ) ;
#995 = CARTESIAN_POINT ( 'NONE',  ( -82.80491968959179871, 12.49999999999969980, 78.98752669697249473 ) ) ;
#996 = CARTESIAN_POINT ( 'NONE',  ( -90.12214129708706878, 12.50000000000000178, 65.29257863969372977 ) ) ;
#997 = ORIENTED_EDGE ( 'NONE', *, *, #499, .F. ) ;
#998 = LINE ( 'NONE', #657, #1248 ) ;
#999 = CARTESIAN_POINT ( 'NONE',  ( -27.26165274314610087, -12.49999999999960032, 41.36305668867159824 ) ) ;
#1000 = CARTESIAN_POINT ( 'NONE',  ( -11.95876340175513519, -12.29616148871476966, 59.19179835789001487 ) ) ;
#1001 = CARTESIAN_POINT ( 'NONE',  ( -83.69552305806499248, 12.50000000000000000, 77.73084003028709787 ) ) ;
#1002 = AXIS2_PLACEMENT_3D ( 'NONE', #1012, #2809, #761 ) ;
#1003 = ORIENTED_EDGE ( 'NONE', *, *, #1469, .T. ) ;
#1004 = CARTESIAN_POINT ( 'NONE',  ( -33.12012541671009558, 12.50000000000000000, 70.35675980207449243 ) ) ;
#1005 = CARTESIAN_POINT ( 'NONE',  ( -54.88627229236570315, -12.49999999998770051, 61.67541132290520522 ) ) ;
#1006 = PLANE ( 'NONE',  #479 ) ;
#1007 = CARTESIAN_POINT ( 'NONE',  ( -27.85522515546145783, 12.50000000000000000, 37.26061005452961439 ) ) ;
#1008 = CARTESIAN_POINT ( 'NONE',  ( -93.82192297113149948, -4.500000000000000000, 73.84009074312709231 ) ) ;
#1009 = CARTESIAN_POINT ( 'NONE',  ( -35.36447088635959801, 4.500000000000000000, 41.25309221433900575 ) ) ;
#1010 = CARTESIAN_POINT ( 'NONE',  ( -38.89386157631210494, 12.49999999990519939, 56.01384833941120434 ) ) ;
#1011 = CARTESIAN_POINT ( 'NONE',  ( -11.51894288516430009, -4.500000000000000000, 65.98589240764479769 ) ) ;
#1012 = CARTESIAN_POINT ( 'NONE',  ( 14.35328174760400088, -24.00002500000000083, 38.00000000000000000 ) ) ;
#1013 = CARTESIAN_POINT ( 'NONE',  ( -61.90280957217572677, -12.50000000000000355, 94.87321032430034506 ) ) ;
#1014 = CARTESIAN_POINT ( 'NONE',  ( -58.32087341516860590, 4.500000000000000000, 94.00494608502590665 ) ) ;
#1015 = CARTESIAN_POINT ( 'NONE',  ( -91.54464093656447687, 9.232512033032371335, 76.68395327327898769 ) ) ;
#1016 = ORIENTED_EDGE ( 'NONE', *, *, #1232, .F. ) ;
#1017 = CARTESIAN_POINT ( 'NONE',  ( -36.49311562546989052, -12.50000000000000355, 43.85399417295089819 ) ) ;
#1018 = CARTESIAN_POINT ( 'NONE',  ( -84.75323072555160309, 12.49999999999779909, 75.98296660300358951 ) ) ;
#1019 = CARTESIAN_POINT ( 'NONE',  ( -91.93397912996019272, 4.500000000000000000, 67.16960260243509140 ) ) ;
#1020 = PLANE ( 'NONE',  #2056 ) ;
#1021 = CARTESIAN_POINT ( 'NONE',  ( -27.17600262814319834, -12.49999999999960032, 40.52313412566899586 ) ) ;
#1022 = CARTESIAN_POINT ( 'NONE',  ( -12.23181033180746269, -12.35381188942085906, 59.02662954298696008 ) ) ;
#1023 = CARTESIAN_POINT ( 'NONE',  ( -77.48194450687880419, 12.50000000000000178, 96.01375107171787704 ) ) ;
#1024 = CARTESIAN_POINT ( 'NONE',  ( -6.328300624055139600, 7.311292772670897833, 42.40878342510460897 ) ) ;
#1025 = CARTESIAN_POINT ( 'NONE',  ( -16.77387345285750087, 12.50000000000350120, 59.75639647531129839 ) ) ;
#1026 = CARTESIAN_POINT ( 'NONE',  ( -64.27383778382260004, -12.50000000000000000, 63.99539866175760494 ) ) ;
#1027 = CARTESIAN_POINT ( 'NONE',  ( -6.519616362874959492, -4.695497269936519835, 38.00000000000000000 ) ) ;
#1028 = CARTESIAN_POINT ( 'NONE',  ( -73.83688604734400940, 12.50000000000000000, 88.53673832600750870 ) ) ;
#1029 = CARTESIAN_POINT ( 'NONE',  ( -36.19898544664621198, 12.50000000000000178, 43.37280616631512231 ) ) ;
#1030 = CARTESIAN_POINT ( 'NONE',  ( -32.95406198767010153, 12.49999999993920063, 51.93047761433449239 ) ) ;
#1031 = CARTESIAN_POINT ( 'NONE',  ( -85.80201593042929176, -12.49999999999490008, 73.37816643321529853 ) ) ;
#1032 = DIRECTION ( 'NONE',  ( -0.9510565162951520879, 0.000000000000000000, 0.3090169943749520032 ) ) ;
#1033 = CARTESIAN_POINT ( 'NONE',  ( -76.66770896821441283, -12.50000000000000000, 88.75511555584039058 ) ) ;
#1034 = ADVANCED_FACE ( 'NONE', ( #248 ), #3601, .T. ) ;
#1035 = CARTESIAN_POINT ( 'NONE',  ( -75.71706221516041069, 4.500000000000000000, 96.70948998569380706 ) ) ;
#1036 = CARTESIAN_POINT ( 'NONE',  ( -6.165529657794150076, 7.032413418728444832, 40.78582273258952284 ) ) ;
#1037 = ORIENTED_EDGE ( 'NONE', *, *, #3389, .T. ) ;
#1038 = CARTESIAN_POINT ( 'NONE',  ( -53.24475473131059999, -12.50000000000000000, 61.24697183996140382 ) ) ;
#1039 = CARTESIAN_POINT ( 'NONE',  ( -84.21772396350739598, 12.49999999997639932, 76.91076203048409354 ) ) ;
#1040 = CARTESIAN_POINT ( 'NONE',  ( -6.520799864395432799, -8.495783317895970299, 45.36889291657452361 ) ) ;
#1041 = CIRCLE ( 'NONE', #3219, 7.000000000000000000 ) ;
#1042 = CARTESIAN_POINT ( 'NONE',  ( -34.14457649033955278, -8.611667152790467128, 37.26419636580667571 ) ) ;
#1043 = FILL_AREA_STYLE ('',( #2517 ) ) ;
#1044 = CARTESIAN_POINT ( 'NONE',  ( -77.07337210008849127, 4.500000000000000000, 96.37243252404209670 ) ) ;
#1045 = CARTESIAN_POINT ( 'NONE',  ( -6.335384225039819128, 6.802203682085717240, 42.10949387156367862 ) ) ;
#1046 = DIRECTION ( 'NONE',  ( 1.000000000000000000, 0.000000000000000000, 0.000000000000000000 ) ) ;
#1047 = CARTESIAN_POINT ( 'NONE',  ( -63.63315549743800403, -12.50000000000000000, 63.83947560857920678 ) ) ;
#1048 = DIRECTION ( 'NONE',  ( 0.3780364226365876545, 0.000000000000000000, 0.9257907231983539820 ) ) ;
#1049 = CARTESIAN_POINT ( 'NONE',  ( -70.09089625357479747, 12.50000000000000000, 88.13493048419600484 ) ) ;
#1050 = CARTESIAN_POINT ( 'NONE',  ( -35.12878923664139563, 12.50000000000000178, 38.86109753051192683 ) ) ;
#1051 = CARTESIAN_POINT ( 'NONE',  ( -39.05660555882069929, 12.49999999984849985, 56.09848612999289230 ) ) ;
#1052 = CARTESIAN_POINT ( 'NONE',  ( -85.87632617163819759, -12.49999999990569854, 72.65504298030928965 ) ) ;
#1053 = CARTESIAN_POINT ( 'NONE',  ( -27.09295661340599892, 4.632813184691680242, 37.94999999999999574 ) ) ;
#1054 = CARTESIAN_POINT ( 'NONE',  ( -76.41038238348161826, -12.50000000000000178, 96.75512129297801778 ) ) ;
#1055 = CARTESIAN_POINT ( 'NONE',  ( -77.32165927004059824, 12.50000000000000000, 88.79635982147699735 ) ) ;
#1056 = VECTOR ( 'NONE', #1367, 1000.000000000000000 ) ;
#1057 = CARTESIAN_POINT ( 'NONE',  ( -82.17315569055834601, 7.012769191005264524, 91.10668078310040130 ) ) ;
#1058 = VERTEX_POINT ( 'NONE', #3026 ) ;
#1059 = CARTESIAN_POINT ( 'NONE',  ( -81.47378521523600625, -4.500000000000000000, 60.60303146640549699 ) ) ;
#1060 = CARTESIAN_POINT ( 'NONE',  ( -82.05441085222710740, 12.49999999999779909, 79.96759880490910177 ) ) ;
#1061 = ORIENTED_EDGE ( 'NONE', *, *, #1395, .T. ) ;
#1062 = CARTESIAN_POINT ( 'NONE',  ( -22.49674790844339611, -4.641110582124759354, 37.99137520751359887 ) ) ;
#1063 =( LENGTH_UNIT ( ) NAMED_UNIT ( * ) SI_UNIT ( .MILLI., .METRE. ) );
#1064 = CARTESIAN_POINT ( 'NONE',  ( -35.29608786400890352, -4.500000000000000000, 37.20957170620609844 ) ) ;
#1065 = CARTESIAN_POINT ( 'NONE',  ( -91.71326448025408240, 4.500000000000000000, 79.93340247662871434 ) ) ;
#1066 = CARTESIAN_POINT ( 'NONE',  ( -6.854765038398404009, 6.059831541775180241, 41.74999999986388133 ) ) ;
#1067 = CARTESIAN_POINT ( 'NONE',  ( -47.39321139503489633, -12.49999999985080024, 80.60701143298270210 ) ) ;
#1068 = CARTESIAN_POINT ( 'NONE',  ( -26.64088733224210159, 12.49999999891169900, 65.80985382028680419 ) ) ;
#1069 = CARTESIAN_POINT ( 'NONE',  ( -44.74742705794450615, -12.49999999993089972, 58.58091822291789441 ) ) ;
#1070 = CARTESIAN_POINT ( 'NONE',  ( -89.22730055100889501, -12.50000000000000178, 83.76329018932561610 ) ) ;
#1071 = CARTESIAN_POINT ( 'NONE',  ( -30.31920854530040543, 11.92008875743580631, 36.78039910326708650 ) ) ;
#1072 = CARTESIAN_POINT ( 'NONE',  ( -35.16480769159976916, 12.50000000000000355, 40.07500280831591510 ) ) ;
#1073 = CARTESIAN_POINT ( 'NONE',  ( -36.09614116209419876, 12.49999999999910116, 54.36884549151959334 ) ) ;
#1074 = CARTESIAN_POINT ( 'NONE',  ( -85.86864855149640618, -12.49999999998889955, 72.95751613559518489 ) ) ;
#1075 = ORIENTED_EDGE ( 'NONE', *, *, #2857, .T. ) ;
#1076 = LINE ( 'NONE', #4182, #1570 ) ;
#1077 = CARTESIAN_POINT ( 'NONE',  ( -6.754360833654099672, -5.862361807952879644, 42.75000000000000000 ) ) ;
#1078 = CARTESIAN_POINT ( 'NONE',  ( -90.92515192551172731, 10.00000000000000000, 76.45578978963955308 ) ) ;
#1079 = DIRECTION ( 'NONE',  ( -0.3090169943749528914, 0.000000000000000000, -0.9510565162951518658 ) ) ;
#1080 = EDGE_LOOP ( 'NONE', ( #532, #1576, #3132, #4301 ) ) ;
#1081 = CARTESIAN_POINT ( 'NONE',  ( -65.39368157042619600, -12.50000000000000000, 64.26569661184861104 ) ) ;
#1082 = CARTESIAN_POINT ( 'NONE',  ( -83.64532001095550129, 12.49999999998259881, 77.79934125566990133 ) ) ;
#1083 = CARTESIAN_POINT ( 'NONE',  ( -75.81421971726520326, -12.50000000000000000, 86.68997927898709577 ) ) ;
#1084 = CARTESIAN_POINT ( 'NONE',  ( -35.19635190581309558, -5.020073313091280021, 37.10029354652129996 ) ) ;
#1085 = CARTESIAN_POINT ( 'NONE',  ( -35.71541735340394297, -1.963237016939870516, 42.34138253126968721 ) ) ;
#1086 = CARTESIAN_POINT ( 'NONE',  ( -6.925593699219739996, 6.038811033860469912, 41.75000000000000000 ) ) ;
#1087 = CARTESIAN_POINT ( 'NONE',  ( -15.35581672870360137, -12.50000000000000000, 58.97301096414369681 ) ) ;
#1088 = CARTESIAN_POINT ( 'NONE',  ( -9.466234237762240156, 12.50000000000000000, 55.91056659366540060 ) ) ;
#1089 = CARTESIAN_POINT ( 'NONE',  ( -41.94470799001680206, -12.50000000000000000, 57.46295847713790295 ) ) ;
#1090 = CARTESIAN_POINT ( 'NONE',  ( -92.98884401050385407, -12.50000000000000355, 77.20009443574386410 ) ) ;
#1091 = CARTESIAN_POINT ( 'NONE',  ( -26.41181053703694559, -2.200000000000000178, 38.56330668192033073 ) ) ;
#1092 = CARTESIAN_POINT ( 'NONE',  ( -80.06917367756147996, 12.50000000000000355, 60.09174091094272541 ) ) ;
#1093 = CARTESIAN_POINT ( 'NONE',  ( -31.92746660609200404, 12.50000000000000000, 50.92067265532280373 ) ) ;
#1094 = CARTESIAN_POINT ( 'NONE',  ( -85.26085528086929344, -12.50000000000000000, 71.68392968025480627 ) ) ;
#1095 = ORIENTED_EDGE ( 'NONE', *, *, #3320, .T. ) ;
#1096 = CARTESIAN_POINT ( 'NONE',  ( -5.833410472140820424, 5.629605153381658234, 62.95100393398752914 ) ) ;
#1097 = CARTESIAN_POINT ( 'NONE',  ( -92.98076800796889074, -4.499999999999999112, 77.21289204332060763 ) ) ;
#1098 = CARTESIAN_POINT ( 'NONE',  ( -5.963950756927522079, 6.464120846539602283, 39.40368585338790552 ) ) ;
#1099 = DIRECTION ( 'NONE',  ( -0.000000000000000000, -0.000000000000000000, -1.000000000000000000 ) ) ;
#1100 = CARTESIAN_POINT ( 'NONE',  ( -56.27187990779790283, -12.50000000000000000, 62.03774679817439619 ) ) ;
#1101 = CARTESIAN_POINT ( 'NONE',  ( -76.61898936719589415, 12.50000000000000000, 85.91019379993429084 ) ) ;
#1102 = EDGE_CURVE ( 'NONE', #2165, #2599, #272, .T. ) ;
#1103 = CARTESIAN_POINT ( 'NONE',  ( -5.754360833654098784, -4.500000000000000000, 45.08660639311544571 ) ) ;
#1104 = CARTESIAN_POINT ( 'NONE',  ( -34.40854006436540402, -8.179729648874857872, 36.91275821386449962 ) ) ;
#1105 = CARTESIAN_POINT ( 'NONE',  ( -35.45879320733833140, -1.732074028484691830, 41.59751082537537314 ) ) ;
#1106 = ADVANCED_FACE ( 'NONE', ( #1295 ), #1691, .F. ) ;
#1107 = CARTESIAN_POINT ( 'NONE',  ( -45.53102254422459794, -12.49999999996389910, 79.40471730019218910 ) ) ;
#1108 = CARTESIAN_POINT ( 'NONE',  ( -8.461826075181807738, 12.50000000000000178, 64.36478362750884230 ) ) ;
#1109 = CARTESIAN_POINT ( 'NONE',  ( -35.28946761930630061, -12.49999999990250110, 53.81471257368529848 ) ) ;
#1110 = CARTESIAN_POINT ( 'NONE',  ( -85.06122848613068754, -12.50000000000000000, 75.38916253704360315 ) ) ;
#1111 = CARTESIAN_POINT ( 'NONE',  ( -35.53839068381501676, 1.837844855524620513, 41.85254004082651846 ) ) ;
#1112 = CARTESIAN_POINT ( 'NONE',  ( -42.70165166030719917, 4.500000000000000000, 48.99957081015200089 ) ) ;
#1113 = CARTESIAN_POINT ( 'NONE',  ( -69.97698621876300251, 12.50000000000000000, 65.42800144416011676 ) ) ;
#1114 = CARTESIAN_POINT ( 'NONE',  ( -85.80733952043608781, -12.49999999739149992, 72.37758539758810628 ) ) ;
#1115 = CARTESIAN_POINT ( 'NONE',  ( -8.256328064603927430, -10.31136151760763120, 61.45183941467651323 ) ) ;
#1116 = ORIENTED_EDGE ( 'NONE', *, *, #1102, .F. ) ;
#1117 = CARTESIAN_POINT ( 'NONE',  ( -10.34590651094323022, 11.73878105910830350, 60.17203860634744927 ) ) ;
#1118 = CARTESIAN_POINT ( 'NONE',  ( -74.32591774599430323, -4.500000000000000000, 96.60750706847569802 ) ) ;
#1119 = EDGE_CURVE ( 'NONE', #1241, #1809, #2305, .T. ) ;
#1120 = CARTESIAN_POINT ( 'NONE',  ( -5.768217013651376845, 5.994465000020737122, 41.73461585520272621 ) ) ;
#1121 =( BOUNDED_CURVE ( )  B_SPLINE_CURVE ( 3, ( #365, #1040, #4213, #1103 ),
 .UNSPECIFIED., .F., .T. ) 
 B_SPLINE_CURVE_WITH_KNOTS ( ( 4, 4 ),
 ( 5.525144541753349792, 6.283185307179586232 ),
 .UNSPECIFIED. ) 
 CURVE ( )  GEOMETRIC_REPRESENTATION_ITEM ( )  RATIONAL_B_SPLINE_CURVE ( ( 1.000000000000000000, 0.9526850333505351154, 0.9526850333505351154, 1.000000000000000000 ) ) 
 REPRESENTATION_ITEM ( '' )  );
#1122 = CARTESIAN_POINT ( 'NONE',  ( -33.78394474472929687, -12.65000000000000036, 37.10029354852500205 ) ) ;
#1123 = CARTESIAN_POINT ( 'NONE',  ( -76.18460887624100053, 12.50000000000000000, 86.33377872904239325 ) ) ;
#1124 = CARTESIAN_POINT ( 'NONE',  ( -80.89960012800219147, -12.49999999999949907, 81.36821255258219310 ) ) ;
#1125 = CARTESIAN_POINT ( 'NONE',  ( -35.20000000000000284, -4.600780098470020008, 37.99473495984909732 ) ) ;
#1126 = CARTESIAN_POINT ( 'NONE',  ( -36.71187033221617213, -1.700720643761207240, 44.17317781195310289 ) ) ;
#1127 = EDGE_CURVE ( 'NONE', #2256, #3084, #3823, .T. ) ;
#1128 = CARTESIAN_POINT ( 'NONE',  ( -85.52883830009720612, 12.49999999948260054, 71.97223746961299184 ) ) ;
#1129 = CARTESIAN_POINT ( 'NONE',  ( -21.35041389754429630, -12.49999999817840113, 62.43588849982770483 ) ) ;
#1130 = FACE_OUTER_BOUND ( 'NONE', #2033, .T. ) ;
#1131 = CARTESIAN_POINT ( 'NONE',  ( -44.34783129245889910, -12.49999999998179945, 58.43081425435079979 ) ) ;
#1132 = AXIS2_PLACEMENT_3D ( 'NONE', #2799, #3509, #390 ) ;
#1133 = CARTESIAN_POINT ( 'NONE',  ( -93.27954841049213996, -12.50000000000000711, 76.35862631572643977 ) ) ;
#1134 = CARTESIAN_POINT ( 'NONE',  ( -6.925593699219739996, 6.038811033860469912, 41.75000000000000000 ) ) ;
#1135 = CARTESIAN_POINT ( 'NONE',  ( -78.41282742255758365, 4.500000000000000000, 59.53669611883210422 ) ) ;
#1136 = CARTESIAN_POINT ( 'NONE',  ( -56.27390741759310089, 12.49999999988139976, 62.03176636500259633 ) ) ;
#1137 = CARTESIAN_POINT ( 'NONE',  ( -85.77453344146290704, -12.49999999927569938, 72.31556135518839312 ) ) ;
#1138 = CARTESIAN_POINT ( 'NONE',  ( -7.411947836214729080, -9.382481110493536391, 61.97242311760603428 ) ) ;
#1139 = CARTESIAN_POINT ( 'NONE',  ( -7.122853022050654737, 8.975684785658227582, 62.15108595209302678 ) ) ;
#1140 = CARTESIAN_POINT ( 'NONE',  ( -27.14599415694170403, 12.49999999999979927, 38.32100652465869928 ) ) ;
#1141 = CARTESIAN_POINT ( 'NONE',  ( -75.42106553522907575, 11.08707680237630733, 93.22766624761092658 ) ) ;
#1142 = CARTESIAN_POINT ( 'NONE',  ( -82.08793809533993624, 7.255284252285877145, 91.07188311875277975 ) ) ;
#1143 = CARTESIAN_POINT ( 'NONE',  ( -74.38433112719961571, 12.50000000000000000, 88.03414282717911021 ) ) ;
#1144 = CARTESIAN_POINT ( 'NONE',  ( -83.25416646948949051, -12.49999999999889866, 78.36680928460650364 ) ) ;
#1145 = CARTESIAN_POINT ( 'NONE',  ( -35.09950083326221204, -5.846328661879431898, 37.88215014685898296 ) ) ;
#1146 = CARTESIAN_POINT ( 'NONE',  ( -35.22358272616260422, -12.50000000000000355, 37.80601060822162651 ) ) ;
#1147 = CARTESIAN_POINT ( 'NONE',  ( -36.35832104485007221, -1.892904093939150822, 43.63202530855710393 ) ) ;
#1148 = CARTESIAN_POINT ( 'NONE',  ( -84.77435946700990144, 12.49999999998289901, 71.25117868249340347 ) ) ;
#1149 = B_SPLINE_CURVE_WITH_KNOTS ( 'NONE', 3,
 ( #4469, #2336, #1320, #1027, #3388, #2412, #2706, #1390, #640, #298, #3730, #3442, #4176, #981 ),
 .UNSPECIFIED., .F., .F.,
 ( 4, 2, 2, 2, 2, 2, 4 ),
 ( -0.1781602907531729951, -0.1541422597384270177, -0.1280578112522730017, -0.08903871955182590670, -0.04932106270356281796, -0.02382322295403399570, -8.154626829348643469E-08 ),
 .UNSPECIFIED. ) ;
#1150 = CARTESIAN_POINT ( 'NONE',  ( -32.50287328094429995, -12.50000000000000000, 69.90681689081620220 ) ) ;
#1151 = CARTESIAN_POINT ( 'NONE',  ( -34.50060661449146693, 7.904637797046548009, 37.44965808437066812 ) ) ;
#1152 = CARTESIAN_POINT ( 'NONE',  ( -36.09587419270940245, -12.49999999999910116, 54.36867095865709842 ) ) ;
#1153 = CARTESIAN_POINT ( 'NONE',  ( -85.76698074594102650, -12.50000000000000178, 87.95542359466355720 ) ) ;
#1154 = CARTESIAN_POINT ( 'NONE',  ( -27.43266147431689816, 4.632813184691689123, 37.35796398108420391 ) ) ;
#1155 = CARTESIAN_POINT ( 'NONE',  ( -76.77901451020029810, 12.50000000000000178, 59.02655651571847528 ) ) ;
#1156 = CARTESIAN_POINT ( 'NONE',  ( -54.88638935016909670, 12.49999999998770051, 61.67544144466890543 ) ) ;
#1157 = CARTESIAN_POINT ( 'NONE',  ( -85.45216295171189813, -12.49999999982709831, 71.88439421300890331 ) ) ;
#1158 = CARTESIAN_POINT ( 'NONE',  ( -133.2849194736390075, 4.500000000000000000, 47.54227933264109396 ) ) ;
#1159 = CARTESIAN_POINT ( 'NONE',  ( -10.63071461007998408, 11.86556124368488696, 59.99832743895908749 ) ) ;
#1160 = CARTESIAN_POINT ( 'NONE',  ( -76.61933922723889623, 4.500000000000000000, 96.76816765603379622 ) ) ;
#1161 = CARTESIAN_POINT ( 'NONE',  ( -74.24222013873237813, 12.41569334613017439, 89.73772433041030183 ) ) ;
#1162 = CARTESIAN_POINT ( 'NONE',  ( -75.37607030004262754, -11.16918086838721891, 93.09459351996790133 ) ) ;
#1163 = CARTESIAN_POINT ( 'NONE',  ( -37.67211120500365240, 0.6916954820166056894, 45.35188107889003817 ) ) ;
#1164 = CARTESIAN_POINT ( 'NONE',  ( -84.21776396779790730, -12.49999999997639932, 76.91069615790459579 ) ) ;
#1165 = SURFACE_STYLE_USAGE ( .BOTH. , #4298 ) ;
#1166 = CARTESIAN_POINT ( 'NONE',  ( -27.23353624588869693, -12.50000000000000000, 37.24938042957579398 ) ) ;
#1167 = ADVANCED_FACE ( 'NONE', ( #308, #2642 ), #3350, .T. ) ;
#1168 = CARTESIAN_POINT ( 'NONE',  ( -36.68621882977876680, -1.717191427976918483, 44.13643584168399059 ) ) ;
#1169 = VERTEX_POINT ( 'NONE', #2028 ) ;
#1170 = CARTESIAN_POINT ( 'NONE',  ( -85.21400276144299823, 12.49999999999960032, 71.63871553187111374 ) ) ;
#1171 = CARTESIAN_POINT ( 'NONE',  ( -59.09289245207389740, -12.49999999999689848, 85.89331658803710923 ) ) ;
#1172 = CARTESIAN_POINT ( 'NONE',  ( -6.915973096928466290, 12.50000000000000178, 63.57770733110280759 ) ) ;
#1173 = CARTESIAN_POINT ( 'NONE',  ( -28.65520031618909869, -12.49999999999899991, 46.16405320809920454 ) ) ;
#1174 = FACE_OUTER_BOUND ( 'NONE', #870, .T. ) ;
#1175 = CARTESIAN_POINT ( 'NONE',  ( -50.23395088747290060, 12.50000000000000000, 60.39999160254730270 ) ) ;
#1176 = CARTESIAN_POINT ( 'NONE',  ( -62.35166956308879804, 12.49999999999869971, 63.52919106643920344 ) ) ;
#1177 = CARTESIAN_POINT ( 'NONE',  ( -84.81752341901859893, -12.49999999999000089, 71.28629249701121751 ) ) ;
#1178 = CARTESIAN_POINT ( 'NONE',  ( -82.81479896981500133, -12.50000000000000000, 69.96234126051399471 ) ) ;
#1179 = CARTESIAN_POINT ( 'NONE',  ( -8.293199681481498331, 10.34600642388708458, 61.42915219171490548 ) ) ;
#1180 = CARTESIAN_POINT ( 'NONE',  ( -27.21692930468629967, 4.632813184691689123, 37.40766625019740133 ) ) ;
#1181 = CARTESIAN_POINT ( 'NONE',  ( -75.16010968107585200, 11.54224586319181789, 92.45603225395674940 ) ) ;
#1182 = CARTESIAN_POINT ( 'NONE',  ( -76.39393147445345278, -7.658777428794508957, 96.10266205273157425 ) ) ;
#1183 = VECTOR ( 'NONE', #3876, 1000.000000000000000 ) ;
#1184 = CARTESIAN_POINT ( 'NONE',  ( -36.73362754793947005, 1.686186708586072225, 44.20469622895785733 ) ) ;
#1185 = CARTESIAN_POINT ( 'NONE',  ( -84.77884027804630307, -12.49999999999609912, 75.93532432983080582 ) ) ;
#1186 = CARTESIAN_POINT ( 'NONE',  ( -27.19578097693310070, -12.50000000000000000, 37.62677074696360080 ) ) ;
#1187 = CARTESIAN_POINT ( 'NONE',  ( -34.99595649741959846, 6.430228803627429990, 36.91927260808139266 ) ) ;
#1188 = EDGE_LOOP ( 'NONE', ( #3327, #3778, #2723, #4485, #3457, #2629, #832, #399, #1750, #2109 ) ) ;
#1189 = CARTESIAN_POINT ( 'NONE',  ( -85.82759445022800548, 12.49999999677410045, 72.42249579446011865 ) ) ;
#1190 = CARTESIAN_POINT ( 'NONE',  ( -56.77616794258939592, -12.49999999990080113, 85.13771742961098710 ) ) ;
#1191 = CARTESIAN_POINT ( 'NONE',  ( -49.62178857335320004, 12.50000000000000000, 81.99230874971860317 ) ) ;
#1192 = CARTESIAN_POINT ( 'NONE',  ( -28.09221564306230334, -12.49999999999960032, 44.79724004879609822 ) ) ;
#1193 = CARTESIAN_POINT ( 'NONE',  ( -85.83389298143920598, 12.50000000000000000, 73.21826641025809579 ) ) ;
#1194 = CARTESIAN_POINT ( 'NONE',  ( -77.48194981279921478, -4.500000000000000000, 96.01374639944420153 ) ) ;
#1195 = CARTESIAN_POINT ( 'NONE',  ( -90.76587805657288754, 4.500000000000000000, 65.87504743849009969 ) ) ;
#1196 = CARTESIAN_POINT ( 'NONE',  ( -72.96065751840659175, 12.49999999999150013, 66.24621059513259524 ) ) ;
#1197 = CIRCLE ( 'NONE', #4335, 1.000000000000000888 ) ;
#1198 = CARTESIAN_POINT ( 'NONE',  ( -78.73451751360570938, -12.49999999999930012, 68.12593406688549180 ) ) ;
#1199 = CARTESIAN_POINT ( 'NONE',  ( -90.12189535053560974, -4.500000000000000000, 65.29236871109101514 ) ) ;
#1200 = CARTESIAN_POINT ( 'NONE',  ( -6.239800149545426500, 7.248053002512947707, 62.69823526488841026 ) ) ;
#1201 = CARTESIAN_POINT ( 'NONE',  ( -27.12580996664189925, 12.50000000000000000, 39.03534672570980035 ) ) ;
#1202 = DIRECTION ( 'NONE',  ( 0.000000000000000000, -1.000000000000000000, 0.000000000000000000 ) ) ;
#1203 = VECTOR ( 'NONE', #762, 1000.000000000000000 ) ;
#1204 = CARTESIAN_POINT ( 'NONE',  ( -75.08098333718072581, -11.66025277307942432, 92.22192249189708946 ) ) ;
#1205 = CARTESIAN_POINT ( 'NONE',  ( -37.05135896506144633, 1.445994776562261386, 44.63024174365025232 ) ) ;
#1206 = CARTESIAN_POINT ( 'NONE',  ( -84.11262858463359748, -12.49999999996770050, 77.07900430487690357 ) ) ;
#1207 = CARTESIAN_POINT ( 'NONE',  ( -35.20000000000000284, 4.600780098834789555, 38.00539823872090039 ) ) ;
#1208 = ORIENTED_EDGE ( 'NONE', *, *, #1127, .F. ) ;
#1209 = CARTESIAN_POINT ( 'NONE',  ( -85.65100866869519791, 12.49999999998300027, 73.94341812143770198 ) ) ;
#1210 = CARTESIAN_POINT ( 'NONE',  ( -58.00813889075689644, -12.49999999989899990, 85.55713519041330528 ) ) ;
#1211 = B_SPLINE_CURVE_WITH_KNOTS ( 'NONE', 3,
 ( #4403, #2662, #3006, #1087, #4218, #3203, #3486, #4196, #369, #3531, #434, #454, #2135, #1129, #3160, #1821, #3574, #2477, #2499, #41, #1759, #1841, #2092, #2521, #3225, #1432, #3894, #1799, #1150, #3871, #1455, #3138, #411, #2821, #1478, #2154, #104, #2457, #731, #1410, #751, #1498, #3179, #2882, #62, #2839, #18, #2177, #391, #2541, #4237, #2862, #4282, #3937, #1107, #3851, #2115, #2800, #773, #1067, #3553, #3510, #83, #4259, #1779, #3915, #795, #4390, #2236, #184, #3332, #1261, #1880, #1896, #4322, #3674, #558, #2964, #853, #1520, #1190, #476, #2649, #1210, #2942, #4366, #513, #1171, #873, #1861, #3283, #2282, #896, #2602, #1235, #1942, #1555, #814, #3996, #2903, #2198, #210, #4019, #3593, #2258, #162, #3975, #3306, #1607, #3650, #2581, #534, #1580, #2623, #3629, #1918, #2991, #3245, #3955, #4343, #126, #4303, #2560, #834, #2217, #3612, #144, #495, #3266, #1538 ),
 .UNSPECIFIED., .F., .F.,
 ( 4, 3, 3, 3, 3, 3, 3, 3, 3, 3, 3, 3, 3, 3, 3, 3, 3, 3, 3, 3, 3, 3, 3, 3, 3, 3, 3, 3, 3, 3, 3, 3, 3, 3, 3, 3, 3, 3, 3, 3, 3, 3, 3, 4 ),
 ( 2.400107292729159721E-10, 0.001817366217647160224, 0.004245498310784639670, 0.006673890138963210761, 0.008556648873767419561, 0.009102421414079790718, 0.01396068617354010062, 0.01711329774753479749, 0.01882080159366479946, 0.02139162218441850033, 0.02368041499014759965, 0.02547915362246429977, 0.02795863995319589762, 0.02854028793025169611, 0.02994827105818600316, 0.03340054507483459362, 0.03422659549506969906, 0.03582976606878329751, 0.03826014103525349902, 0.03850491993195339496, 0.04147193267602839600, 0.04278324436883710474, 0.04312007015562049905, 0.04553164214384399638, 0.04706156880572080065, 0.04797995291422539610, 0.05040986778020260101, 0.05133989324260450349, 0.05283999380102270133, 0.05347905546104640001, 0.05502984338937470105, 0.05526958781831479983, 0.05561821767948819939, 0.05648493685372320272, 0.05769811516046700200, 0.05775737989793010285, 0.05963761203131949518, 0.05989654211637189529, 0.06012142474550320054, 0.06254036696449020993, 0.06417486655325559120, 0.06495524442179309577, 0.06736686701203349614, 0.06845319099013939812 ),
 .UNSPECIFIED. ) ;
#1212 = CARTESIAN_POINT ( 'NONE',  ( -25.19715842554009910, 4.500000000000000000, 74.49525678312639343 ) ) ;
#1213 = CARTESIAN_POINT ( 'NONE',  ( -29.86474052807140112, -12.49999999999629985, 48.33110476629450147 ) ) ;
#1214 = CARTESIAN_POINT ( 'NONE',  ( -85.86570843799771069, 12.50000000000000000, 72.99033053384160041 ) ) ;
#1215 = CARTESIAN_POINT ( 'NONE',  ( -71.80380419622738941, -12.50000000000000000, 90.35314896810739071 ) ) ;
#1216 = CARTESIAN_POINT ( 'NONE',  ( -91.43538732072819641, 4.500000000000000000, 66.56935144908860025 ) ) ;
#1217 = CARTESIAN_POINT ( 'NONE',  ( -83.63888461973959920, 12.49999999999719869, 70.44784135702879269 ) ) ;
#1218 = EDGE_CURVE ( 'NONE', #1613, #3168, #3766, .T. ) ;
#1219 = CARTESIAN_POINT ( 'NONE',  ( -51.69577428673940034, 12.49999999441019938, 82.99989255849500580 ) ) ;
#1220 = CARTESIAN_POINT ( 'NONE',  ( -82.47064567438640381, -12.49999999999629985, 69.77770677654189058 ) ) ;
#1221 = CARTESIAN_POINT ( 'NONE',  ( -85.61167883751379293, -12.50000000000000000, 72.07407628054519932 ) ) ;
#1222 = FACE_OUTER_BOUND ( 'NONE', #4190, .T. ) ;
#1223 = CARTESIAN_POINT ( 'NONE',  ( -27.30835546649160150, 12.49999999999979927, 41.68510727484620304 ) ) ;
#1224 = CARTESIAN_POINT ( 'NONE',  ( -74.56592443853375585, 12.22601807833071419, 90.69775527144682314 ) ) ;
#1225 = CARTESIAN_POINT ( 'NONE',  ( -74.94447232092605304, -11.84233184852859111, 91.81774020084948518 ) ) ;
#1226 = CARTESIAN_POINT ( 'NONE',  ( -31.45849728020193936, -11.35893929364743293, 36.69587897883165084 ) ) ;
#1227 = CARTESIAN_POINT ( 'NONE',  ( -35.82107251767352807, 1.992720557590546226, 42.59515924652130536 ) ) ;
#1228 = CARTESIAN_POINT ( 'NONE',  ( -84.57578647485971146, -12.50000000000020073, 76.30358229872010156 ) ) ;
#1229 = ADVANCED_FACE ( 'NONE', ( #1673 ), #1309, .F. ) ;
#1230 = CARTESIAN_POINT ( 'NONE',  ( -37.54810727220380784, -0.8990200013159582726, 45.21755938959000076 ) ) ;
#1231 = ORIENTED_EDGE ( 'NONE', *, *, #1395, .F. ) ;
#1232 = EDGE_CURVE ( 'NONE', #1400, #993, #2690, .T. ) ;
#1233 = EDGE_LOOP ( 'NONE', ( #4069, #1095, #359 ) ) ;
#1234 = CARTESIAN_POINT ( 'NONE',  ( -85.85561990786919750, 12.49999999958699881, 72.50804993704248602 ) ) ;
#1235 = CARTESIAN_POINT ( 'NONE',  ( -60.93017535905719484, -12.49999999999839950, 86.40975216503198908 ) ) ;
#1236 = CARTESIAN_POINT ( 'NONE',  ( -53.21107549995290498, 12.50000000000000000, 83.76172554329869513 ) ) ;
#1237 = CARTESIAN_POINT ( 'NONE',  ( -29.55291872547740084, -12.50000000000210143, 47.83969894724869931 ) ) ;
#1238 = CARTESIAN_POINT ( 'NONE',  ( -7.923754153235575082, -9.979223906248861908, 61.65661527341732295 ) ) ;
#1239 = CARTESIAN_POINT ( 'NONE',  ( -85.87929875550099723, 12.50000000000000000, 72.74517178997649580 ) ) ;
#1240 = CARTESIAN_POINT ( 'NONE',  ( -21.83722406390289805, -12.50000000000000000, 38.00000000000000000 ) ) ;
#1241 = VERTEX_POINT ( 'NONE', #2666 ) ;
#1242 = CARTESIAN_POINT ( 'NONE',  ( -77.01947473900091268, 12.49999999999930012, 67.51001589533491654 ) ) ;
#1243 = CARTESIAN_POINT ( 'NONE',  ( -58.88919577968940189, 12.49999999999510081, 85.83215492314259620 ) ) ;
#1244 = CARTESIAN_POINT ( 'NONE',  ( -79.67535599309979943, -12.49999999999669953, 68.49450525633270104 ) ) ;
#1245 = CARTESIAN_POINT ( 'NONE',  ( -89.72008522720679480, -4.500000000000000000, 64.95796943462239881 ) ) ;
#1246 = CARTESIAN_POINT ( 'NONE',  ( -12.84652011949999384, 12.46835503036880155, 58.65498621781430444 ) ) ;
#1247 = CARTESIAN_POINT ( 'NONE',  ( -28.55955989451110000, 12.49999999999960032, 45.95475551986780260 ) ) ;
#1248 = VECTOR ( 'NONE', #2403, 1000.000000000000000 ) ;
#1249 = CARTESIAN_POINT ( 'NONE',  ( -6.139400620092041017, -12.50000000000000355, 63.19020160168703626 ) ) ;
#1250 = CARTESIAN_POINT ( 'NONE',  ( -76.02270427561273891, -9.462068262232770977, 95.00711240861210172 ) ) ;
#1251 = EDGE_CURVE ( 'NONE', #967, #2256, #3057, .T. ) ;
#1252 = CARTESIAN_POINT ( 'NONE',  ( -31.18406965536448894, -11.51556157975887018, 36.70430012878005499 ) ) ;
#1253 = CARTESIAN_POINT ( 'NONE',  ( -60.11694480113320083, -4.500000000000000000, 94.45962370331758962 ) ) ;
#1254 = CARTESIAN_POINT ( 'NONE',  ( -36.44327423103976571, 1.853437977709302409, 43.76952081011521756 ) ) ;
#1255 = CARTESIAN_POINT ( 'NONE',  ( -85.84921188789481050, -12.49999999896789937, 72.48409073774971034 ) ) ;
#1256 = PLANE ( 'NONE',  #633 ) ;
#1257 = ORIENTED_EDGE ( 'NONE', *, *, #1333, .T. ) ;
#1258 = ORIENTED_EDGE ( 'NONE', *, *, #1359, .F. ) ;
#1259 = CARTESIAN_POINT ( 'NONE',  ( -37.20507836939179924, -12.50000000000000000, 55.08000334347890004 ) ) ;
#1260 = CARTESIAN_POINT ( 'NONE',  ( -85.86260919519129686, 12.49999999989600141, 72.54040645453730463 ) ) ;
#1261 = CARTESIAN_POINT ( 'NONE',  ( -52.67511059755139513, -12.49999999195790146, 83.46551758886521100 ) ) ;
#1262 = CARTESIAN_POINT ( 'NONE',  ( -29.96317421120579993, -12.50000000000000000, 48.47911078598929890 ) ) ;
#1263 = CARTESIAN_POINT ( 'NONE',  ( -5.842111094746465838, -5.696441402731426074, 62.94539457658114401 ) ) ;
#1264 = CARTESIAN_POINT ( 'NONE',  ( -85.06117207886460108, 12.50000000000000000, 75.38927779229268822 ) ) ;
#1265 = EDGE_CURVE ( 'NONE', #4041, #260, #4061, .T. ) ;
#1266 = CARTESIAN_POINT ( 'NONE',  ( -71.56172946134920210, -12.50000000000000000, 90.56455441948409657 ) ) ;
#1267 = EDGE_LOOP ( 'NONE', ( #1518, #3500, #2940, #2347, #3439 ) ) ;
#1268 = CARTESIAN_POINT ( 'NONE',  ( -82.70041883799258642, 12.50000000000000000, 69.90054587612820569 ) ) ;
#1269 = VECTOR ( 'NONE', #1665, 1000.000000000000000 ) ;
#1270 = CARTESIAN_POINT ( 'NONE',  ( -56.48662010717210791, 12.49999999993530153, 85.03416346901859413 ) ) ;
#1271 = CARTESIAN_POINT ( 'NONE',  ( -81.08475498386771108, -12.49999999998810019, 69.09899000019080972 ) ) ;
#1272 = CARTESIAN_POINT ( 'NONE',  ( -91.43507913399999154, -4.500000000000000000, 66.56900726815570124 ) ) ;
#1273 = CARTESIAN_POINT ( 'NONE',  ( -27.23347247050040210, 12.50000000000000000, 37.24996135322840018 ) ) ;
#1274 = CARTESIAN_POINT ( 'NONE',  ( -27.60633160536609765, 12.49999999999839950, 43.19227980915179188 ) ) ;
#1275 = CARTESIAN_POINT ( 'NONE',  ( -35.20000000000000284, -4.600780098470020008, 37.99473495984909732 ) ) ;
#1276 = CARTESIAN_POINT ( 'NONE',  ( -73.88864710493723464, -12.49999999999999822, 88.69019839388320747 ) ) ;
#1277 = CARTESIAN_POINT ( 'NONE',  ( -5.680218276399828348, -4.649455441709015702, 38.01705804447609438 ) ) ;
#1278 = CARTESIAN_POINT ( 'NONE',  ( -37.63884929477499952, -12.50000000000000000, 73.71472993778640159 ) ) ;
#1279 = DIRECTION ( 'NONE',  ( 0.000000000000000000, 0.000000000000000000, 1.000000000000000000 ) ) ;
#1280 = CARTESIAN_POINT ( 'NONE',  ( -85.87657653877730013, -12.49999999989119992, 72.65916890824840380 ) ) ;
#1281 = CARTESIAN_POINT ( 'NONE',  ( -33.78398748872220381, 9.183471221054558598, 38.00539823872090039 ) ) ;
#1282 = ORIENTED_EDGE ( 'NONE', *, *, #972, .T. ) ;
#1283 = CARTESIAN_POINT ( 'NONE',  ( -36.81802729381232098, -12.50000000000000178, 44.33499023258100635 ) ) ;
#1284 = CARTESIAN_POINT ( 'NONE',  ( -85.87577535580550148, 12.49999999992760102, 72.64694659439400937 ) ) ;
#1285 = CARTESIAN_POINT ( 'NONE',  ( 36.92155132396954542, 0.000000000000000000, 20.29826687795716467 ) ) ;
#1286 = CARTESIAN_POINT ( 'NONE',  ( -34.02483057500408137, -8.812680977179830677, 37.20961648298066393 ) ) ;
#1287 = CARTESIAN_POINT ( 'NONE',  ( -10.38412239268850890, -11.75660549516066666, 60.14846529585030765 ) ) ;
#1288 = CARTESIAN_POINT ( 'NONE',  ( -93.88036328814784781, 12.50000000000000178, 72.73580603954663104 ) ) ;
#1289 = STYLED_ITEM ( 'NONE', ( #2555 ), #3212 ) ;
#1290 = CARTESIAN_POINT ( 'NONE',  ( -6.477510711700030122, -6.190429841156202428, 41.86765233614982407 ) ) ;
#1291 = ORIENTED_EDGE ( 'NONE', *, *, #443, .F. ) ;
#1292 = CARTESIAN_POINT ( 'NONE',  ( -77.15756522439269816, 12.49999999999889866, 67.55721470581819688 ) ) ;
#1293 = CARTESIAN_POINT ( 'NONE',  ( -47.66665046482740564, 12.49999999984670040, 80.77402104201590305 ) ) ;
#1294 = CARTESIAN_POINT ( 'NONE',  ( -80.58994349421230652, -12.49999999999960032, 68.87747788319370557 ) ) ;
#1295 = FACE_OUTER_BOUND ( 'NONE', #1628, .T. ) ;
#1296 = CARTESIAN_POINT ( 'NONE',  ( -85.71693618573370088, -12.50000000000000000, 72.22072100392929883 ) ) ;
#1297 = CARTESIAN_POINT ( 'NONE',  ( -35.36475180335029478, 4.500000000000000000, 36.64473572291240089 ) ) ;
#1298 = CARTESIAN_POINT ( 'NONE',  ( -29.73075680220580352, 12.49999999999350031, 48.12284561822529838 ) ) ;
#1299 = CARTESIAN_POINT ( 'NONE',  ( -5.431139856815330624, -4.500000000000000000, 62.84079998602058481 ) ) ;
#1300 = FACE_OUTER_BOUND ( 'NONE', #2332, .T. ) ;
#1301 = CARTESIAN_POINT ( 'NONE',  ( -56.18970822054850345, -12.50000000000000000, 84.94638951563909757 ) ) ;
#1302 = ADVANCED_FACE ( 'NONE', ( #2321 ), #575, .F. ) ;
#1303 = CARTESIAN_POINT ( 'NONE',  ( -39.44846751427859743, 4.500000000000000000, 94.46046894677400019 ) ) ;
#1304 = FACE_OUTER_BOUND ( 'NONE', #1703, .T. ) ;
#1305 = ORIENTED_EDGE ( 'NONE', *, *, #3870, .F. ) ;
#1306 = ORIENTED_EDGE ( 'NONE', *, *, #3489, .T. ) ;
#1307 = CARTESIAN_POINT ( 'NONE',  ( -35.46970566438129424, -4.500000000000000000, 41.64212482115740244 ) ) ;
#1308 = CARTESIAN_POINT ( 'NONE',  ( -85.70717706927929669, 12.49999999999939959, 73.75684139745879975 ) ) ;
#1309 = B_SPLINE_SURFACE_WITH_KNOTS ( 'NONE', 3, 1, ( 
 ( #3010, #2299 ),
 ( #1303, #3426 ),
 ( #4114, #3714 ),
 ( #989, #4407 ) ),
 .UNSPECIFIED., .F., .F., .F.,
 ( 4, 4 ),
 ( 2, 2 ),
 ( -5.400498474301599226E-17, 1.000000000000000000 ),
 ( 0.000000000000000000, 1.080000000000000071 ),
 .UNSPECIFIED. ) ;
#1310 = CARTESIAN_POINT ( 'NONE',  ( -89.24279263522339534, 4.500000000000000000, 64.58855947696939381 ) ) ;
#1311 = DIRECTION ( 'NONE',  ( -0.3090169943749528914, 0.000000000000000000, -0.9510565162951518658 ) ) ;
#1312 = CARTESIAN_POINT ( 'NONE',  ( -27.13556595346899769, -12.50000000000000000, 39.83789181672170088 ) ) ;
#1313 = CARTESIAN_POINT ( 'NONE',  ( -8.675932472321042255, -10.68669734747659916, 61.19377075377379782 ) ) ;
#1314 = CARTESIAN_POINT ( 'NONE',  ( -78.80310739423147481, 12.50000000000000355, 94.83594451118922564 ) ) ;
#1315 = CARTESIAN_POINT ( 'NONE',  ( -6.327512933445341048, -6.464508511539942326, 42.01546048139846334 ) ) ;
#1316 = EDGE_LOOP ( 'NONE', ( #2278, #1257, #2302, #2215 ) ) ;
#1317 = CARTESIAN_POINT ( 'NONE',  ( -77.29549233949819609, 12.49999999999869971, 67.60488662279419714 ) ) ;
#1318 = CARTESIAN_POINT ( 'NONE',  ( -13.75436083281629962, 12.50000000000000000, 58.10893120994299466 ) ) ;
#1319 = CARTESIAN_POINT ( 'NONE',  ( -69.46160722679539390, -12.50000000000000000, 65.29219249389089441 ) ) ;
#1320 = CARTESIAN_POINT ( 'NONE',  ( -6.681087312718959836, -4.653964365321931140, 38.00000000000000000 ) ) ;
#1321 = CARTESIAN_POINT ( 'NONE',  ( -65.49193182485490183, 12.49999999999769962, 87.42293421013170018 ) ) ;
#1322 = CARTESIAN_POINT ( 'NONE',  ( -85.86574992902059478, -12.50000000000000000, 72.55657634434159320 ) ) ;
#1323 = DIRECTION ( 'NONE',  ( 0.000000000000000000, 0.000000000000000000, -1.000000000000000000 ) ) ;
#1324 = CARTESIAN_POINT ( 'NONE',  ( -27.61618671181759765, 12.49999999999869971, 43.23193160282880143 ) ) ;
#1325 = CARTESIAN_POINT ( 'NONE',  ( -5.340177779904600186, -4.500000000000000000, 62.79599731245210137 ) ) ;
#1326 = CARTESIAN_POINT ( 'NONE',  ( -32.00113535740364057, -10.99803443498845645, 36.71303387330728185 ) ) ;
#1327 = CARTESIAN_POINT ( 'NONE',  ( -49.62178857335320004, -12.50000000000000000, 81.99230874971860317 ) ) ;
#1328 = CARTESIAN_POINT ( 'NONE',  ( -41.73637338733239233, -4.632813184691680242, 36.81611053888170204 ) ) ;
#1329 = CARTESIAN_POINT ( 'NONE',  ( -73.25301720009620965, 4.500000000000000000, 96.51867790502190303 ) ) ;
#1330 = CARTESIAN_POINT ( 'NONE',  ( -92.35968189317830479, 7.696219269197726476, 76.98414033172873872 ) ) ;
#1331 = VERTEX_POINT ( 'NONE', #3398 ) ;
#1332 = CARTESIAN_POINT ( 'NONE',  ( -40.34307257738301900, -12.50000000000000178, 47.59661228115262332 ) ) ;
#1333 = EDGE_CURVE ( 'NONE', #283, #1058, #3270, .T. ) ;
#1334 = CARTESIAN_POINT ( 'NONE',  ( -83.97590752564930483, 12.49999999995639932, 77.29787465621549813 ) ) ;
#1335 = CARTESIAN_POINT ( 'NONE',  ( -88.69651065482165109, 12.50000000000000178, 64.19775842525815790 ) ) ;
#1336 = ORIENTED_EDGE ( 'NONE', *, *, #4333, .T. ) ;
#1337 = DIRECTION ( 'NONE',  ( 0.000000000000000000, 0.000000000000000000, -1.000000000000000000 ) ) ;
#1338 = CARTESIAN_POINT ( 'NONE',  ( -27.31849400286860075, -12.50000000000000000, 41.75209860924370275 ) ) ;
#1339 = CARTESIAN_POINT ( 'NONE',  ( -22.36924309419921286, 4.650797608423263618, 37.99998644619360277 ) ) ;
#1340 = CARTESIAN_POINT ( 'NONE',  ( -89.78992555814801335, 4.500000000000000000, 82.98709207218739436 ) ) ;
#1341 = ORIENTED_EDGE ( 'NONE', *, *, #2936, .F. ) ;
#1342 = CARTESIAN_POINT ( 'NONE',  ( -84.37120221867249370, 12.49999999995620037, 70.94129325881810644 ) ) ;
#1343 = CARTESIAN_POINT ( 'NONE',  ( -20.12008311010649919, 12.49999999943110041, 61.69297647432080112 ) ) ;
#1344 = CARTESIAN_POINT ( 'NONE',  ( -55.70779782115990031, -12.49999999990870059, 61.88680930886560105 ) ) ;
#1345 = CARTESIAN_POINT ( 'NONE',  ( -23.15570062859519851, -4.632767951221810065, 37.96569922972690136 ) ) ;
#1346 = CARTESIAN_POINT ( 'NONE',  ( -32.25551602403812979, 10.80734615522719544, 36.73385657712611874 ) ) ;
#1347 = CARTESIAN_POINT ( 'NONE',  ( -93.82330276304172401, -12.50000000000000355, 71.68892445042659745 ) ) ;
#1348 = CARTESIAN_POINT ( 'NONE',  ( -30.35689192528980129, 12.50000000000000000, 49.06279045527909943 ) ) ;
#1349 = CARTESIAN_POINT ( 'NONE',  ( -28.05174817256319741, 12.49999999999939959, 44.68352458948079686 ) ) ;
#1350 = CARTESIAN_POINT ( 'NONE',  ( -5.861684356258209938, 5.808393408699280336, 38.00000000000000000 ) ) ;
#1351 = CARTESIAN_POINT ( 'NONE',  ( -45.71062514640230035, -4.500000000000000000, 88.98532892137319550 ) ) ;
#1352 = CARTESIAN_POINT ( 'NONE',  ( -56.08481595453678636, 12.50000000000000711, 93.36139929156273354 ) ) ;
#1353 = CARTESIAN_POINT ( 'NONE',  ( -92.75584642246201383, 6.507757709906005772, 77.13005136079142687 ) ) ;
#1354 = EDGE_LOOP ( 'NONE', ( #2621, #2466, #2962, #511, #4481, #234, #587, #2654 ) ) ;
#1355 = CARTESIAN_POINT ( 'NONE',  ( -27.12057697522849864, -12.50000000000000000, 39.33033103497830041 ) ) ;
#1356 = CARTESIAN_POINT ( 'NONE',  ( -85.44853060096841091, 12.49999999995059952, 74.51274085668229930 ) ) ;
#1357 = CARTESIAN_POINT ( 'NONE',  ( -89.72032177685348131, 12.50000000000000178, 64.95815814671276200 ) ) ;
#1358 = ORIENTED_EDGE ( 'NONE', *, *, #854, .F. ) ;
#1359 = EDGE_CURVE ( 'NONE', #2346, #4418, #1513, .T. ) ;
#1360 = DIRECTION ( 'NONE',  ( -1.000000000000000000, 0.000000000000000000, 1.858904598392799890E-15 ) ) ;
#1361 = CARTESIAN_POINT ( 'NONE',  ( -34.41874142322298979, -8.084292012827605234, 37.40284196604885381 ) ) ;
#1362 = CARTESIAN_POINT ( 'NONE',  ( -35.20000000000000284, -4.600780098834749587, 38.00539841999069779 ) ) ;
#1363 = CARTESIAN_POINT ( 'NONE',  ( -79.81421041056991328, 4.500000000000000000, 93.91412985293229099 ) ) ;
#1364 = CARTESIAN_POINT ( 'NONE',  ( -6.333966668676575651, 6.810197480020778293, 42.11399652516868031 ) ) ;
#1365 = CARTESIAN_POINT ( 'NONE',  ( -29.31899499863530068, 12.49999999998160050, 67.64046002069899544 ) ) ;
#1366 = CARTESIAN_POINT ( 'NONE',  ( -72.96042945211689812, -12.49999999999150013, 66.24614519935140322 ) ) ;
#1367 = DIRECTION ( 'NONE',  ( 0.000000000000000000, 1.000000000000000000, 0.000000000000000000 ) ) ;
#1368 = DIRECTION ( 'NONE',  ( 0.000000000000000000, 1.000000000000000000, -0.000000000000000000 ) ) ;
#1369 = EDGE_CURVE ( 'NONE', #2599, #555, #3182, .T. ) ;
#1370 = CARTESIAN_POINT ( 'NONE',  ( -33.37509242997759884, 12.50000000000000000, 52.33210390262880196 ) ) ;
#1371 = CARTESIAN_POINT ( 'NONE',  ( -33.62469359008869674, 12.49999999996260058, 52.52524782513430068 ) ) ;
#1372 = CARTESIAN_POINT ( 'NONE',  ( -85.87670636220460096, -12.49999999992999911, 72.84363507712500052 ) ) ;
#1373 = CARTESIAN_POINT ( 'NONE',  ( -5.919316299289567596, 6.117634371832775031, 62.89740784896828529 ) ) ;
#1374 = LINE ( 'NONE', #424, #3973 ) ;
#1375 = CARTESIAN_POINT ( 'NONE',  ( -5.682325172056827078, 4.658131298519991859, 38.02036992419046157 ) ) ;
#1376 = CARTESIAN_POINT ( 'NONE',  ( -6.024643409839701036, 6.585357732603209335, 39.69859795145108450 ) ) ;
#1377 = ORIENTED_EDGE ( 'NONE', *, *, #3994, .T. ) ;
#1378 = CARTESIAN_POINT ( 'NONE',  ( -73.03040688998589758, -4.500000000000000000, 57.95555948328500051 ) ) ;
#1379 = CARTESIAN_POINT ( 'NONE',  ( -85.11013093562979748, 12.49999999999110045, 75.28404419124599656 ) ) ;
#1380 = EDGE_LOOP ( 'NONE', ( #679, #3479, #3741, #1116, #3719, #1016, #1291, #2702, #4142, #2324 ) ) ;
#1381 = CARTESIAN_POINT ( 'NONE',  ( -85.84687726659620921, 12.50000000000000000, 72.47637205783350112 ) ) ;
#1382 = ORIENTED_EDGE ( 'NONE', *, *, #115, .F. ) ;
#1383 = PLANE ( 'NONE',  #465 ) ;
#1384 = CARTESIAN_POINT ( 'NONE',  ( -34.45601917391089586, -8.003823174187507661, 37.42406020691934287 ) ) ;
#1385 = CARTESIAN_POINT ( 'NONE',  ( -12.28280416026866817, -12.36349322270246631, 58.99579769730267031 ) ) ;
#1386 = CARTESIAN_POINT ( 'NONE',  ( -81.02052771535299769, 4.500000000000000000, 92.78490549848180535 ) ) ;
#1387 = CARTESIAN_POINT ( 'NONE',  ( -6.450107977427781414, 6.449575582124904116, 41.91817077948907411 ) ) ;
#1388 = CARTESIAN_POINT ( 'NONE',  ( -34.49713301247400210, 12.50000000000000000, 71.37115056909838984 ) ) ;
#1389 = CARTESIAN_POINT ( 'NONE',  ( -74.46066614402730011, -12.49999999998659916, 66.68819056475899743 ) ) ;
#1390 = CARTESIAN_POINT ( 'NONE',  ( -5.993222840593490197, -5.131266956420629910, 38.00000000000000000 ) ) ;
#1391 = CARTESIAN_POINT ( 'NONE',  ( -72.75180875669620661, 12.50000000000000000, 88.43447238766100327 ) ) ;
#1392 = CARTESIAN_POINT ( 'NONE',  ( -35.27896391386540387, 4.500000000000000000, 40.86202978021489685 ) ) ;
#1393 = CARTESIAN_POINT ( 'NONE',  ( -31.17854936515560027, 12.49999999999490008, 50.08476133466039926 ) ) ;
#1394 = CARTESIAN_POINT ( 'NONE',  ( -85.86258117161030157, -12.49999999989540100, 72.54025873145610603 ) ) ;
#1395 = EDGE_CURVE ( 'NONE', #1961, #2323, #4258, .T. ) ;
#1396 = CARTESIAN_POINT ( 'NONE',  ( -5.875308620629650314, 5.479241474304370030, 38.00000000001879386 ) ) ;
#1397 = CARTESIAN_POINT ( 'NONE',  ( -91.54906863281651397, -9.226145808117577118, 76.68558403441168991 ) ) ;
#1398 = CARTESIAN_POINT ( 'NONE',  ( -76.82449030453751959, 12.50000000000009948, 96.78089598167666452 ) ) ;
#1399 = CARTESIAN_POINT ( 'NONE',  ( -35.20000000000000284, 4.600780098834809984, 37.99473488757709561 ) ) ;
#1400 = VERTEX_POINT ( 'NONE', #4241 ) ;
#1401 = CARTESIAN_POINT ( 'NONE',  ( -78.41259824063034500, -12.50000000000000178, 59.53662206973292825 ) ) ;
#1402 = CARTESIAN_POINT ( 'NONE',  ( -83.83572440536070758, 12.49999999995899991, 77.51436730811740006 ) ) ;
#1403 = ORIENTED_EDGE ( 'NONE', *, *, #4001, .F. ) ;
#1404 = VERTEX_POINT ( 'NONE', #1134 ) ;
#1405 = CARTESIAN_POINT ( 'NONE',  ( -22.05706348064110145, -4.643912947079499531, 38.00000000000000000 ) ) ;
#1406 = LINE ( 'NONE', #59, #2458 ) ;
#1407 = DIRECTION ( 'NONE',  ( 1.000000000000000000, 0.000000000000000000, 0.000000000000000000 ) ) ;
#1408 = CARTESIAN_POINT ( 'NONE',  ( -89.22722655255689972, 12.50000000000000355, 83.76338982225188090 ) ) ;
#1409 = CARTESIAN_POINT ( 'NONE',  ( -6.484966286064499208, 7.840045291169710495, 42.74999778016820073 ) ) ;
#1410 = CARTESIAN_POINT ( 'NONE',  ( -37.63865265175880381, -12.50000000000000000, 73.71504912525729480 ) ) ;
#1411 = CARTESIAN_POINT ( 'NONE',  ( -18.88240018727070435, 12.49999999990100008, 60.96241915408209877 ) ) ;
#1412 = CARTESIAN_POINT ( 'NONE',  ( -70.96250973488649549, -12.50000000000000000, 65.68992540170479799 ) ) ;
#1413 = CARTESIAN_POINT ( 'NONE',  ( -84.59299033856540007, -4.500000000000000000, 89.22102239568938842 ) ) ;
#1414 = CARTESIAN_POINT ( 'NONE',  ( -31.87064564583027959, 11.08809039629610815, 36.70730881287597924 ) ) ;
#1415 = CARTESIAN_POINT ( 'NONE',  ( -37.90706213692789106, 12.50000000000000178, 45.61368810306113630 ) ) ;
#1416 = CARTESIAN_POINT ( 'NONE',  ( -33.86538097110770451, 12.50000000000000000, 52.72647866736070199 ) ) ;
#1417 = CARTESIAN_POINT ( 'NONE',  ( -85.87788279500860256, -12.49999999980929921, 72.68369144519481040 ) ) ;
#1418 = ORIENTED_EDGE ( 'NONE', *, *, #469, .T. ) ;
#1419 = CARTESIAN_POINT ( 'NONE',  ( -5.991789556664180338, 5.147379517189340170, 38.00000000000000000 ) ) ;
#1420 = CARTESIAN_POINT ( 'NONE',  ( -92.93548357042013208, -5.511203573439706460, 77.19621336970180892 ) ) ;
#1421 = CARTESIAN_POINT ( 'NONE',  ( -7.398460575878440082, 6.492055747835710378, 43.11763448918579655 ) ) ;
#1422 = LINE ( 'NONE', #2470, #2998 ) ;
#1423 = VERTEX_POINT ( 'NONE', #2525 ) ;
#1424 = CARTESIAN_POINT ( 'NONE',  ( -79.62836036275281515, -12.50000000000000000, 68.47291252189938859 ) ) ;
#1425 = CARTESIAN_POINT ( 'NONE',  ( -83.67681274751160458, 12.49999999997850075, 77.75240164239390595 ) ) ;
#1426 = VECTOR ( 'NONE', #1883, 999.9999999999998863 ) ;
#1427 = CARTESIAN_POINT ( 'NONE',  ( -22.93621575722229977, -4.636448114651590124, 37.97702560812889772 ) ) ;
#1428 = CARTESIAN_POINT ( 'NONE',  ( -35.09186601616497825, -5.894384527307457766, 37.87490330035551267 ) ) ;
#1429 = PRESENTATION_STYLE_ASSIGNMENT (( #15 ) ) ;
#1430 = CARTESIAN_POINT ( 'NONE',  ( -36.56802186768151586, -1.788149404196456072, 43.96228612470240193 ) ) ;
#1431 = CARTESIAN_POINT ( 'NONE',  ( -6.687443674916179859, 6.161944597087123832, 41.78356207700745273 ) ) ;
#1432 = CARTESIAN_POINT ( 'NONE',  ( -30.48819164988929842, -12.50000000000790124, 68.46043237784680002 ) ) ;
#1433 = VECTOR ( 'NONE', #4409, 1000.000000000000000 ) ;
#1434 = CARTESIAN_POINT ( 'NONE',  ( -5.751249870896919525, 4.500000000000000000, 62.99845678675688987 ) ) ;
#1435 = CARTESIAN_POINT ( 'NONE',  ( -31.92746660314270457, -12.50000000000000000, 50.92067265811959942 ) ) ;
#1436 = CARTESIAN_POINT ( 'NONE',  ( -92.24839589006140272, -4.500000000000000000, 78.90482229626259425 ) ) ;
#1437 = CARTESIAN_POINT ( 'NONE',  ( -5.754360833654098784, -4.500000000000000000, 59.90190943898993936 ) ) ;
#1438 = CARTESIAN_POINT ( 'NONE',  ( -35.12294298668617643, 12.50000000000000178, 39.27171781169609233 ) ) ;
#1439 = CARTESIAN_POINT ( 'NONE',  ( -40.16611214159709675, 12.49999999986749977, 56.65851321349270364 ) ) ;
#1440 = CARTESIAN_POINT ( 'NONE',  ( -85.17657011660480748, -12.49999999999910116, 71.60291406938269176 ) ) ;
#1441 = EDGE_CURVE ( 'NONE', #2794, #2986, #3514, .T. ) ;
#1442 = PRODUCT_DEFINITION_FORMATION_WITH_SPECIFIED_SOURCE ( 'ANY', '', #3421, .NOT_KNOWN. ) ;
#1443 = ORIENTED_EDGE ( 'NONE', *, *, #1102, .T. ) ;
#1444 = CARTESIAN_POINT ( 'NONE',  ( -82.57641771854198964, -4.499999999999999112, 91.27134879226595388 ) ) ;
#1445 = DIRECTION ( 'NONE',  ( 0.000000000000000000, -1.000000000000000000, 0.000000000000000000 ) ) ;
#1446 = B_SPLINE_CURVE_WITH_KNOTS ( 'NONE', 3,
 ( #3400, #598, #4164, #650, #3105, #1036, #3739, #2397, #2081, #3083, #3475, #1376, #965, #3453 ),
 .UNSPECIFIED., .F., .F.,
 ( 4, 2, 1, 1, 1, 1, 2, 2, 4 ),
 ( 0.000000000000000000, 0.2499999999999533151, 0.3749999999999317768, 0.4374999999999227285, 0.4687499999999165112, 0.4843749999999134581, 0.4921874999999136802, 0.4999999999999139577, 1.000000000000000000 ),
 .UNSPECIFIED. ) ;
#1447 = CARTESIAN_POINT ( 'NONE',  ( -75.18266989832278568, 12.50000000000000178, 96.67192862445232038 ) ) ;
#1448 = CARTESIAN_POINT ( 'NONE',  ( -32.63795229987120194, -12.65000000000000036, 36.77685602101499995 ) ) ;
#1449 = CARTESIAN_POINT ( 'NONE',  ( -85.28031091993409518, -4.500000000000000000, 62.22777272163190077 ) ) ;
#1450 = CARTESIAN_POINT ( 'NONE',  ( -79.96107353024689246, 12.49999999998770051, 82.43758349129599594 ) ) ;
#1451 = EDGE_CURVE ( 'NONE', #363, #656, #4269, .T. ) ;
#1452 = CARTESIAN_POINT ( 'NONE',  ( -79.48800531635609445, -12.49999999996120081, 82.96069195198099067 ) ) ;
#1453 = DIRECTION ( 'NONE',  ( -0.7225024577480209098, -0.2340566747655589697, -0.6505441349714549126 ) ) ;
#1454 = CARTESIAN_POINT ( 'NONE',  ( -35.33620618539769254, -1.404778854562066748, 41.12048328880906212 ) ) ;
#1455 = CARTESIAN_POINT ( 'NONE',  ( -33.73550634495349954, -12.50000000000000000, 70.80924797938060067 ) ) ;
#1456 = CARTESIAN_POINT ( 'NONE',  ( -19.58300636457869714, 12.50000000000000000, 61.36813548683100095 ) ) ;
#1457 = CARTESIAN_POINT ( 'NONE',  ( -35.48835463429590220, -12.49999999991329958, 53.95629297898990018 ) ) ;
#1458 = CARTESIAN_POINT ( 'NONE',  ( -93.62931780856320074, -4.500000000000000000, 75.04803066428510760 ) ) ;
#1459 = EDGE_CURVE ( 'NONE', #124, #1331, #3707, .T. ) ;
#1460 = CARTESIAN_POINT ( 'NONE',  ( -35.51416134046110784, 1.808752491189232314, 41.77699351464666222 ) ) ;
#1461 = CARTESIAN_POINT ( 'NONE',  ( -81.47400277082391540, 4.500000000000000000, 60.60311327055790542 ) ) ;
#1462 = CARTESIAN_POINT ( 'NONE',  ( -33.11571196999629763, 12.49999999987669952, 52.07856047933079680 ) ) ;
#1463 = CARTESIAN_POINT ( 'NONE',  ( -85.72550709119541068, -12.49999999997680078, 72.23477872315289972 ) ) ;
#1464 = CARTESIAN_POINT ( 'NONE',  ( -7.253832930095240883, -9.162980827267094952, 62.07015340678428572 ) ) ;
#1465 = ORIENTED_EDGE ( 'NONE', *, *, #3423, .F. ) ;
#1466 = CARTESIAN_POINT ( 'NONE',  ( -11.33552581370702050, 12.12962508783213522, 59.56927702806843428 ) ) ;
#1467 = CARTESIAN_POINT ( 'NONE',  ( -76.62713213188639827, -4.500000000000000000, 96.76866509401959604 ) ) ;
#1468 = CARTESIAN_POINT ( 'NONE',  ( -85.26969799291954644, 10.00000000000000355, 85.20920329722643771 ) ) ;
#1469 = EDGE_CURVE ( 'NONE', #216, #338, #755, .T. ) ;
#1470 = DIRECTION ( 'NONE',  ( -0.3456129166078580339, 0.000000000000000000, -0.9383771693055036334 ) ) ;
#1471 = CARTESIAN_POINT ( 'NONE',  ( -77.92650409688789637, 12.49999999999620037, 84.60249422250019791 ) ) ;
#1472 = CARTESIAN_POINT ( 'NONE',  ( -80.85725240474388897, -12.49999999999949907, 81.41759715906999872 ) ) ;
#1473 = CARTESIAN_POINT ( 'NONE',  ( -33.78385544517439598, -9.183510742097839241, 37.10069069116089935 ) ) ;
#1474 = CARTESIAN_POINT ( 'NONE',  ( -25.93049771928449942, -4.632813184691680242, 37.70404564026610217 ) ) ;
#1475 = CARTESIAN_POINT ( 'NONE',  ( -36.43630623871749208, -1.856862986183226427, 43.75831818854523192 ) ) ;
#1476 = CARTESIAN_POINT ( 'NONE',  ( -85.84680679556480243, 12.49999999859159949, 72.47624559303508818 ) ) ;
#1477 = VECTOR ( 'NONE', #1099, 1000.000000000000000 ) ;
#1478 = CARTESIAN_POINT ( 'NONE',  ( -35.84742182447960346, -12.50000000000000000, 72.37400188985911598 ) ) ;
#1479 = CARTESIAN_POINT ( 'NONE',  ( -5.566537325233519518, 12.49999999999980282, 62.90749553042164166 ) ) ;
#1480 = CARTESIAN_POINT ( 'NONE',  ( -38.89372587898800049, -12.49999999990519939, 56.01377778124380313 ) ) ;
#1481 = B_SPLINE_CURVE_WITH_KNOTS ( 'NONE', 3,
 ( #1097, #73, #1420, #741, #3861, #1812, #2147, #5, #2810, #1397, #3170, #2851 ),
 .UNSPECIFIED., .F., .F.,
 ( 4, 2, 2, 2, 2, 4 ),
 ( 0.000000000000000000, 0.001507431868815268692, 0.002261147803222897726, 0.003014863737630526976, 0.004522295606445785043, 0.006029727475261043544 ),
 .UNSPECIFIED. ) ;
#1482 = CARTESIAN_POINT ( 'NONE',  ( -82.80208783331539735, -12.50000000000000000, 78.99604761259838881 ) ) ;
#1483 = CARTESIAN_POINT ( 'NONE',  ( -35.35539211480800503, 1.483327614638340286, 41.20544612349780778 ) ) ;
#1484 = CARTESIAN_POINT ( 'NONE',  ( -68.43117107344949090, 12.50000000000000000, 65.02039748425099219 ) ) ;
#1485 = CARTESIAN_POINT ( 'NONE',  ( -65.39311082774200656, 12.50000000000000000, 64.26878138388819650 ) ) ;
#1486 = CARTESIAN_POINT ( 'NONE',  ( -85.10649976932020877, -12.49999999999850075, 71.53730404531069098 ) ) ;
#1487 = CARTESIAN_POINT ( 'NONE',  ( -26.41181053703694559, 2.200000000000000178, 38.56330668192033073 ) ) ;
#1488 = CARTESIAN_POINT ( 'NONE',  ( -6.680013541740838612, 8.245173922041551862, 62.42528763021308436 ) ) ;
#1489 = CARTESIAN_POINT ( 'NONE',  ( -27.20165006275860264, 12.50000000000000000, 37.56447318358070220 ) ) ;
#1490 = LINE ( 'NONE', #3277, #2344 ) ;
#1491 = CARTESIAN_POINT ( 'NONE',  ( -7.944885814342977248, 10.00000000000000000, 45.89339683116346436 ) ) ;
#1492 = CARTESIAN_POINT ( 'NONE',  ( -80.58302033815860455, 12.49999999999919886, 81.73739712373870248 ) ) ;
#1493 = CARTESIAN_POINT ( 'NONE',  ( -84.94428468575490854, -12.49999999998060041, 75.62067233663849208 ) ) ;
#1494 = CARTESIAN_POINT ( 'NONE',  ( -34.67665645597625002, -7.472294262806244092, 37.56054660593112970 ) ) ;
#1495 = CARTESIAN_POINT ( 'NONE',  ( -27.16415641351409960, -12.50000000000000000, 38.00450451180470424 ) ) ;
#1496 = CARTESIAN_POINT ( 'NONE',  ( -35.21698213014288825, -0.3408974271144992740, 40.47796435941647530 ) ) ;
#1497 = CARTESIAN_POINT ( 'NONE',  ( -85.63120615928208679, 12.49999999954659913, 72.10008754912830398 ) ) ;
#1498 = CARTESIAN_POINT ( 'NONE',  ( -38.39077984394089782, -12.50000000000000000, 74.27863890337860653 ) ) ;
#1499 = CARTESIAN_POINT ( 'NONE',  ( -34.68727788538956958, 7.446226595065861709, 37.56589964592393471 ) ) ;
#1500 = CARTESIAN_POINT ( 'NONE',  ( -32.23923238153179938, -12.50000000000000000, 51.24226920651260286 ) ) ;
#1501 = AXIS2_PLACEMENT_3D ( 'NONE', #2452, #3135, #1407 ) ;
#1502 = CARTESIAN_POINT ( 'NONE',  ( -85.50330422208649850, -12.50000000000000000, 74.37351506805741508 ) ) ;
#1503 = DIRECTION ( 'NONE',  ( 0.000000000000000000, 0.000000000000000000, -1.000000000000000000 ) ) ;
#1504 = CARTESIAN_POINT ( 'NONE',  ( -73.03066068823690671, 12.50000000000000355, 57.95562779265109299 ) ) ;
#1505 = CARTESIAN_POINT ( 'NONE',  ( -64.27383778383689616, 12.50000000000000000, 63.99539866169960334 ) ) ;
#1506 = CARTESIAN_POINT ( 'NONE',  ( -85.48571717543690340, -12.49999999968389908, 71.92233335136420180 ) ) ;
#1507 = CARTESIAN_POINT ( 'NONE',  ( -24.52396913087746100, 2.200000000000000178, 40.26312671901926876 ) ) ;
#1508 = CARTESIAN_POINT ( 'NONE',  ( -9.517569854331515700, 11.28598402783591581, 60.67784011515870191 ) ) ;
#1509 = CARTESIAN_POINT ( 'NONE',  ( -24.73483791967009893, 4.632813184691689123, 37.86723517412980300 ) ) ;
#1510 = CARTESIAN_POINT ( 'NONE',  ( 0.000000000000000000, -10.00000000000000000, 0.000000000000000000 ) ) ;
#1511 = CARTESIAN_POINT ( 'NONE',  ( -76.60098736773709049, -5.572011349358668930, 96.71354884118501616 ) ) ;
#1512 = CARTESIAN_POINT ( 'NONE',  ( -37.65853649484390075, 0.7171272536998036795, 45.33731890451688429 ) ) ;
#1513 = CIRCLE ( 'NONE', #29, 1.000000000000000888 ) ;
#1514 = CARTESIAN_POINT ( 'NONE',  ( -85.33205405214440020, -12.50000000000240163, 74.79652333040139922 ) ) ;
#1515 = FILL_AREA_STYLE_COLOUR ( '', #4212 ) ;
#1516 = CARTESIAN_POINT ( 'NONE',  ( -35.20357824171017569, -12.50000000000000355, 37.97057365723006939 ) ) ;
#1517 = CARTESIAN_POINT ( 'NONE',  ( -35.27598954357612371, -1.098841425329067478, 40.83473306331399755 ) ) ;
#1518 = ORIENTED_EDGE ( 'NONE', *, *, #2880, .F. ) ;
#1519 = CARTESIAN_POINT ( 'NONE',  ( -85.59129374657639744, 12.49999999937599959, 72.04850974897769333 ) ) ;
#1520 = CARTESIAN_POINT ( 'NONE',  ( -56.48662010717210791, -12.49999999993530153, 85.03416346901859413 ) ) ;
#1521 = CARTESIAN_POINT ( 'NONE',  ( -13.52832789054009943, 4.500000000000000000, 67.10643082012431648 ) ) ;
#1522 = CARTESIAN_POINT ( 'NONE',  ( -43.88793742586710067, -12.50000000001440092, 58.25673589353749549 ) ) ;
#1523 = CARTESIAN_POINT ( 'NONE',  ( -27.21692930468629967, -3.059375821630019754, 37.40766625019740133 ) ) ;
#1524 = CARTESIAN_POINT ( 'NONE',  ( -58.23963955968559958, 4.500000000000000000, 54.28334022984300589 ) ) ;
#1525 = CARTESIAN_POINT ( 'NONE',  ( -55.89643846131829719, 12.49999999989050004, 61.93535101573660029 ) ) ;
#1526 = CARTESIAN_POINT ( 'NONE',  ( -85.77020372754820698, -12.49999999944270002, 72.30796894990390911 ) ) ;
#1527 = CARTESIAN_POINT ( 'NONE',  ( -70.95290130361669867, -12.50000000000000000, 65.68148796410820012 ) ) ;
#1528 = CARTESIAN_POINT ( 'NONE',  ( -6.354926567176295116, 7.542574196964626942, 62.62681631991478781 ) ) ;
#1529 = CARTESIAN_POINT ( 'NONE',  ( -27.17601547020109720, 12.49999999999960032, 40.52332300286100519 ) ) ;
#1530 = CARTESIAN_POINT ( 'NONE',  ( -27.86043983705519977, 4.632813184691680242, 37.25894899533159332 ) ) ;
#1531 = CARTESIAN_POINT ( 'NONE',  ( -75.63779684351543153, -10.60893687405802055, 93.86870647034085380 ) ) ;
#1532 = CARTESIAN_POINT ( 'NONE',  ( -36.20301082004437632, 1.950866648333370312, 43.36462293655914380 ) ) ;
#1533 = CARTESIAN_POINT ( 'NONE',  ( -83.69256620163569949, -12.49999999997660005, 77.72880448927170960 ) ) ;
#1534 = CARTESIAN_POINT ( 'NONE',  ( -27.28200352002409801, -12.50000000000000000, 36.84096475968910056 ) ) ;
#1535 = FACE_OUTER_BOUND ( 'NONE', #2793, .T. ) ;
#1536 = EDGE_LOOP ( 'NONE', ( #2578, #3610, #2145, #4363 ) ) ;
#1537 = CARTESIAN_POINT ( 'NONE',  ( -85.75804754234130201, 12.49999999977480059, 72.28708211432369524 ) ) ;
#1538 = CARTESIAN_POINT ( 'NONE',  ( -73.83688609469470521, -12.50000000000000000, 88.53673813576540397 ) ) ;
#1539 = CARTESIAN_POINT ( 'NONE',  ( -41.82366869314719793, 4.500000000000000000, 86.57868704730600484 ) ) ;
#1540 = CARTESIAN_POINT ( 'NONE',  ( -28.64457250859759796, -12.49999999999899991, 46.14117642862859725 ) ) ;
#1541 = CARTESIAN_POINT ( 'NONE',  ( -93.85951810735993206, 12.50000000000000178, 72.10013574663253166 ) ) ;
#1542 = CYLINDRICAL_SURFACE ( 'NONE', #2580, 8.000000000000000000 ) ;
#1543 = CARTESIAN_POINT ( 'NONE',  ( -87.66189335268111904, 12.50000000000000178, 63.52707821621179818 ) ) ;
#1544 = CARTESIAN_POINT ( 'NONE',  ( -72.36013777827189131, 12.49999999999969980, 66.07477011978329529 ) ) ;
#1545 = CARTESIAN_POINT ( 'NONE',  ( -79.72315054286680436, -12.49999999999719869, 68.51389003425740043 ) ) ;
#1546 = CARTESIAN_POINT ( 'NONE',  ( -92.39603566289129333, -4.500000000000000000, 67.81319500997680905 ) ) ;
#1547 = CARTESIAN_POINT ( 'NONE',  ( -6.446231196418666265, 7.754459847134111072, 62.57018599951879878 ) ) ;
#1548 = CARTESIAN_POINT ( 'NONE',  ( -6.936103452357199828, -5.885098945269709780, 41.75000000000000000 ) ) ;
#1549 = CARTESIAN_POINT ( 'NONE',  ( -27.26018431940800113, 0.000000000000000000, 39.99556848024240452 ) ) ;
#1550 = CARTESIAN_POINT ( 'NONE',  ( -74.40688683763255540, -12.33149500481498428, 90.22598407210536209 ) ) ;
#1551 = CARTESIAN_POINT ( 'NONE',  ( -36.09599514747907278, 1.983169332443399213, 43.17160726703549756 ) ) ;
#1552 = CARTESIAN_POINT ( 'NONE',  ( -85.09347088497970901, -12.49999999998829914, 75.31887111563210624 ) ) ;
#1553 = CARTESIAN_POINT ( 'NONE',  ( -37.23654496688970994, -1.273386682336955955, 44.85869027450562641 ) ) ;
#1554 = CARTESIAN_POINT ( 'NONE',  ( -85.14175971376590724, 12.49999999999850075, 71.56991598447210379 ) ) ;
#1555 = CARTESIAN_POINT ( 'NONE',  ( -61.15589410365379308, -12.49999999999680078, 86.46838395643329989 ) ) ;
#1556 = CARTESIAN_POINT ( 'NONE',  ( -38.91152867117269665, 12.50000000000000178, 84.58178641198880143 ) ) ;
#1557 = CARTESIAN_POINT ( 'NONE',  ( -30.95268442774469975, -12.49999999997409894, 49.81244592125789694 ) ) ;
#1558 = CARTESIAN_POINT ( 'NONE',  ( -85.87850917504658810, 12.50000000000000000, 72.69607877693319153 ) ) ;
#1559 = CARTESIAN_POINT ( 'NONE',  ( -76.61209958586061930, -12.50000000000000355, 96.77448257329569969 ) ) ;
#1560 = CARTESIAN_POINT ( 'NONE',  ( -92.59530064987130515, 4.500000000000000000, 68.13060601865389287 ) ) ;
#1561 = CARTESIAN_POINT ( 'NONE',  ( -58.55897244903970034, 12.49999999999389999, 62.60453688247400095 ) ) ;
#1562 = CARTESIAN_POINT ( 'NONE',  ( -43.08504383926879910, 12.49999999998079936, 77.72542204799520960 ) ) ;
#1563 = CARTESIAN_POINT ( 'NONE',  ( -83.93109457380319327, -12.50000000000000000, 70.63562555783390451 ) ) ;
#1564 = CARTESIAN_POINT ( 'NONE',  ( -85.67059353411700329, -12.50000000000000000, 72.15295019340729255 ) ) ;
#1565 = CARTESIAN_POINT ( 'NONE',  ( -35.24254869795399969, 4.500000000000000000, 37.64998876519079829 ) ) ;
#1566 = CARTESIAN_POINT ( 'NONE',  ( -27.23084647180230178, 12.49999999999939959, 41.10886422457539169 ) ) ;
#1567 = EDGE_CURVE ( 'NONE', #3647, #3504, #1865, .T. ) ;
#1568 = EDGE_CURVE ( 'NONE', #2599, #3384, #4470, .T. ) ;
#1569 = CARTESIAN_POINT ( 'NONE',  ( -92.98076800796889074, 4.336808689942017736E-16, 77.21289204332060763 ) ) ;
#1570 = VECTOR ( 'NONE', #4, 1000.000000000000000 ) ;
#1571 = CARTESIAN_POINT ( 'NONE',  ( -74.87684326027971338, -11.92289822624133322, 91.61750685275210060 ) ) ;
#1572 = CARTESIAN_POINT ( 'NONE',  ( -6.396700255061746887, -7.640832820821662708, 42.77914843715151960 ) ) ;
#1573 = CARTESIAN_POINT ( 'NONE',  ( -36.47821888777816923, 1.836035754829399735, 43.82466776195791169 ) ) ;
#1574 = CARTESIAN_POINT ( 'NONE',  ( -85.58998775143560067, -12.49999999993769961, 74.12836243333339326 ) ) ;
#1575 = DIRECTION ( 'NONE',  ( 1.000000000000000000, 0.000000000000000000, 0.000000000000000000 ) ) ;
#1576 = ORIENTED_EDGE ( 'NONE', *, *, #3870, .T. ) ;
#1577 = ORIENTED_EDGE ( 'NONE', *, *, #1744, .T. ) ;
#1578 = CARTESIAN_POINT ( 'NONE',  ( -85.81373554051469910, 12.49999999999799982, 73.32288966731718460 ) ) ;
#1579 = B_SPLINE_CURVE_WITH_KNOTS ( 'NONE', 3,
 ( #3017, #2724, #2378, #2011, #316, #3111 ),
 .UNSPECIFIED., .F., .F.,
 ( 4, 2, 4 ),
 ( 0.000000000000000000, 0.005042465151420439870, 0.01009908215740430021 ),
 .UNSPECIFIED. ) ;
#1580 = CARTESIAN_POINT ( 'NONE',  ( -65.41814743657720044, -12.49999999999809930, 87.40921376973059864 ) ) ;
#1581 = CARTESIAN_POINT ( 'NONE',  ( -49.92999819192422706, 12.50000000000000355, 91.06763773861916889 ) ) ;
#1582 = CARTESIAN_POINT ( 'NONE',  ( -29.65529161368480260, -12.49999999999629985, 48.00316079501439503 ) ) ;
#1583 = CARTESIAN_POINT ( 'NONE',  ( -32.00283175543539471, -6.299999999999999822, 64.30021536386550451 ) ) ;
#1584 = CARTESIAN_POINT ( 'NONE',  ( -93.85662314250659222, 4.500000000000000000, 73.45556247170308950 ) ) ;
#1585 = CARTESIAN_POINT ( 'NONE',  ( -78.80312078831886424, -12.50000000000000178, 94.83593243073741519 ) ) ;
#1586 = B_SPLINE_CURVE_WITH_KNOTS ( 'NONE', 3,
 ( #4512, #239, #1339, #1633 ),
 .UNSPECIFIED., .F., .F.,
 ( 4, 4 ),
 ( 0.000000000000000000, 1.000000000000000000 ),
 .UNSPECIFIED. ) ;
#1587 = CARTESIAN_POINT ( 'NONE',  ( -85.21473485320869656, 12.50000000000000000, 71.63786044252481133 ) ) ;
#1588 = CARTESIAN_POINT ( 'NONE',  ( -79.67547575185520259, 12.49999999999669953, 68.49455382897569677 ) ) ;
#1589 = CARTESIAN_POINT ( 'NONE',  ( -59.09289245207389740, 12.49999999999689848, 85.89331658803710923 ) ) ;
#1590 = CARTESIAN_POINT ( 'NONE',  ( -79.77091576808579987, -12.49999999999769962, 68.53336979808180729 ) ) ;
#1591 = CARTESIAN_POINT ( 'NONE',  ( -85.35328185099101006, -12.50000000000000000, 71.77625320916060048 ) ) ;
#1592 = CARTESIAN_POINT ( 'NONE',  ( -12.28266233337600788, 12.36346825334065969, 58.99588128822632171 ) ) ;
#1593 = CARTESIAN_POINT ( 'NONE',  ( -30.21280399999560018, 12.49999999999939959, 48.83921985806239974 ) ) ;
#1594 = CARTESIAN_POINT ( 'NONE',  ( -76.52498947725148071, 6.641648888527373451, 96.48905679801447377 ) ) ;
#1595 = CARTESIAN_POINT ( 'NONE',  ( -74.38353016431250353, -12.34506154492649266, 90.15675601292042529 ) ) ;
#1596 = DIRECTION ( 'NONE',  ( 0.000000000000000000, 0.9409515677377441323, -0.3385412045407200643 ) ) ;
#1597 = CARTESIAN_POINT ( 'NONE',  ( -41.82366869314719793, -4.500000000000000000, 86.57868704730600484 ) ) ;
#1598 = CARTESIAN_POINT ( 'NONE',  ( -36.64370592630718448, 1.744343502593376005, 44.07630337701997547 ) ) ;
#1599 = EDGE_CURVE ( 'NONE', #2311, #3541, #3055, .T. ) ;
#1600 = CARTESIAN_POINT ( 'NONE',  ( -85.85144715076751254, -12.49999999921980098, 72.49198777202059318 ) ) ;
#1601 = CARTESIAN_POINT ( 'NONE',  ( -37.64737802850689263, -0.7374829882781284152, 45.32532559185961674 ) ) ;
#1602 = VERTEX_POINT ( 'NONE', #3806 ) ;
#1603 = VERTEX_POINT ( 'NONE', #2069 ) ;
#1604 = CARTESIAN_POINT ( 'NONE',  ( -38.63033154183590057, -4.500000000000000000, 46.29171796943980155 ) ) ;
#1605 = ORIENTED_EDGE ( 'NONE', *, *, #1903, .F. ) ;
#1606 = CARTESIAN_POINT ( 'NONE',  ( -85.87829347622719922, 12.49999999978640020, 72.69607053726009838 ) ) ;
#1607 = CARTESIAN_POINT ( 'NONE',  ( -65.08966535836299272, -12.49999999999910116, 87.34711617049720189 ) ) ;
#1608 = CARTESIAN_POINT ( 'NONE',  ( -71.53124092984944582, 12.50000000000000178, 96.35755121022647529 ) ) ;
#1609 = CARTESIAN_POINT ( 'NONE',  ( -30.50148351583429829, -12.49999999998859934, 49.24131011907159916 ) ) ;
#1610 = CARTESIAN_POINT ( 'NONE',  ( -5.918982962214709431, -6.114965244228657504, 62.89761416443617748 ) ) ;
#1611 = CARTESIAN_POINT ( 'NONE',  ( -93.87592495930189784, 12.50000000000000355, 72.44150843563335229 ) ) ;
#1612 = CARTESIAN_POINT ( 'NONE',  ( -77.48194981279907267, -12.50000000000000178, 96.01374639944418732 ) ) ;
#1613 = VERTEX_POINT ( 'NONE', #3465 ) ;
#1614 = CARTESIAN_POINT ( 'NONE',  ( -75.73456403778349966, 12.49999999999910116, 67.08495777467710752 ) ) ;
#1615 = CARTESIAN_POINT ( 'NONE',  ( -62.39488596220950711, 12.49999999999799982, 86.77529966815939133 ) ) ;
#1616 = CARTESIAN_POINT ( 'NONE',  ( -78.90018216636720183, -12.49999999999839950, 68.18938954475400749 ) ) ;
#1617 = CARTESIAN_POINT ( 'NONE',  ( -85.85358909181009324, -12.50000000000000000, 72.49990408568950784 ) ) ;
#1618 = CARTESIAN_POINT ( 'NONE',  ( -35.19488352330550640, 4.500000000000000000, 38.04269812155440178 ) ) ;
#1619 = CARTESIAN_POINT ( 'NONE',  ( -27.96746970533330057, 12.49999999999850075, 44.44306985278499411 ) ) ;
#1620 = VECTOR ( 'NONE', #3698, 1000.000000000000000 ) ;
#1621 = CARTESIAN_POINT ( 'NONE',  ( -76.02715494497014959, 9.466731864509926098, 95.02041361426348942 ) ) ;
#1622 = CARTESIAN_POINT ( 'NONE',  ( -21.83722406390289805, 4.650802484893110211, 38.00000000000000000 ) ) ;
#1623 = CARTESIAN_POINT ( 'NONE',  ( -28.94526751729219072, -12.32359097520737201, 37.01938818580980239 ) ) ;
#1624 = CARTESIAN_POINT ( 'NONE',  ( -53.42487663031869261, -4.500000000000000000, 92.45707839253299198 ) ) ;
#1625 = DIRECTION ( 'NONE',  ( -1.000000000000000000, 0.000000000000000000, 0.000000000000000000 ) ) ;
#1626 = CARTESIAN_POINT ( 'NONE',  ( -85.87812931160819119, -12.49999999988239985, 72.81060830605768786 ) ) ;
#1627 = CARTESIAN_POINT ( 'NONE',  ( -34.01515240909230187, 8.850393951261770198, 38.00539823872090039 ) ) ;
#1628 = EDGE_LOOP ( 'NONE', ( #3993, #3822, #71, #3146 ) ) ;
#1629 = CARTESIAN_POINT ( 'NONE',  ( -33.37471201085070049, -12.50000000000000000, 52.33177314858379958 ) ) ;
#1630 = CARTESIAN_POINT ( 'NONE',  ( -85.87909828135560986, 12.49999999975470111, 72.72882534800268672 ) ) ;
#1631 = CARTESIAN_POINT ( 'NONE',  ( -39.41619753664669901, 4.499999999217982882, 79.57987957991701933 ) ) ;
#1632 = CARTESIAN_POINT ( 'NONE',  ( -27.23078246674150193, -12.49999999999939959, 41.10829991485799439 ) ) ;
#1633 = CARTESIAN_POINT ( 'NONE',  ( -21.83722406390289805, 4.650802484893110211, 38.00000000000000000 ) ) ;
#1634 = CARTESIAN_POINT ( 'NONE',  ( -93.76328503548080562, 4.500000000000000000, 71.25613026896260749 ) ) ;
#1635 = CARTESIAN_POINT ( 'NONE',  ( -6.479451931043685775, -6.187839701596335118, 41.86632950086313798 ) ) ;
#1636 = EDGE_LOOP ( 'NONE', ( #3330, #3903, #2729, #2016 ) ) ;
#1637 = CARTESIAN_POINT ( 'NONE',  ( -84.20660118636749303, 12.49999999999320011, 70.82367369670629387 ) ) ;
#1638 = B_SPLINE_SURFACE_WITH_KNOTS ( 'NONE', 3, 1, ( 
 ( #1281, #869 ),
 ( #1627, #3012 ),
 ( #2668, #2620 ),
 ( #3263, #1914 ),
 ( #141, #2920 ),
 ( #4319, #1187 ),
 ( #2576, #3971 ),
 ( #4339, #4362 ),
 ( #1207, #2598 ) ),
 .UNSPECIFIED., .F., .F., .F.,
 ( 4, 1, 1, 1, 1, 1, 4 ),
 ( 2, 2 ),
 ( 0.000000000000000000, 0.2500000000000000000, 0.3750000000000000000, 0.5000000000000000000, 0.6250000000000000000, 0.7500000000000000000, 1.000000000000000000 ),
 ( 0.000000000000000000, 0.1086125630639469958 ),
 .UNSPECIFIED. ) ;
#1639 = AXIS2_PLACEMENT_3D ( 'NONE', #4083, #2360, #4422 ) ;
#1640 = CARTESIAN_POINT ( 'NONE',  ( -63.49805009158640701, 12.49999999999749889, 87.02293350442450048 ) ) ;
#1641 = CARTESIAN_POINT ( 'NONE',  ( -84.14744434954680230, -12.49999999999620037, 70.78274280949270292 ) ) ;
#1642 = CARTESIAN_POINT ( 'NONE',  ( -91.93362522844279283, -4.500000000000000000, 67.16914774386059150 ) ) ;
#1643 = CARTESIAN_POINT ( 'NONE',  ( 0.000000000000000000, 10.00000000000000000, 0.000000000000000000 ) ) ;
#1644 = CARTESIAN_POINT ( 'NONE',  ( -27.46070401830139929, 12.49999999999889866, 42.54669604163980523 ) ) ;
#1645 = CARTESIAN_POINT ( 'NONE',  ( -8.875005350703430551, -12.50000000000000000, 55.61929932210019700 ) ) ;
#1646 = CARTESIAN_POINT ( 'NONE',  ( -32.26597030900927621, -10.79904744982270692, 36.73483948511505304 ) ) ;
#1647 = CARTESIAN_POINT ( 'NONE',  ( -58.32087341516860590, -4.500000000000000000, 94.00494608502590665 ) ) ;
#1648 = ADVANCED_FACE ( 'NONE', ( #2777 ), #732, .T. ) ;
#1649 = DIRECTION ( 'NONE',  ( 0.000000000000000000, -1.000000000000000000, 0.000000000000000000 ) ) ;
#1650 = CARTESIAN_POINT ( 'NONE',  ( -27.21692930468629967, 12.50000000000000000, 37.40766625019740133 ) ) ;
#1651 = VERTEX_POINT ( 'NONE', #2434 ) ;
#1652 = CARTESIAN_POINT ( 'NONE',  ( -35.21263848790700735, -4.500000000000000000, 40.46969142694020150 ) ) ;
#1653 = CARTESIAN_POINT ( 'NONE',  ( -85.83844649739640431, 12.49999999999590017, 73.18567694521149747 ) ) ;
#1654 = CARTESIAN_POINT ( 'NONE',  ( -35.20000000000000284, 16.00000000000000000, 5.000000000000000000 ) ) ;
#1655 = CARTESIAN_POINT ( 'NONE',  ( -27.12614546469309929, -12.50000000000000000, 39.33064378674760064 ) ) ;
#1656 = CARTESIAN_POINT ( 'NONE',  ( -13.06482621868031302, -12.47399984402696660, 58.52324309957051440 ) ) ;
#1657 = CARTESIAN_POINT ( 'NONE',  ( -82.21935084974494146, 12.50000000000000000, 91.62936371476847341 ) ) ;
#1658 =( GEOMETRIC_REPRESENTATION_CONTEXT ( 3 ) GLOBAL_UNCERTAINTY_ASSIGNED_CONTEXT ( ( #3452 ) ) GLOBAL_UNIT_ASSIGNED_CONTEXT ( ( #1063, #2111, #2494 ) ) REPRESENTATION_CONTEXT ( 'NONE', 'WORKASPACE' ) );
#1659 = CARTESIAN_POINT ( 'NONE',  ( -6.276160592192520760, -7.243347757075076387, 42.48927788587224796 ) ) ;
#1660 = CARTESIAN_POINT ( 'NONE',  ( -89.79369647011479572, -10.00000000000001421, 78.87775616380572785 ) ) ;
#1661 = CARTESIAN_POINT ( 'NONE',  ( -83.26695490869029470, 12.49999999999180034, 70.22140339854990998 ) ) ;
#1662 = B_SPLINE_CURVE_WITH_KNOTS ( 'NONE', 3,
 ( #4430, #3058, #258, #4116, #1982, #991 ),
 .UNSPECIFIED., .F., .F.,
 ( 4, 2, 4 ),
 ( -0.02720703472093500067, -0.01357875290330739886, -3.357231759867213006E-06 ),
 .UNSPECIFIED. ) ;
#1663 = CARTESIAN_POINT ( 'NONE',  ( -63.24434030385648953, 12.49999999999839950, 86.96748984018979911 ) ) ;
#1664 = CARTESIAN_POINT ( 'NONE',  ( -56.27357469761309972, -12.49999999988139976, 62.03168157771409597 ) ) ;
#1665 = DIRECTION ( 'NONE',  ( 0.000000000000000000, 0.000000000000000000, -1.000000000000000000 ) ) ;
#1666 = CARTESIAN_POINT ( 'NONE',  ( -71.94951299784548837, 12.50000000000000000, 88.35477780759400446 ) ) ;
#1667 = CARTESIAN_POINT ( 'NONE',  ( -93.77952745696354953, -12.50000000000000178, 74.18300151728671210 ) ) ;
#1668 = CARTESIAN_POINT ( 'NONE',  ( -35.21005689898763080, 12.50000000000000178, 37.91726471061011239 ) ) ;
#1669 = CARTESIAN_POINT ( 'NONE',  ( -27.81768916208060105, 12.49999999999769962, 43.96502338572179980 ) ) ;
#1670 = CARTESIAN_POINT ( 'NONE',  ( -5.751249870896843142, -12.50000000000000355, 62.99845678675640670 ) ) ;
#1671 = EDGE_CURVE ( 'NONE', #3434, #3647, #119, .T. ) ;
#1672 = CARTESIAN_POINT ( 'NONE',  ( -28.99070906258040026, -4.500000000000000000, 77.23309812428699672 ) ) ;
#1673 = FACE_OUTER_BOUND ( 'NONE', #3648, .T. ) ;
#1674 = PRODUCT_DEFINITION_SHAPE ( 'NONE', 'NONE',  #200 ) ;
#1675 = CARTESIAN_POINT ( 'NONE',  ( -27.07536623924810115, -4.632813184691680242, 37.96583844403239993 ) ) ;
#1676 = ORIENTED_EDGE ( 'NONE', *, *, #2377, .F. ) ;
#1677 = ORIENTED_EDGE ( 'NONE', *, *, #2381, .T. ) ;
#1678 = CARTESIAN_POINT ( 'NONE',  ( -34.60628775907610333, -12.50000000000000000, 53.33224520220450415 ) ) ;
#1679 = CARTESIAN_POINT ( 'NONE',  ( -85.65534132135981338, 12.49999999998619948, 73.92967084928149291 ) ) ;
#1680 = CARTESIAN_POINT ( 'NONE',  ( -91.71252010744849770, 4.500000000000000000, 66.89406985751999457 ) ) ;
#1681 = ORIENTED_EDGE ( 'NONE', *, *, #3659, .F. ) ;
#1682 = CARTESIAN_POINT ( 'NONE',  ( -98.12158117679103952, -10.00000000000000000, 79.10630067593649528 ) ) ;
#1683 = CARTESIAN_POINT ( 'NONE',  ( -33.78385544517439598, -9.183510742097839241, 37.10069069116089935 ) ) ;
#1684 = CARTESIAN_POINT ( 'NONE',  ( -12.17277326666050108, -12.34223428263031686, 59.06232868503460764 ) ) ;
#1685 = CARTESIAN_POINT ( 'NONE',  ( -83.41030459706657041, 12.50000000000000711, 90.44323799329409042 ) ) ;
#1686 = CARTESIAN_POINT ( 'NONE',  ( -6.379930288924484216, -6.348136066306295788, 41.95108879294831183 ) ) ;
#1687 = CARTESIAN_POINT ( 'NONE',  ( -90.03881089078953437, -10.00000000000001421, 78.42020364547423128 ) ) ;
#1688 = CARTESIAN_POINT ( 'NONE',  ( -84.67335783146739914, 12.49999999996639843, 71.16901083171960352 ) ) ;
#1689 = CARTESIAN_POINT ( 'NONE',  ( -38.76709288840340406, 12.50000000000000000, 74.56000685309989251 ) ) ;
#1690 = CARTESIAN_POINT ( 'NONE',  ( -58.80923758924309652, -12.49999999999710099, 62.66637222661129414 ) ) ;
#1691 = CYLINDRICAL_SURFACE ( 'NONE', #929, 1.099999999999999645 ) ;
#1692 = CARTESIAN_POINT ( 'NONE',  ( -65.34438318223270414, 12.49999999999839950, 87.39537682231349436 ) ) ;
#1693 = CARTESIAN_POINT ( 'NONE',  ( -93.82330276304179506, -4.500000000000000000, 71.68892445042659745 ) ) ;
#1694 = CARTESIAN_POINT ( 'NONE',  ( -28.12089601262249872, 12.50000000000000000, 44.91896369157569779 ) ) ;
#1695 = CARTESIAN_POINT ( 'NONE',  ( -30.42443421455329755, 12.49999999999599964, 49.13793126147259471 ) ) ;
#1696 = CARTESIAN_POINT ( 'NONE',  ( -9.102407808213589746, -12.50000000000000000, 55.73131154972690382 ) ) ;
#1697 = ADVANCED_FACE ( 'NONE', ( #1130 ), #209, .T. ) ;
#1698 = CARTESIAN_POINT ( 'NONE',  ( -27.07536623924810115, -4.632813184691680242, 37.96583844403239993 ) ) ;
#1699 = CARTESIAN_POINT ( 'NONE',  ( -36.12389692924859474, -4.500000000000000000, 82.57787135891199171 ) ) ;
#1700 = CARTESIAN_POINT ( 'NONE',  ( -13.75436083365409878, 4.500000000000000000, 42.75000000000000000 ) ) ;
#1701 = CARTESIAN_POINT ( 'NONE',  ( -25.19715842554007779, 12.50000000000000178, 74.49525678312645027 ) ) ;
#1702 = CARTESIAN_POINT ( 'NONE',  ( -35.14767110045419685, 5.632896208979469854, 37.10029354652129996 ) ) ;
#1703 = EDGE_LOOP ( 'NONE', ( #2829, #3740, #3795, #3563 ) ) ;
#1704 = CARTESIAN_POINT ( 'NONE',  ( -35.13494281938619679, -4.500000000000000000, 39.67569051991609541 ) ) ;
#1705 = CARTESIAN_POINT ( 'NONE',  ( -85.05970345810800382, 12.49999999998370015, 75.38835430559680617 ) ) ;
#1706 = CARTESIAN_POINT ( 'NONE',  ( -82.81494952486480088, 12.50000000000000000, 69.96242446134979787 ) ) ;
#1707 = ORIENTED_EDGE ( 'NONE', *, *, #662, .F. ) ;
#1708 = CARTESIAN_POINT ( 'NONE',  ( -7.944885814342973696, 10.00000000000000000, 60.79638613512148737 ) ) ;
#1709 = CARTESIAN_POINT ( 'NONE',  ( -27.16476818790680170, -12.49999999999979927, 40.35787744701179491 ) ) ;
#1710 = CARTESIAN_POINT ( 'NONE',  ( -12.27640984546454739, -12.36229570625175000, 58.99966364909776928 ) ) ;
#1711 = CARTESIAN_POINT ( 'NONE',  ( -87.89499691805409043, 12.50000000000000355, 85.48042002248354265 ) ) ;
#1712 = ADVANCED_FACE ( 'NONE', ( #4229 ), #694, .T. ) ;
#1713 = CARTESIAN_POINT ( 'NONE',  ( -6.319326419167511588, 6.895628400389556489, 42.16218354552084691 ) ) ;
#1714 = CARTESIAN_POINT ( 'NONE',  ( -29.78562809492120067, 12.49999999999209876, 67.96771569618729814 ) ) ;
#1715 = CARTESIAN_POINT ( 'NONE',  ( -50.04009705971499500, -12.49999999990500044, 60.32792494778050241 ) ) ;
#1716 = DIRECTION ( 'NONE',  ( -0.3090169943749528914, 0.000000000000000000, -0.9510565162951518658 ) ) ;
#1717 = CARTESIAN_POINT ( 'NONE',  ( -33.31883296693997210, 9.786254242597310693, 36.94052914181369118 ) ) ;
#1718 =( BOUNDED_CURVE ( )  B_SPLINE_CURVE ( 3, ( #1078, #3522, #3862, #1792, #3171, #2488, #3907, #3884, #763, #2148, #3544, #1724, #333, #425, #1468, #2852, #4249, #3104, #4501, #4162, #3258 ),
 .UNSPECIFIED., .F., .T. ) 
 B_SPLINE_CURVE_WITH_KNOTS ( ( 4, 1, 1, 1, 1, 1, 1, 1, 1, 1, 1, 1, 1, 1, 1, 1, 1, 1, 4 ),
 ( 0.07207536834022189309, 0.07242714393556176633, 0.07288117573493185786, 0.07333520753430311512, 0.07378923933367440013, 0.07424327113304565740, 0.07469730293241574892, 0.07560536653115829120, 0.07651343012989968162, 0.07742149372864218226, 0.07832955732738357268, 0.07923762092612611496, 0.08014568452486746375, 0.08196181172235135481, 0.08377793891983528751, 0.08559406611731917858, 0.08741019331480306964, 0.08922632051228700234, 0.08971880218520522643 ),
 .UNSPECIFIED. ) 
 CURVE ( )  GEOMETRIC_REPRESENTATION_ITEM ( )  RATIONAL_B_SPLINE_CURVE ( ( 0.8537131161653412903, 0.8537131161653412903, 0.8537131161653402911, 0.8537131161653411793, 0.8537131161653407352, 0.8537131161653411793, 0.8537131161653407352, 0.8537131161653411793, 0.8537131161653407352, 0.8537131161653411793, 0.8537131161653411793, 0.8537131161653407352, 0.8537131161653411793, 0.8537131161653407352, 0.8537131161653411793, 0.8537131161653407352, 0.8537131161653411793, 0.8537131161653401801, 0.8537131161653412903, 0.8537131161653412903, 0.8537131161653412903 ) ) 
 REPRESENTATION_ITEM ( '' )  );
#1719 = CARTESIAN_POINT ( 'NONE',  ( -27.14303364356100090, 12.50000000000000000, 40.09117088910149818 ) ) ;
#1720 = CARTESIAN_POINT ( 'NONE',  ( -35.68911319087450806, 12.49999999995629985, 54.09509622589899891 ) ) ;
#1721 = CARTESIAN_POINT ( 'NONE',  ( -85.70721531065480292, -12.49999999999939959, 73.75670751455561458 ) ) ;
#1722 = CARTESIAN_POINT ( 'NONE',  ( -5.814676882376335065, 5.489311339857019689, 62.96267373670129075 ) ) ;
#1723 = PLANE ( 'NONE',  #4342 ) ;
#1724 = CARTESIAN_POINT ( 'NONE',  ( -87.46790662763086743, 10.00000000000000178, 82.45803935931942874 ) ) ;
#1725 = VECTOR ( 'NONE', #2285, 1000.000000000000000 ) ;
#1726 = CARTESIAN_POINT ( 'NONE',  ( -92.04349280585606152, 8.379061398422871676, 76.86768499133506793 ) ) ;
#1727 = ORIENTED_EDGE ( 'NONE', *, *, #252, .T. ) ;
#1728 = CARTESIAN_POINT ( 'NONE',  ( -61.20756726309389961, -4.500000000000000000, 55.02086653241149605 ) ) ;
#1729 = CARTESIAN_POINT ( 'NONE',  ( -82.48946739307099563, 12.49999999999960032, 79.40835840995700323 ) ) ;
#1730 = ORIENTED_EDGE ( 'NONE', *, *, #1909, .F. ) ;
#1731 = CARTESIAN_POINT ( 'NONE',  ( -93.49214391346221475, 4.500000000000000000, 70.11163756926690382 ) ) ;
#1732 = ORIENTED_EDGE ( 'NONE', *, *, #651, .F. ) ;
#1733 = CARTESIAN_POINT ( 'NONE',  ( -5.754360833654099672, 4.500000000000000888, 45.08660639311544571 ) ) ;
#1734 = CARTESIAN_POINT ( 'NONE',  ( -27.20762943169289727, -12.50000000000000000, 37.50097465673930230 ) ) ;
#1735 = CARTESIAN_POINT ( 'NONE',  ( -27.21692930468629967, -12.50000000000000000, 37.40766625019740133 ) ) ;
#1736 = CARTESIAN_POINT ( 'NONE',  ( -79.81421041056997012, 12.50000000000000178, 93.91412985293236204 ) ) ;
#1737 = CARTESIAN_POINT ( 'NONE',  ( -6.343178007050033429, 7.398822738626233075, 42.46300863695013561 ) ) ;
#1738 = CARTESIAN_POINT ( 'NONE',  ( -75.96032411430769571, 12.50000000000000000, 58.78695646819419807 ) ) ;
#1739 = CARTESIAN_POINT ( 'NONE',  ( -67.56274265688040259, -12.49999999999910116, 64.80687717391730018 ) ) ;
#1740 = DIRECTION ( 'NONE',  ( -1.000000000000000000, 0.000000000000000000, 0.000000000000000000 ) ) ;
#1741 = CARTESIAN_POINT ( 'NONE',  ( -70.34950578376509611, 12.50000000000000000, 88.16697573659330089 ) ) ;
#1742 = CARTESIAN_POINT ( 'NONE',  ( -27.29245223286540067, 12.50000000000000000, 41.61759147301789596 ) ) ;
#1743 = CARTESIAN_POINT ( 'NONE',  ( -31.10246069484130160, 12.49999999999180034, 49.99474201782820160 ) ) ;
#1744 = EDGE_CURVE ( 'NONE', #2427, #4026, #2786, .T. ) ;
#1745 = CARTESIAN_POINT ( 'NONE',  ( -85.87751031695340487, -12.49999999991119992, 72.82711714070630649 ) ) ;
#1746 = CARTESIAN_POINT ( 'NONE',  ( -5.933181128528520532, 5.268554282779449593, 38.00000000001879386 ) ) ;
#1747 = CARTESIAN_POINT ( 'NONE',  ( -77.47258581936688415, -12.50000000000000000, 88.80573758309519405 ) ) ;
#1748 = CARTESIAN_POINT ( 'NONE',  ( -6.937747217643379649, 5.277635127831398876, 39.74223742980460372 ) ) ;
#1749 = CARTESIAN_POINT ( 'NONE',  ( -91.92569262159071286, 8.597349913770635510, 76.82429810321312402 ) ) ;
#1750 = ORIENTED_EDGE ( 'NONE', *, *, #3147, .F. ) ;
#1751 = CARTESIAN_POINT ( 'NONE',  ( -55.32990382218186198, -12.50000000000000178, 53.52302538182452452 ) ) ;
#1752 = CARTESIAN_POINT ( 'NONE',  ( -85.52447768507408909, 12.49999999992119903, 74.31221452717331033 ) ) ;
#1753 = EDGE_LOOP ( 'NONE', ( #3880, #1003, #1037, #3480, #2010, #1305, #3301, #3361 ) ) ;
#1754 = CARTESIAN_POINT ( 'NONE',  ( -81.84967925625490182, -12.49999999999919886, 80.22339469749350371 ) ) ;
#1755 = CARTESIAN_POINT ( 'NONE',  ( -25.52750939320410239, 14.07343736306170001, 37.79688962485400339 ) ) ;
#1756 = CARTESIAN_POINT ( 'NONE',  ( -27.32400641830680144, -12.50000000000000000, 36.49543784985340267 ) ) ;
#1757 = CARTESIAN_POINT ( 'NONE',  ( -90.89854396428340522, 4.500000000000000000, 81.32639016079549776 ) ) ;
#1758 = CARTESIAN_POINT ( 'NONE',  ( -6.402605479466997096, 7.660790990192359651, 42.62770988758414603 ) ) ;
#1759 = CARTESIAN_POINT ( 'NONE',  ( -27.51377143253489876, -12.49999999958460073, 66.39732113653350609 ) ) ;
#1760 = CARTESIAN_POINT ( 'NONE',  ( -35.11509483116595476, 5.757887877238474950, 37.89297039363756170 ) ) ;
#1761 = CARTESIAN_POINT ( 'NONE',  ( -47.23942519811850360, -12.49999999999830003, 59.45066784799129778 ) ) ;
#1762 = CARTESIAN_POINT ( 'NONE',  ( -85.59068760652070296, -12.50000000000000000, 74.12857539511890081 ) ) ;
#1763 = CARTESIAN_POINT ( 'NONE',  ( -33.39263326603718696, 9.699124908104886700, 36.96258435150534183 ) ) ;
#1764 = CARTESIAN_POINT ( 'NONE',  ( -31.16264006740319914, 12.50000000000000000, 50.09924862246809596 ) ) ;
#1765 = CARTESIAN_POINT ( 'NONE',  ( -44.45591971192709480, 12.49999999996949818, 58.47147690297720146 ) ) ;
#1766 = CARTESIAN_POINT ( 'NONE',  ( -85.83706573402430706, -12.49999999999620037, 73.19404244963020290 ) ) ;
#1767 = ORIENTED_EDGE ( 'NONE', *, *, #2535, .T. ) ;
#1768 = CARTESIAN_POINT ( 'NONE',  ( -81.42728778782353061, -8.624501278764020284, 90.80211385815309200 ) ) ;
#1769 = CARTESIAN_POINT ( 'NONE',  ( -75.71706221516031121, -12.50000000000000178, 96.70948998569389232 ) ) ;
#1770 = CARTESIAN_POINT ( 'NONE',  ( -76.66770896821441283, 12.50000000000000000, 88.75511555584049006 ) ) ;
#1771 = FACE_OUTER_BOUND ( 'NONE', #3127, .T. ) ;
#1772 = ORIENTED_EDGE ( 'NONE', *, *, #2171, .F. ) ;
#1773 = CARTESIAN_POINT ( 'NONE',  ( -78.65840146858269577, -12.50000000000000000, 68.09218970634090340 ) ) ;
#1774 = CARTESIAN_POINT ( 'NONE',  ( -81.89255289060331222, 12.49999999999899991, 80.16997924519810681 ) ) ;
#1775 = DIRECTION ( 'NONE',  ( 0.000000000000000000, 1.000000000000000000, 0.000000000000000000 ) ) ;
#1776 =( LENGTH_UNIT ( ) NAMED_UNIT ( * ) SI_UNIT ( .MILLI., .METRE. ) );
#1777 = CARTESIAN_POINT ( 'NONE',  ( -35.70301021317995094, -1.958132073407886198, 42.31007182121266652 ) ) ;
#1778 = CARTESIAN_POINT ( 'NONE',  ( -6.566750370336724707, 6.280624474265405155, 41.83558052006236494 ) ) ;
#1779 = CARTESIAN_POINT ( 'NONE',  ( -49.45992366944839347, -12.49999999997090150, 81.81472474559249974 ) ) ;
#1780 = CARTESIAN_POINT ( 'NONE',  ( -30.48819164988929842, 12.50000000000790124, 68.46043237784680002 ) ) ;
#1781 = CARTESIAN_POINT ( 'NONE',  ( -42.69990283903960204, -12.50000000000000000, 57.78268369393460802 ) ) ;
#1782 = AXIS2_PLACEMENT_3D ( 'NONE', #1738, #4516, #1046 ) ;
#1783 = CARTESIAN_POINT ( 'NONE',  ( -93.40016199982660794, -4.500000000000000000, 75.95953713767781323 ) ) ;
#1784 = CARTESIAN_POINT ( 'NONE',  ( -35.20000000000000284, -4.500000000000000000, 37.99999957197299949 ) ) ;
#1785 = CARTESIAN_POINT ( 'NONE',  ( -35.63371693442920218, 4.500000000000000000, 42.14883023262049733 ) ) ;
#1786 = CARTESIAN_POINT ( 'NONE',  ( -30.95268441509109891, 12.49999999997400124, 49.81244593155450673 ) ) ;
#1787 = CARTESIAN_POINT ( 'NONE',  ( -85.74317235778450197, -12.49999999994490096, 72.26253566984289023 ) ) ;
#1788 = EDGE_CURVE ( 'NONE', #338, #383, #1718, .T. ) ;
#1789 = ORIENTED_EDGE ( 'NONE', *, *, #3782, .T. ) ;
#1790 = CARTESIAN_POINT ( 'NONE',  ( -81.78824186585029565, -7.960254689564724373, 90.94950547158580889 ) ) ;
#1791 = CARTESIAN_POINT ( 'NONE',  ( -77.57320406326881823, -12.50000000000000000, 88.81198431826399542 ) ) ;
#1792 = CARTESIAN_POINT ( 'NONE',  ( -90.51797327387632208, 10.00000000000000355, 77.43929667179619969 ) ) ;
#1793 = CARTESIAN_POINT ( 'NONE',  ( -82.52634397906940933, 5.525933340927675630, 91.25090132210583249 ) ) ;
#1794 = CARTESIAN_POINT ( 'NONE',  ( -80.06895121416421546, -12.50000000000000178, 60.09166331701601393 ) ) ;
#1795 = CARTESIAN_POINT ( 'NONE',  ( -85.39070507457759618, 12.49999999998239986, 74.65481760681690560 ) ) ;
#1796 = CARTESIAN_POINT ( 'NONE',  ( -78.78369403947439764, -12.49999999997359978, 83.71210304262469037 ) ) ;
#1797 = CARTESIAN_POINT ( 'NONE',  ( -34.93880436862691141, -6.634914672391734491, 37.74502609711485235 ) ) ;
#1798 = CARTESIAN_POINT ( 'NONE',  ( -35.78956122497090320, -1.990348913861462954, 42.52545294567491396 ) ) ;
#1799 = CARTESIAN_POINT ( 'NONE',  ( -31.88321293780859733, -12.50000000000000000, 69.46004456877089694 ) ) ;
#1800 = AXIS2_PLACEMENT_3D ( 'NONE', #3396, #1596, #2366 ) ;
#1801 = CARTESIAN_POINT ( 'NONE',  ( -34.33854171395927324, 8.270497278268607033, 37.35344749713203072 ) ) ;
#1802 = CARTESIAN_POINT ( 'NONE',  ( -35.68885036599959903, -12.49999999995629985, 54.09491449701449994 ) ) ;
#1803 = CARTESIAN_POINT ( 'NONE',  ( -92.51282152284278482, -4.500000000000000000, 78.34510210879659553 ) ) ;
#1804 = CARTESIAN_POINT ( 'NONE',  ( -35.43513480509604108, 1.679882079860184785, 41.51038114287894842 ) ) ;
#1805 = CARTESIAN_POINT ( 'NONE',  ( -81.77598879030469448, 12.50000000000000000, 69.42067608269809398 ) ) ;
#1806 = CARTESIAN_POINT ( 'NONE',  ( -35.89132399209619706, 12.49999999997749889, 54.23109439371319240 ) ) ;
#1807 = CARTESIAN_POINT ( 'NONE',  ( -85.82753758009849321, -12.49999999677509877, 72.42235851045360562 ) ) ;
#1808 = CARTESIAN_POINT ( 'NONE',  ( -133.2849194736390075, -6.299999999999999822, 47.54227933264109396 ) ) ;
#1809 = VERTEX_POINT ( 'NONE', #155 ) ;
#1810 = B_SPLINE_CURVE_WITH_KNOTS ( 'NONE', 3,
 ( #36, #2858, #3175, #1816, #2515, #4191, #3505, #3824, #1083, #2772, #449, #78, #2816, #429, #3866, #746, #4234, #2131, #704, #407, #3198, #1796, #58, #1452, #766, #3481, #2172, #2836, #2493, #3888, #1472, #1124, #3910, #2087, #790, #1835, #1754, #13, #849, #2536, #4013, #2876, #3645, #891, #2212, #4277, #4317, #828, #490, #3607, #2597, #1144, #3589, #3932, #2917, #4338, #4361, #1533, #529, #2554, #1206, #1164, #2254, #2574, #472, #158, #1913, #1228, #3299, #2619, #3950, #1893, #1185, #552, #1875, #2231, #1493, #3969, #3261, #868, #1552, #1857, #3280, #1937, #139, #179, #1514, #4297, #2276, #3625, #509, #809, #2897, #2938, #2191, #3990, #1574, #3669, #3325, #2960, #3239, #121, #3693, #2667, #2052, #1721, #4159, #915, #4498, #4384, #2392, #3788, #4066, #3, #1031, #376, #3011, #695, #670, #1766, #2075, #25, #231, #939, #2984, #3100, #738, #1074, #2101, #329, #4181, #3448, #1372, #1745, #1626, #2122, #2465, #3145, #2300, #2416, #4408, #3122, #1417, #3471, #1280, #1052, #2762, #576, #353, #2441, #2807, #716, #4203, #3813, #1394, #2783, #3858, #3836, #3494, #202, #1600, #1255, #3351, #2643, #1960, #4039, #3961, #2505, #2889, #3538, #1807, #132, #3210, #1114, #398, #419, #4266, #3518, #1137, #4289, #1526, #1849, #2184, #111, #1787, #2484, #1463, #781, #441, #2869, #4225, #91, #3167, #3901, #2163, #2847, #3232, #2528, #3599, #3188, #3922, #1506, #4244, #1157, #69, #49, #3561, #1828, #2547, #1094, #3943, #2910, #2204, #1440, #3581, #1486, #802, #820, #483, #463, #1868, #3879, #3252, #4310, #1177, #2566, #841, #2828, #758, #2143, #521, #905, #220, #2929, #1641, #2291, #1563, #567, #931, #4005, #2268, #193, #3661, #2245, #2975, #4082, #2314, #2951, #4421, #3618, #4398, #3025, #4351, #502, #543, #1220, #2611, #882, #3342, #1886, #4329, #247, #2681, #4375, #2223, #1928, #1271, #170, #3316, #1294, #3273, #2657, #151, #1590, #1545, #1244, #2633, #4029, #3683, #1616, #1198, #1951, #2590, #3983, #3001, #862, #4056, #3706, #590, #1972, #1905, #3365, #3637, #3291, #4154, #3117, #711, #1389, #2094, #3415, #1366, #4493, #2435, #2778, #980, #347, #4444, #1412, #4105, #2335, #1319, #2757, #2802, #4468, #1739, #2359, #3756, #3488, #664, #3072, #3728, #1026, #1047, #2411, #296, #2044, #4129, #3807, #689, #2070, #612, #2705, #1690, #2732, #2385, #323, #1664, #3441, #1995, #1344, #1005, #3387, #639, #2019, #3781, #4517, #4175, #3466, #1715, #3831, #3095, #271, #371, #1761, #3140, #3046, #20, #956, #2884, #1069, #4261, #2137, #1131, #4220, #1522, #1863, #4284, #1781, #3555, #1089, #3533, #2479, #64, #816, #3247, #1823, #3873, #2864, #2179, #393, #3595, #4198, #1480, #753, #2523, #3205, #3227, #2157, #4239, #413, #436, #2460, #1152, #3162, #1802, #1457, #1109, #86, #44, #3896, #3853, #775, #3917, #2117, #3181, #2842, #2500, #3576, #2543, #797, #456, #1844, #106, #733, #1500, #3939, #2200, #1435, #478, #128, #3512, #2823, #875, #1557, #898, #1609, #3308, #3285, #186, #2284, #212, #164, #4368, #1262, #1213, #3334, #2924, #2219, #1582, #1237, #4324, #2307, #2966, #2238, #2625, #2993, #2944, #4345, #1173, #1540, #515, #856, #2562, #2260, #3957, #923, #1192, #4021, #4305, #2605, #2650, #3998, #3631, #1898, #3652, #3676, #836, #497, #3614, #536, #560, #4048, #1920, #1944, #3977, #4391, #3699, #582, #1965, #3357, #238, #2906, #1882, #3268, #146, #2583, #2039, #1338, #705, #3747, #999, #1632, #3065, #973, #1021, #1709, #3112, #1987, #264, #1312, #4437, #1655, #2698, #2773, #2726, #629, #3018, #3039, #2379, #4414, #3775, #2404, #4170, #2088, #4098, #1734, #4511, #3090, #2352, #4487 ),
 .UNSPECIFIED., .F., .F.,
 ( 4, 3, 3, 3, 3, 3, 3, 3, 3, 3, 3, 3, 3, 3, 3, 3, 3, 3, 3, 3, 3, 3, 3, 3, 3, 3, 3, 3, 3, 3, 3, 3, 3, 3, 3, 3, 3, 3, 3, 3, 3, 3, 3, 3, 3, 3, 3, 3, 3, 3, 3, 3, 3, 3, 3, 3, 3, 3, 3, 3, 3, 3, 3, 3, 3, 3, 3, 3, 3, 3, 3, 3, 3, 3, 3, 3, 3, 3, 3, 3, 3, 3, 3, 3, 3, 3, 3, 3, 3, 3, 3, 3, 3, 3, 3, 3, 3, 3, 3, 3, 3, 3, 3, 3, 3, 3, 3, 3, 3, 3, 3, 3, 3, 3, 3, 3, 3, 3, 3, 3, 3, 3, 3, 3, 3, 3, 3, 3, 3, 3, 3, 3, 3, 3, 3, 3, 3, 3, 3, 3, 3, 3, 3, 3, 3, 3, 3, 3, 3, 3, 3, 3, 3, 3, 3, 3, 3, 3, 3, 3, 3, 3, 3, 3, 3, 3, 3, 3, 3, 3, 3, 3, 3, 4 ),
 ( 5.083721920158999592E-10, 0.0007418021277269249130, 0.002281294128942320046, 0.002912163776810500638, 0.003821859434998800369, 0.005363602203020300524, 0.005824327553620989133, 0.006906647987464929403, 0.008451278594492999535, 0.008736491330431490204, 0.009997776194138649486, 0.01019257321883670041, 0.01154619407165199778, 0.01164865510724200255, 0.01232122170393820139, 0.01309605413232159919, 0.01310473699564719888, 0.01387088144908510054, 0.01456081888405249929, 0.01464583277410660099, 0.01542074385950569990, 0.01601690077245769908, 0.01619558268607119988, 0.01658301677884579939, 0.01674494171666040046, 0.01697056003422010156, 0.01735800665030049969, 0.01747298266086300123, 0.01774523677595699761, 0.01813279957503039982, 0.01820102360506560199, 0.01852031541887880217, 0.01871401860502529962, 0.01890770970384120231, 0.01892906454926819929, 0.01910140694841059791, 0.01929308502136950140, 0.01929515064598200103, 0.01948892929968179880, 0.01965710549347080005, 0.01968256761467419846, 0.01977937432641400234, 0.01987622996264169772, 0.01997313470003439853, 0.02002112596557219931, 0.02007010697299189961, 0.02011860321361079798, 0.02016701528506449972, 0.02020313620162279833, 0.02021528059367280056, 0.02026364142983909725, 0.02031212466705339947, 0.02033637743512280160, 0.02036061897422630079, 0.02038483534858100132, 0.02038514643767350143, 0.02040902813014490100, 0.02045739939406669705, 0.02050580092810800129, 0.02055429231786840005, 0.02056715667372410045, 0.02060285360737329832, 0.02065132255213950052, 0.02074806577048390194, 0.02074916690977480008, 0.02084478873702150237, 0.02094161251677779945, 0.02103851964129090091, 0.02111318738187609872, 0.02123241375205190545, 0.02142610638266010184, 0.02147720785397739737, 0.02161978563982569837, 0.02181352926657630434, 0.02184122832607870296, 0.02200727432443350118, 0.02239472526921899853, 0.02256926927028129679, 0.02278215627947889968, 0.02316964169122309389, 0.02329731021448400163, 0.02355698960306710013, 0.02394446223519090117, 0.02402535115868659893, 0.02433193905897190062, 0.02471936331392070307, 0.02475339210288919969, 0.02549418159041300092, 0.02620947399129449837, 0.02626914845774890039, 0.02704415256574920282, 0.02766555587969970337, 0.02781886329690169690, 0.02859372909402479665, 0.02912163776810500204, 0.03014358273658530180, 0.03057771965651020010, 0.03169335269574400510, 0.03203380154491550225, 0.03324309105676800241, 0.03479289410319039849, 0.03494596532172600245, 0.03634267705870589810, 0.03785812909853639857, 0.03944221581924670095, 0.04077029287534690571, 0.04254176617919720044, 0.04368245665215740592, 0.04564131490854150125, 0.04659462042896789918, 0.04874086334592590136, 0.04950678420577839939, 0.05184041334778850124, 0.05241894798258889265, 0.05493993382521360214, 0.05803951001858539960, 0.05824327553620990000, 0.06113905890892940009, 0.06115543931302040714, 0.06314539681759059886, 0.06406760308983090735, 0.06423861171025370409, 0.06552368497823619908, 0.06673438270730089328, 0.06697976686664140755, 0.06733803821398540168, 0.06918462958189669498, 0.06989193064345189388, 0.07043773326966440429, 0.07198750144992299704, 0.07280409442026240796, 0.07353727114735320036, 0.07426017630866758867, 0.07508700383680909363, 0.07571625819707290816, 0.07663732957957880565, 0.07717234008547810276, 0.07813094386944190173, 0.07818640697345330404, 0.07862842197388339449, 0.07973644756483680429, 0.08008450386228860296, 0.08115854075411170487, 0.08128598679843290764, 0.08154058575069389470, 0.08206118988460270325, 0.08226862669489649893, 0.08283585052813760563, 0.08299666763909910316, 0.08431077551355881106, 0.08438568465020718223, 0.08445274952750438102, 0.08579840007667889623, 0.08590883141590960337, 0.08593545699311688768, 0.08663687236011230475, 0.08671027646011038315, 0.08724355373793012125, 0.08736491330431489510, 0.08748526728600379554, 0.08809295424851749934, 0.08825635810173480811, 0.08882099519272008969, 0.08902292501611028253, 0.08978473817168708404, 0.09027707708112539531, 0.09054204138320248729, 0.09129504947874039766, 0.09173315896953060378, 0.09204386371791560550, 0.09278858243771490044, 0.09297413599542540819, 0.09315944273069078074, 0.09318924085793590939 ),
 .UNSPECIFIED. ) ;
#1811 = CARTESIAN_POINT ( 'NONE',  ( -8.132281149119362951, 10.19211059118301499, 61.52821680780662206 ) ) ;
#1812 = CARTESIAN_POINT ( 'NONE',  ( -92.61426243685116333, -6.982041873120448550, 77.07790468053043753 ) ) ;
#1813 = CARTESIAN_POINT ( 'NONE',  ( -7.126993999059850537, 5.903780881820739346, 41.48256569988299702 ) ) ;
#1814 = CARTESIAN_POINT ( 'NONE',  ( -98.12158117679103952, -10.00000000000000000, 79.10630067593649528 ) ) ;
#1815 = CARTESIAN_POINT ( 'NONE',  ( -77.81898433953460881, 12.49999999999719869, 84.71218832654460584 ) ) ;
#1816 = CARTESIAN_POINT ( 'NONE',  ( -74.38434940907109194, -12.50000000000000000, 88.03412593735909297 ) ) ;
#1817 = CARTESIAN_POINT ( 'NONE',  ( -35.19880095755399907, -4.738591880950624002, 37.99021006462734817 ) ) ;
#1818 = CARTESIAN_POINT ( 'NONE',  ( -35.33427620816519976, -4.500000000000000000, 36.89543100023080058 ) ) ;
#1819 = CARTESIAN_POINT ( 'NONE',  ( -36.17547125149513221, -1.959202566328621220, 43.31496718003501201 ) ) ;
#1820 = CARTESIAN_POINT ( 'NONE',  ( -84.91011904506311225, 12.49999999999769962, 71.36409527785690443 ) ) ;
#1821 = CARTESIAN_POINT ( 'NONE',  ( -21.66085814816199928, -12.49999999779929993, 62.62571432034469154 ) ) ;
#1822 = CARTESIAN_POINT ( 'NONE',  ( -5.922020457329139731, 4.500000000000000000, 63.08263849708149706 ) ) ;
#1823 = CARTESIAN_POINT ( 'NONE',  ( -41.38360029730050371, -12.49999999999899991, 57.21727463941299874 ) ) ;
#1824 = CARTESIAN_POINT ( 'NONE',  ( -93.15621708159379466, -4.500000000000000000, 76.73135562444539914 ) ) ;
#1825 = CARTESIAN_POINT ( 'NONE',  ( -27.86043983705519977, 4.632813184691680242, 37.25894899533159332 ) ) ;
#1826 = CARTESIAN_POINT ( 'NONE',  ( -61.20787751984629921, 4.500000000000000000, 55.02094229423860128 ) ) ;
#1827 = CARTESIAN_POINT ( 'NONE',  ( -50.10592620207169290, 12.49999999991159960, 60.34752330907389961 ) ) ;
#1828 = CARTESIAN_POINT ( 'NONE',  ( -85.35244784108370197, -12.49999999998840039, 71.77731487854400427 ) ) ;
#1829 = CARTESIAN_POINT ( 'NONE',  ( -8.280990711119182279, -10.33459566033692845, 61.43666385131547969 ) ) ;
#1830 = CARTESIAN_POINT ( 'NONE',  ( -7.919746405070683615, 9.974906610842953825, 61.65919100707538547 ) ) ;
#1831 = CARTESIAN_POINT ( 'NONE',  ( -27.21692930468629967, -4.632813184691689123, 37.40766625019740133 ) ) ;
#1832 = CARTESIAN_POINT ( 'NONE',  ( -75.28068335962365154, 11.34332249241566970, 92.81251042116254268 ) ) ;
#1833 = CARTESIAN_POINT ( 'NONE',  ( -17.74961915645649668, 0.000000000000000000, 36.90539853649280388 ) ) ;
#1834 = CARTESIAN_POINT ( 'NONE',  ( -78.78365073085910808, 12.49999999997359978, 83.71214876020110296 ) ) ;
#1835 = CARTESIAN_POINT ( 'NONE',  ( -81.56614233163260508, -12.50000000000070166, 80.57623066805720669 ) ) ;
#1836 = CARTESIAN_POINT ( 'NONE',  ( -34.79381068390966192, -7.143202184731817006, 37.63918674185360658 ) ) ;
#1837 =( NAMED_UNIT ( * ) PLANE_ANGLE_UNIT ( ) SI_UNIT ( $, .RADIAN. ) );
#1838 = CARTESIAN_POINT ( 'NONE',  ( -36.21820460089664806, -1.946593048338518317, 43.39236841049713433 ) ) ;
#1839 = CARTESIAN_POINT ( 'NONE',  ( -84.91724269480710063, 12.49999999999799982, 71.37016544894011361 ) ) ;
#1840 = AXIS2_PLACEMENT_3D ( 'NONE', #4067, #4502, #3817 ) ;
#1841 = CARTESIAN_POINT ( 'NONE',  ( -28.38105700800340259, -12.49999999983210053, 66.99287832757771355 ) ) ;
#1842 = CARTESIAN_POINT ( 'NONE',  ( -6.139400620092041017, 12.50000000000000355, 63.19020160168703626 ) ) ;
#1843 = EDGE_CURVE ( 'NONE', #282, #1969, #4321, .T. ) ;
#1844 = CARTESIAN_POINT ( 'NONE',  ( -32.27886152375519657, -12.50000000000000000, 51.28215683712230089 ) ) ;
#1845 = CARTESIAN_POINT ( 'NONE',  ( -91.98180232589739092, -4.500000000000000000, 79.43217592483479450 ) ) ;
#1846 = CARTESIAN_POINT ( 'NONE',  ( -35.38892142806847829, 1.584415419916519463, 41.34325844783693071 ) ) ;
#1847 = CARTESIAN_POINT ( 'NONE',  ( -52.49191894725018415, 12.50000000000000178, 52.72429412464529008 ) ) ;
#1848 = CARTESIAN_POINT ( 'NONE',  ( -51.23763124145600045, 12.50000000000779998, 60.68232226879779745 ) ) ;
#1849 = CARTESIAN_POINT ( 'NONE',  ( -85.76417239500169387, -12.49999999966130027, 72.29745075560339274 ) ) ;
#1850 = CARTESIAN_POINT ( 'NONE',  ( -7.944885814342977248, 10.00000000000000000, 45.89339683116346436 ) ) ;
#1851 = CARTESIAN_POINT ( 'NONE',  ( -9.473667769704917418, 11.25841207904929497, 60.70471131066477000 ) ) ;
#1852 = CARTESIAN_POINT ( 'NONE',  ( -5.990451267063167329, -6.550340357345098674, 39.84252493246842164 ) ) ;
#1853 = CARTESIAN_POINT ( 'NONE',  ( -75.33900510544620488, 11.23846891485167632, 92.98495572894981365 ) ) ;
#1854 = CARTESIAN_POINT ( 'NONE',  ( -30.90341989061490224, -12.65000000000000036, 36.71202790814469807 ) ) ;
#1855 = CARTESIAN_POINT ( 'NONE',  ( -36.46561075147484132, 1.842416961513853257, 43.80489628926486034 ) ) ;
#1856 = CIRCLE ( 'NONE', #4404, 1.999999999999998668 ) ;
#1857 = CARTESIAN_POINT ( 'NONE',  ( -85.11013093627860826, -12.49999999999110045, 75.28404419155619109 ) ) ;
#1858 = CARTESIAN_POINT ( 'NONE',  ( -35.19951927085337928, -12.50000000000000178, 38.00393938954580619 ) ) ;
#1859 = CARTESIAN_POINT ( 'NONE',  ( -36.00623953000866351, -1.995597812658270076, 42.99274115282521791 ) ) ;
#1860 = CARTESIAN_POINT ( 'NONE',  ( -85.77240225402529461, 12.49999999936309969, 72.31180302010179162 ) ) ;
#1861 = CARTESIAN_POINT ( 'NONE',  ( -60.08483521375209335, -12.50000000000030020, 86.18318706833800036 ) ) ;
#1862 = CARTESIAN_POINT ( 'NONE',  ( -13.57419512423419938, 12.50000000000000000, 58.00908089756450181 ) ) ;
#1863 = CARTESIAN_POINT ( 'NONE',  ( -43.48324135191990081, -12.50000000000000000, 58.09881345833219513 ) ) ;
#1864 = CARTESIAN_POINT ( 'NONE',  ( -83.41034571511319484, -4.500000000000000000, 90.44319640338228794 ) ) ;
#1865 = B_SPLINE_CURVE_WITH_KNOTS ( 'NONE', 3,
 ( #666, #2759, #3784, #325, #1763, #1717, #373, #3491, #4156, #2096, #2734, #3142, #2047, #3444, #22, #4107, #691, #1346, #4178, #3855, #4200, #1414, #735, #3119, #2021, #299, #982, #1071, #2804, #2388, #4519, #2462, #2413, #3390, #3810, #1007, #273 ),
 .UNSPECIFIED., .F., .F.,
 ( 4, 2, 2, 1, 2, 2, 1, 1, 2, 2, 2, 2, 2, 2, 2, 2, 2, 2, 2, 4 ),
 ( 0.000000000000000000, 0.06250000000001229572, 0.09375000000001736111, 0.1093750000000198869, 0.1171875000000220796, 0.1250000000000242584, 0.1875000000000251466, 0.2187500000000257572, 0.2343750000000250910, 0.2500000000000244249, 0.3125000000000170419, 0.3437500000000146549, 0.3593750000000133227, 0.3750000000000119349, 0.5000000000000086597, 0.6250000000000053291, 0.6875000000000042188, 0.7187500000000037748, 0.7500000000000032196, 1.000000000000000000 ),
 .UNSPECIFIED. ) ;
#1866 = CARTESIAN_POINT ( 'NONE',  ( -84.37687223580118712, 4.500000000000000000, 61.80324109937140520 ) ) ;
#1867 = CARTESIAN_POINT ( 'NONE',  ( -55.70779782115790368, 12.49999999990870059, 61.88680930887419862 ) ) ;
#1868 = CARTESIAN_POINT ( 'NONE',  ( -84.91716334160430790, -12.49999999999799982, 71.37009782950370607 ) ) ;
#1869 = CARTESIAN_POINT ( 'NONE',  ( -85.28031091993405255, -12.50000000000000178, 62.22777272163188655 ) ) ;
#1870 = CARTESIAN_POINT ( 'NONE',  ( -11.10154925601404763, 12.05150446947148524, 59.71174779568659829 ) ) ;
#1871 = CARTESIAN_POINT ( 'NONE',  ( -27.16476819069599813, 12.49999999999979927, 40.35787744682220080 ) ) ;
#1872 = CARTESIAN_POINT ( 'NONE',  ( -74.95684178610160586, 11.83158917231945573, 91.85429974506054407 ) ) ;
#1873 = CARTESIAN_POINT ( 'NONE',  ( -75.35884071920828831, -11.20164696876240562, 93.04362647111406659 ) ) ;
#1874 = CARTESIAN_POINT ( 'NONE',  ( -36.44131266746769882, 1.854394895559829060, 43.76639922444214648 ) ) ;
#1875 = CARTESIAN_POINT ( 'NONE',  ( -84.84973240768680114, -12.49999999998989964, 75.80240277812499983 ) ) ;
#1876 = CARTESIAN_POINT ( 'NONE',  ( -27.22342656180790144, -12.50000000000000000, 37.34369042621379720 ) ) ;
#1877 = CARTESIAN_POINT ( 'NONE',  ( -37.22649930904463389, -1.283466404939715089, 44.84662624559533839 ) ) ;
#1878 = ORIENTED_EDGE ( 'NONE', *, *, #3320, .F. ) ;
#1879 = CARTESIAN_POINT ( 'NONE',  ( -84.92435504155371007, 12.49999999999830003, 71.37624899539629553 ) ) ;
#1880 = CARTESIAN_POINT ( 'NONE',  ( -53.13415927902580194, -12.49999999531129902, 83.67308517311259664 ) ) ;
#1881 = CARTESIAN_POINT ( 'NONE',  ( -8.875005350703430551, 12.50000000000000000, 55.61929932210019700 ) ) ;
#1882 = CARTESIAN_POINT ( 'NONE',  ( -27.43877280690090004, -12.49999999999960032, 42.43798379045809810 ) ) ;
#1883 = DIRECTION ( 'NONE',  ( 0.9510565162951518658, 0.000000000000000000, -0.3090169943749530024 ) ) ;
#1884 = CARTESIAN_POINT ( 'NONE',  ( -70.40052169327265119, 12.50000000000000355, 57.26637766099393190 ) ) ;
#1885 = CARTESIAN_POINT ( 'NONE',  ( -57.03476331075509620, 12.49999999988190069, 62.22565835411739954 ) ) ;
#1886 = CARTESIAN_POINT ( 'NONE',  ( -82.22008163444819218, -12.49999999998509992, 69.64563139458878993 ) ) ;
#1887 = CARTESIAN_POINT ( 'NONE',  ( -93.14271384225193628, -12.50000000000000355, 69.17096739491705648 ) ) ;
#1888 = CARTESIAN_POINT ( 'NONE',  ( -12.07995209154027272, 12.32321959164307934, 59.11854543897904790 ) ) ;
#1889 = CARTESIAN_POINT ( 'NONE',  ( -32.00283175543539471, 4.500000000000000000, 64.30021536386550451 ) ) ;
#1890 = DIRECTION ( 'NONE',  ( 0.000000000000000000, 0.000000000000000000, -1.000000000000000000 ) ) ;
#1891 = CARTESIAN_POINT ( 'NONE',  ( -74.36664792707175309, -12.35454688247139643, 90.10673198847516119 ) ) ;
#1892 = CARTESIAN_POINT ( 'NONE',  ( -36.21931303347709274, 1.945677907743564417, 43.39370973292433575 ) ) ;
#1893 = CARTESIAN_POINT ( 'NONE',  ( -84.75325014758769271, -12.49999999999779909, 75.98293046818589858 ) ) ;
#1894 = CARTESIAN_POINT ( 'NONE',  ( -37.65501779864108300, -0.7235702062933048184, 45.33353266823777261 ) ) ;
#1895 = CARTESIAN_POINT ( 'NONE',  ( -85.35255429664179871, 12.49999999998840039, 71.77742567957899666 ) ) ;
#1896 = CARTESIAN_POINT ( 'NONE',  ( -53.40971694110280055, -12.49999999732429856, 83.79768380621290191 ) ) ;
#1897 = CARTESIAN_POINT ( 'NONE',  ( -69.36889095733299371, 4.500000000000000000, 96.11800931336070164 ) ) ;
#1898 = CARTESIAN_POINT ( 'NONE',  ( -27.96735415263029978, -12.49999999999850075, 44.44271555729180534 ) ) ;
#1899 = CARTESIAN_POINT ( 'NONE',  ( -84.88575969893179263, 12.50000000000000000, 75.73647089353559636 ) ) ;
#1900 = CARTESIAN_POINT ( 'NONE',  ( -79.81422995949489518, -12.50000000000000355, 93.91411186205934314 ) ) ;
#1901 = CARTESIAN_POINT ( 'NONE',  ( -85.82128704118109397, 12.50000000000000000, 72.40742051664550161 ) ) ;
#1902 = CARTESIAN_POINT ( 'NONE',  ( -57.79656873888400526, 12.49999999998419931, 62.41616267725769518 ) ) ;
#1903 = EDGE_CURVE ( 'NONE', #4418, #1241, #1910, .T. ) ;
#1904 = CARTESIAN_POINT ( 'NONE',  ( -63.22498824955820140, 12.49999999999850075, 86.96321976690269651 ) ) ;
#1905 = CARTESIAN_POINT ( 'NONE',  ( -76.30901188263260337, -12.50000000000030020, 67.27066338355101038 ) ) ;
#1906 = CARTESIAN_POINT ( 'NONE',  ( -91.71218937788599135, -12.50000000000000355, 66.89367124962105038 ) ) ;
#1907 = CARTESIAN_POINT ( 'NONE',  ( -27.30102388328069907, 12.50000000000000000, 36.68449105119089637 ) ) ;
#1908 = CARTESIAN_POINT ( 'NONE',  ( -27.26172548622729863, 12.49999999999960032, 41.36361996724450307 ) ) ;
#1909 = EDGE_CURVE ( 'NONE', #1602, #1169, #1490, .T. ) ;
#1910 = LINE ( 'NONE', #487, #3155 ) ;
#1911 = CARTESIAN_POINT ( 'NONE',  ( -76.39648019442377347, -7.641628162687249315, 96.11019006538539600 ) ) ;
#1912 = CARTESIAN_POINT ( 'NONE',  ( -37.64607302135455313, 0.7398082956429459234, 45.32391458897073733 ) ) ;
#1913 = CARTESIAN_POINT ( 'NONE',  ( -84.51132269388149609, -12.49999999999919886, 76.41546108795189696 ) ) ;
#1914 = CARTESIAN_POINT ( 'NONE',  ( -34.63805106891069840, 7.594736884801660537, 36.91927260808139266 ) ) ;
#1915 = ORIENTED_EDGE ( 'NONE', *, *, #2387, .F. ) ;
#1916 = CARTESIAN_POINT ( 'NONE',  ( -85.87313345353369698, 12.49999999997860023, 72.61416956665890154 ) ) ;
#1917 = ADVANCED_FACE ( 'NONE', ( #4334 ), #2934, .F. ) ;
#1918 = CARTESIAN_POINT ( 'NONE',  ( -66.35960665739928288, -12.49999999999399947, 87.58288543092599809 ) ) ;
#1919 = CARTESIAN_POINT ( 'NONE',  ( -64.11957248401952825, 12.50000000000000178, 95.31999765886212117 ) ) ;
#1920 = CARTESIAN_POINT ( 'NONE',  ( -27.64661574373769781, -12.49999999999960032, 43.35177332862060240 ) ) ;
#1921 = CARTESIAN_POINT ( 'NONE',  ( -6.424307076980580788, -7.704925976536175725, 62.58378484349026394 ) ) ;
#1922 = CARTESIAN_POINT ( 'NONE',  ( -85.38414297558060184, 12.50000000000000000, 74.67673330712810298 ) ) ;
#1923 = CARTESIAN_POINT ( 'NONE',  ( -72.67138881472159539, -12.50000000000000000, 89.58797752914638579 ) ) ;
#1924 = CARTESIAN_POINT ( 'NONE',  ( -92.39646188451769149, 4.500000000000000000, 67.81383740421898665 ) ) ;
#1925 = CARTESIAN_POINT ( 'NONE',  ( -78.73464134346940568, 12.49999999999930012, 68.12598070262730232 ) ) ;
#1926 = CARTESIAN_POINT ( 'NONE',  ( -60.31626842404010347, 12.50000000000070166, 86.24726363360019832 ) ) ;
#1927 = CIRCLE ( 'NONE', #1501, 8.000000000000000000 ) ;
#1928 = CARTESIAN_POINT ( 'NONE',  ( -81.10303087489789675, -12.49999999998700062, 69.10732533555200519 ) ) ;
#1929 = CARTESIAN_POINT ( 'NONE',  ( -85.77685656619340193, -12.50000000000000000, 72.31930296559019666 ) ) ;
#1930 = EDGE_CURVE ( 'NONE', #3384, #2693, #2571, .T. ) ;
#1931 = CARTESIAN_POINT ( 'NONE',  ( -35.24254869795401390, 12.50000000000000355, 37.64998876519083382 ) ) ;
#1932 = CARTESIAN_POINT ( 'NONE',  ( -28.63422617169430140, 12.49999999999910116, 46.11877161829870175 ) ) ;
#1933 = CARTESIAN_POINT ( 'NONE',  ( -11.23405757296720076, -12.50000000000000000, 56.79625205699520052 ) ) ;
#1934 = CARTESIAN_POINT ( 'NONE',  ( -75.85055867319283607, -10.02667425192154660, 94.49765373131921820 ) ) ;
#1935 = DIRECTION ( 'NONE',  ( 0.000000000000000000, 0.000000000000000000, -1.000000000000000000 ) ) ;
#1936 = CARTESIAN_POINT ( 'NONE',  ( -36.81207558903380317, 1.632611242113975347, 44.31430148017361148 ) ) ;
#1937 = CARTESIAN_POINT ( 'NONE',  ( -85.18824366524469838, -12.49999999999869971, 75.11866964263289503 ) ) ;
#1938 = CARTESIAN_POINT ( 'NONE',  ( -5.754360833654098784, 6.571397745378242838, 59.90190943898993226 ) ) ;
#1939 = ORIENTED_EDGE ( 'NONE', *, *, #1265, .F. ) ;
#1940 = ORIENTED_EDGE ( 'NONE', *, *, #3530, .F. ) ;
#1941 = CARTESIAN_POINT ( 'NONE',  ( -85.87382000013741390, 12.49999999996830091, 72.89232770216729307 ) ) ;
#1942 = CARTESIAN_POINT ( 'NONE',  ( -61.04298960598740109, -12.49999999999779909, 86.43923905629010562 ) ) ;
#1943 = CARTESIAN_POINT ( 'NONE',  ( -38.91152867117270375, 4.500000000000000000, 84.58178641198880143 ) ) ;
#1944 = CARTESIAN_POINT ( 'NONE',  ( -27.63632584212020049, -12.49999999999939959, 43.31167528237769915 ) ) ;
#1945 = CARTESIAN_POINT ( 'NONE',  ( -7.944885814342977248, -10.00000000000000000, 45.89339683116346436 ) ) ;
#1946 = CARTESIAN_POINT ( 'NONE',  ( -92.98875577672652071, 12.50000000000000000, 77.20032747334246892 ) ) ;
#1947 = CARTESIAN_POINT ( 'NONE',  ( -82.21938488322534511, -12.50000000000000178, 91.62933046952512939 ) ) ;
#1948 = CARTESIAN_POINT ( 'NONE',  ( -87.46797693046543998, -10.00000000000001421, 82.45794469516008007 ) ) ;
#1949 = CARTESIAN_POINT ( 'NONE',  ( -82.90445822061118974, 12.49999999999960032, 70.01336903267559819 ) ) ;
#1950 = CARTESIAN_POINT ( 'NONE',  ( -49.45992366944839347, 12.49999999997090150, 81.81472474559240027 ) ) ;
#1951 = CARTESIAN_POINT ( 'NONE',  ( -78.56853063917330360, -12.49999999999979927, 68.06342060542229433 ) ) ;
#1952 = CARTESIAN_POINT ( 'NONE',  ( -87.16717521107059952, -4.500000000000000000, 63.23293199518699481 ) ) ;
#1953 = CARTESIAN_POINT ( 'NONE',  ( -35.33420442922329840, 4.500000000000000000, 36.89602146280199690 ) ) ;
#1954 = CARTESIAN_POINT ( 'NONE',  ( -27.71827159338310054, 12.50000000000040146, 43.62368261620129317 ) ) ;
#1955 = CARTESIAN_POINT ( 'NONE',  ( -76.36070507866736534, 7.873817691432073218, 96.00460443098700125 ) ) ;
#1956 = CARTESIAN_POINT ( 'NONE',  ( -76.47704442900010235, -7.032617980736618257, 96.34821871581549146 ) ) ;
#1957 = CARTESIAN_POINT ( 'NONE',  ( -27.85200326201104204, -12.48246866834359459, 37.26023721949791678 ) ) ;
#1958 = CARTESIAN_POINT ( 'NONE',  ( -71.53124092984954530, -12.50000000000000355, 96.35755121022646108 ) ) ;
#1959 = DIRECTION ( 'NONE',  ( 0.3090169943749515036, 0.000000000000000000, 0.9510565162951521989 ) ) ;
#1960 = CARTESIAN_POINT ( 'NONE',  ( -85.84674679996430768, -12.49999999858319910, 72.47605026318700538 ) ) ;
#1961 = VERTEX_POINT ( 'NONE', #1530 ) ;
#1962 = CARTESIAN_POINT ( 'NONE',  ( -27.13155766257629864, -12.50000000000000000, 38.57193634621479816 ) ) ;
#1963 = CARTESIAN_POINT ( 'NONE',  ( -85.87912644097559678, 12.49999999977119991, 72.74516810834859371 ) ) ;
#1964 = CARTESIAN_POINT ( 'NONE',  ( -17.74961915645649668, 0.000000000000000000, 36.90539853649280388 ) ) ;
#1965 = CARTESIAN_POINT ( 'NONE',  ( -27.54728459317980338, -12.49999999999639932, 42.95076799960509817 ) ) ;
#1966 = CARTESIAN_POINT ( 'NONE',  ( -11.76733658270891780, -12.25041618291569101, 59.30769096417308361 ) ) ;
#1967 = CARTESIAN_POINT ( 'NONE',  ( -93.15612965842930748, 4.500000000000000000, 76.73160935177550357 ) ) ;
#1968 = CARTESIAN_POINT ( 'NONE',  ( -6.276977008019753335, -6.657261884989071454, 42.12715553637744392 ) ) ;
#1969 = VERTEX_POINT ( 'NONE', #4356 ) ;
#1970 = CARTESIAN_POINT ( 'NONE',  ( -77.43324295590379336, 12.49999999999889866, 67.65305765398549909 ) ) ;
#1971 = CARTESIAN_POINT ( 'NONE',  ( -46.46578518331399721, 12.49999999988689936, 80.01564302646710303 ) ) ;
#1972 = CARTESIAN_POINT ( 'NONE',  ( -76.66478228712620080, -12.50000000000040146, 67.38878334635970191 ) ) ;
#1973 = EDGE_CURVE ( 'NONE', #1331, #4189, #2594, .T. ) ;
#1974 = CARTESIAN_POINT ( 'NONE',  ( -88.69628774628048973, -4.500000000000000000, 64.19760460985929740 ) ) ;
#1975 = CARTESIAN_POINT ( 'NONE',  ( -35.17276160966689957, 12.50000000000000178, 38.24745022262268890 ) ) ;
#1976 = CARTESIAN_POINT ( 'NONE',  ( -28.04882772964610282, 12.49999999999930012, 44.67521314073490402 ) ) ;
#1977 = CARTESIAN_POINT ( 'NONE',  ( -9.284339254726429402, -12.50000000000000000, 55.82090211363919963 ) ) ;
#1978 = CARTESIAN_POINT ( 'NONE',  ( -28.32250646700090968, -12.42987467337435881, 37.15367115967755751 ) ) ;
#1979 = CARTESIAN_POINT ( 'NONE',  ( -17.48118658970109962, -12.50000000000000000, 60.15081670736839925 ) ) ;
#1980 = DIRECTION ( 'NONE',  ( 0.000000000000000000, -1.000000000000000000, 0.000000000000000000 ) ) ;
#1981 = VECTOR ( 'NONE', #2188, 1000.000000000000000 ) ;
#1982 = CARTESIAN_POINT ( 'NONE',  ( -6.968976417923790301, 6.025935924276890177, 41.75000000000000000 ) ) ;
#1983 = ORIENTED_EDGE ( 'NONE', *, *, #887, .T. ) ;
#1984 = CARTESIAN_POINT ( 'NONE',  ( -35.14673948762760602, -12.50000000000000178, 38.54729916423326586 ) ) ;
#1985 = CARTESIAN_POINT ( 'NONE',  ( -85.74161143689920550, 12.50000000000030020, 73.63286930837820421 ) ) ;
#1986 = DIRECTION ( 'NONE',  ( -3.965082230804129727E-16, 0.000000000000000000, -1.000000000000000000 ) ) ;
#1987 = CARTESIAN_POINT ( 'NONE',  ( -27.15338251644540080, -12.50000000000000000, 40.17995520919159702 ) ) ;
#1988 = CARTESIAN_POINT ( 'NONE',  ( -23.68281634643030031, -12.50000000000000000, 38.00000000000000000 ) ) ;
#1989 = CARTESIAN_POINT ( 'NONE',  ( -92.24830839618869049, 4.500000000000000000, 78.90500089639469650 ) ) ;
#1990 = CARTESIAN_POINT ( 'NONE',  ( -6.289812561196648666, -7.312146700477609507, 42.53407799083203855 ) ) ;
#1991 = CARTESIAN_POINT ( 'NONE',  ( -90.92515194418878366, -10.00000000000000000, 76.45578979651847362 ) ) ;
#1992 = CARTESIAN_POINT ( 'NONE',  ( -80.82916565109350415, 12.50000000000120082, 68.98271566025928792 ) ) ;
#1993 = B_SPLINE_SURFACE_WITH_KNOTS ( 'NONE', 3, 1, ( 
 ( #3815, #3473 ),
 ( #1889, #2614 ),
 ( #4271, #805 ),
 ( #1160, #4008 ) ),
 .UNSPECIFIED., .F., .F., .F.,
 ( 4, 4 ),
 ( 2, 2 ),
 ( 0.000000000000000000, 0.9485663405123450076 ),
 ( 0.000000000000000000, 1.080000000000000071 ),
 .UNSPECIFIED. ) ;
#1994 = CARTESIAN_POINT ( 'NONE',  ( -55.44508289166880388, 12.49999999998929923, 84.65025388786339988 ) ) ;
#1995 = CARTESIAN_POINT ( 'NONE',  ( -55.89632762713669933, -12.49999999989050004, 61.93532249546800017 ) ) ;
#1996 = DIRECTION ( 'NONE',  ( 0.000000000000000000, -1.000000000000000000, 0.000000000000000000 ) ) ;
#1997 = CARTESIAN_POINT ( 'NONE',  ( -85.86572391455320030, -12.50000000000000000, 72.99018568568050114 ) ) ;
#1998 = CARTESIAN_POINT ( 'NONE',  ( -35.22350022213759502, 4.500000000000000000, 37.80668940382630439 ) ) ;
#1999 = CARTESIAN_POINT ( 'NONE',  ( -29.76908561899290007, 12.49999999999429967, 48.18241959426119791 ) ) ;
#2000 = CARTESIAN_POINT ( 'NONE',  ( -6.484523581325493780, -12.50000000000000355, 63.36175080416149541 ) ) ;
#2001 = PLANE ( 'NONE',  #1800 ) ;
#2002 = CARTESIAN_POINT ( 'NONE',  ( -15.51664864783220033, -4.500000000000000000, 68.25802035811518920 ) ) ;
#2003 = CARTESIAN_POINT ( 'NONE',  ( -6.840531079149219984, -4.643912947079499531, 38.00000000000000000 ) ) ;
#2004 = AXIS2_PLACEMENT_3D ( 'NONE', #278, #3764, #4405 ) ;
#2005 = CARTESIAN_POINT ( 'NONE',  ( -34.01517337161259746, 8.850357842926939611, 37.10029354652129996 ) ) ;
#2006 = ORIENTED_EDGE ( 'NONE', *, *, #2738, .F. ) ;
#2007 = CARTESIAN_POINT ( 'NONE',  ( -36.49311562546989762, -4.500000000000000000, 43.85399417295090529 ) ) ;
#2008 = CARTESIAN_POINT ( 'NONE',  ( -85.67472832434989982, 12.49999999999930012, 73.86768068417410404 ) ) ;
#2009 = CARTESIAN_POINT ( 'NONE',  ( -91.93397912996029220, 12.50000000000000355, 67.16960260243510561 ) ) ;
#2010 = ORIENTED_EDGE ( 'NONE', *, *, #2076, .T. ) ;
#2011 = CARTESIAN_POINT ( 'NONE',  ( -35.20000000079750180, 4.567219675041970461, 37.99780301000210159 ) ) ;
#2012 = CARTESIAN_POINT ( 'NONE',  ( -33.81888762865080622, -9.132659847255149899, 37.11725145387585911 ) ) ;
#2013 = FACE_OUTER_BOUND ( 'NONE', #3519, .T. ) ;
#2014 = CARTESIAN_POINT ( 'NONE',  ( -71.80380154513689206, 12.50000000000000000, 90.35315128652679562 ) ) ;
#2015 = CARTESIAN_POINT ( 'NONE',  ( -6.254883362840413241, -6.808064419954602542, 42.21679169671808296 ) ) ;
#2016 = ORIENTED_EDGE ( 'NONE', *, *, #1903, .T. ) ;
#2017 = CARTESIAN_POINT ( 'NONE',  ( -81.34030380261809512, 12.49999999997200106, 69.21582165939750553 ) ) ;
#2018 = CARTESIAN_POINT ( 'NONE',  ( -41.54531049890790229, 12.49999999977450038, 76.61602086991679528 ) ) ;
#2019 = CARTESIAN_POINT ( 'NONE',  ( -52.24100814517269953, -12.49999999999689848, 60.96459519060960019 ) ) ;
#2020 = CARTESIAN_POINT ( 'NONE',  ( -5.754360833654099672, -4.500000000000000000, 63.00000000000000000 ) ) ;
#2021 = CARTESIAN_POINT ( 'NONE',  ( -31.47618163974524919, 11.34948954094478601, 36.69583648320125491 ) ) ;
#2022 = CARTESIAN_POINT ( 'NONE',  ( -93.85666739431870553, -4.500000000000000000, 73.45495110017090212 ) ) ;
#2023 = CARTESIAN_POINT ( 'NONE',  ( -41.31350981582200887, 4.500000000000000000, 48.21185268848670091 ) ) ;
#2024 = CARTESIAN_POINT ( 'NONE',  ( -27.35883966472080076, 12.50000000000000000, 42.00790478905840075 ) ) ;
#2025 = CARTESIAN_POINT ( 'NONE',  ( -10.51000179104459953, -12.50000000000000000, 56.43045288358370470 ) ) ;
#2026 = CARTESIAN_POINT ( 'NONE',  ( -33.08988989956179694, -10.04209341285138990, 36.87833669878612142 ) ) ;
#2027 = CARTESIAN_POINT ( 'NONE',  ( -45.71062514640228613, -12.50000000000000355, 88.98532892137326655 ) ) ;
#2028 = CARTESIAN_POINT ( 'NONE',  ( -35.20000000000000284, -4.600780098834749587, 37.10029354652139943 ) ) ;
#2029 = EDGE_CURVE ( 'NONE', #2311, #3818, #4088, .T. ) ;
#2030 = CARTESIAN_POINT ( 'NONE',  ( -73.25301720009622386, 12.50000000000000355, 96.51867790502186040 ) ) ;
#2031 = DIRECTION ( 'NONE',  ( 0.000000000000000000, -1.000000000000000000, 0.000000000000000000 ) ) ;
#2032 = VERTEX_POINT ( 'NONE', #645 ) ;
#2033 = EDGE_LOOP ( 'NONE', ( #919, #4364, #622, #3703 ) ) ;
#2034 = CARTESIAN_POINT ( 'NONE',  ( -35.46970566438130135, -12.50000000000000355, 41.64212482115743086 ) ) ;
#2035 = CARTESIAN_POINT ( 'NONE',  ( -84.70137428856999406, 12.49999999999910116, 76.07785641249719788 ) ) ;
#2036 = CARTESIAN_POINT ( 'NONE',  ( -85.80019447817360856, 12.50000000000000000, 72.36301986516039619 ) ) ;
#2037 = ORIENTED_EDGE ( 'NONE', *, *, #972, .F. ) ;
#2038 = CARTESIAN_POINT ( 'NONE',  ( -6.392082245492839654, -7.629992613045430083, 42.74999857402559655 ) ) ;
#2039 = CARTESIAN_POINT ( 'NONE',  ( -27.32911413939699941, -12.50000000000000000, 41.81943413999789527 ) ) ;
#2040 = CARTESIAN_POINT ( 'NONE',  ( -35.12803582070859676, -5.855440959476079676, 36.91275821386449962 ) ) ;
#2041 = CARTESIAN_POINT ( 'NONE',  ( -71.56172829810860492, 12.50000000000000000, 90.56455543162910260 ) ) ;
#2042 = EDGE_LOOP ( 'NONE', ( #1681, #4410, #4340, #4456, #1465, #3302 ) ) ;
#2043 = CARTESIAN_POINT ( 'NONE',  ( -37.63865265175880381, 12.50000000000000000, 73.71504912525719533 ) ) ;
#2044 = CARTESIAN_POINT ( 'NONE',  ( -62.03947563889449412, -12.49999999999839950, 63.45359617970559896 ) ) ;
#2045 = EDGE_CURVE ( 'NONE', #1602, #124, #2454, .T. ) ;
#2046 = DIRECTION ( 'NONE',  ( 0.000000000000000000, 0.000000000000000000, 1.000000000000000000 ) ) ;
#2047 = CARTESIAN_POINT ( 'NONE',  ( -32.72036477483372607, 10.40936243088385460, 36.79938637549072666 ) ) ;
#2048 = CARTESIAN_POINT ( 'NONE',  ( -93.59597911349540311, -4.500000000000000000, 70.47591278382510893 ) ) ;
#2049 = EDGE_CURVE ( 'NONE', #635, #3168, #2318, .T. ) ;
#2050 = CARTESIAN_POINT ( 'NONE',  ( -35.46978737058429942, 4.500000000000000000, 41.64239966089219536 ) ) ;
#2051 = CARTESIAN_POINT ( 'NONE',  ( -42.92590097387580528, 12.50000000000000000, 57.87369202598769391 ) ) ;
#2052 = CARTESIAN_POINT ( 'NONE',  ( -85.69134246328459881, -12.49999999999910116, 73.81228026146399657 ) ) ;
#2053 =( BOUNDED_SURFACE ( )  B_SPLINE_SURFACE ( 3, 2, ( 
 ( #4036, #1277, #3348 ),
 ( #4112, #912, #2297 ),
 ( #2341, #228, #889 ),
 ( #2640, #3690, #1572 ) ),
 .UNSPECIFIED., .F., .F., .F. ) 
 B_SPLINE_SURFACE_WITH_KNOTS ( ( 4, 4 ),
 ( 3, 3 ),
 ( 1.726161386719690105, 1.974255745308939991 ),
 ( 0.000000000000000000, 1.000009804531390101 ),
 .UNSPECIFIED. ) 
 GEOMETRIC_REPRESENTATION_ITEM ( )  RATIONAL_B_SPLINE_SURFACE ( (
 ( 1.000000000000000000, 0.6530022563814449343, 1.000006804300540120),
 ( 1.000000000000000000, 0.6232536590973140056, 1.000007387642649848),
 ( 1.000000000000000000, 0.5920416788291319454, 1.000007999680329940),
 ( 1.000000000000000000, 0.5597335618560260739, 1.000008633212229991) ) ) 
 REPRESENTATION_ITEM ( '' )  SURFACE ( )  );
#2054 = CARTESIAN_POINT ( 'NONE',  ( -6.247676765019940071, 4.848480158808360585, 37.99999999999459988 ) ) ;
#2055 = CARTESIAN_POINT ( 'NONE',  ( -19.58300636457869714, -12.50000000000000000, 61.36813548683100095 ) ) ;
#2056 = AXIS2_PLACEMENT_3D ( 'NONE', #682, #2751, #3774 ) ;
#2057 = CARTESIAN_POINT ( 'NONE',  ( -27.21692930468629967, -4.632813184691689123, 37.40766625019740133 ) ) ;
#2058 = CYLINDRICAL_SURFACE ( 'NONE', #3443, 1.999999999999998668 ) ;
#2059 = ORIENTED_EDGE ( 'NONE', *, *, #428, .T. ) ;
#2060 = CARTESIAN_POINT ( 'NONE',  ( -86.68385328773318577, -4.500000000000000000, 62.95958939289369738 ) ) ;
#2061 = CARTESIAN_POINT ( 'NONE',  ( -83.38671047014449300, 12.49999999999820055, 78.17911466602960502 ) ) ;
#2062 = CARTESIAN_POINT ( 'NONE',  ( -88.69651065482170793, 4.500000000000000000, 64.19775842525820053 ) ) ;
#2063 = DIRECTION ( 'NONE',  ( 1.000000000000000000, 0.000000000000000000, 0.000000000000000000 ) ) ;
#2064 = CARTESIAN_POINT ( 'NONE',  ( -34.50992601636360746, -7.883469469458564305, 37.45566554856436881 ) ) ;
#2065 = CARTESIAN_POINT ( 'NONE',  ( -9.246747621907822179, -11.10951701713990047, 60.84368574383541528 ) ) ;
#2066 = CARTESIAN_POINT ( 'NONE',  ( -73.43724261810338305, 12.50000000000000000, 88.90220515542131352 ) ) ;
#2067 = ADVANCED_FACE ( 'NONE', ( #4426 ), #4065, .T. ) ;
#2068 = CARTESIAN_POINT ( 'NONE',  ( -6.360498360324317701, 6.689744097533902867, 42.04684334277080637 ) ) ;
#2069 = CARTESIAN_POINT ( 'NONE',  ( -35.20000000000000284, 4.600780098834789555, 37.10029354652129996 ) ) ;
#2070 = CARTESIAN_POINT ( 'NONE',  ( -60.01155654734819933, -12.50000000000090061, 62.96152666484579186 ) ) ;
#2071 = CARTESIAN_POINT ( 'NONE',  ( -27.26018431940800113, 0.000000000000000000, 39.99556848024240452 ) ) ;
#2072 = CARTESIAN_POINT ( 'NONE',  ( -73.47490228948019819, 12.50000000000000000, 88.50442813768290762 ) ) ;
#2073 = CARTESIAN_POINT ( 'NONE',  ( -35.16480769159979758, 4.500000000000000000, 40.07500280831590089 ) ) ;
#2074 = CARTESIAN_POINT ( 'NONE',  ( -42.09151549426500338, 12.50000000000000000, 57.52770840576540223 ) ) ;
#2075 = CARTESIAN_POINT ( 'NONE',  ( -85.83846997665280298, -12.49999999999590017, 73.18553476053520512 ) ) ;
#2076 = EDGE_CURVE ( 'NONE', #1331, #26, #1481, .T. ) ;
#2077 = CARTESIAN_POINT ( 'NONE',  ( -27.21692930468629967, 4.632813184691689123, 37.40766625019740133 ) ) ;
#2078 = DIRECTION ( 'NONE',  ( 0.000000000000000000, 0.000000000000000000, -1.000000000000000000 ) ) ;
#2079 = CARTESIAN_POINT ( 'NONE',  ( -76.91919282663440072, 12.50000000000000000, 88.77131160987980252 ) ) ;
#2080 = PRESENTATION_LAYER_ASSIGNMENT (  '', '', ( #4272 ) ) ;
#2081 = CARTESIAN_POINT ( 'NONE',  ( -6.124278646169815765, 6.904553497167363219, 40.47488147311879203 ) ) ;
#2082 = ORIENTED_EDGE ( 'NONE', *, *, #4333, .F. ) ;
#2083 = CARTESIAN_POINT ( 'NONE',  ( -75.16280688843249891, -4.500000000000000000, 58.55137088576240245 ) ) ;
#2084 = CARTESIAN_POINT ( 'NONE',  ( -85.07664176315709881, 12.49999999998570033, 75.35367705898498514 ) ) ;
#2085 = ORIENTED_EDGE ( 'NONE', *, *, #3530, .T. ) ;
#2086 = ORIENTED_EDGE ( 'NONE', *, *, #2029, .F. ) ;
#2087 = CARTESIAN_POINT ( 'NONE',  ( -80.98404449257689919, -12.49999999999969980, 81.26918596774930847 ) ) ;
#2088 = CARTESIAN_POINT ( 'NONE',  ( -27.19610890169200346, -12.50000000000000000, 37.62678912280050270 ) ) ;
#2089 = CARTESIAN_POINT ( 'NONE',  ( -27.35455446546230007, -12.50000000000000000, 36.24414557894849764 ) ) ;
#2090 = CARTESIAN_POINT ( 'NONE',  ( -76.42127581701430472, 4.500000000000000000, 96.94021161777210693 ) ) ;
#2091 = CYLINDRICAL_SURFACE ( 'NONE', #116, 7.999999999999998224 ) ;
#2092 = CARTESIAN_POINT ( 'NONE',  ( -28.85079247050730089, -12.49999999996610001, 67.31544143769458799 ) ) ;
#2093 = CARTESIAN_POINT ( 'NONE',  ( -27.51377143253489876, 12.49999999958460073, 66.39732113653350609 ) ) ;
#2094 = CARTESIAN_POINT ( 'NONE',  ( -73.96186986689528453, -12.49999999998259881, 66.53696566714249627 ) ) ;
#2095 = DIRECTION ( 'NONE',  ( -0.9510565162951521989, 0.000000000000000000, 0.3090169943749520587 ) ) ;
#2096 = CARTESIAN_POINT ( 'NONE',  ( -33.20958378103702557, 9.910959958977848316, 36.90969259074014985 ) ) ;
#2097 = B_SPLINE_CURVE_WITH_KNOTS ( 'NONE', 3,
 ( #2830, #4475, #4227, #1722, #1096, #2486, #3101, #4499, #1373, #3542, #2225, #444, #1200, #3583, #1528, #153, #2592, #3213, #1547, #2871, #1488, #4312, #2186, #2850, #1139, #94, #4270, #423, #3564, #2530, #843, #3234, #1830, #3620, #1811, #2206, #504, #3924, #1179, #804, #3193, #3985, #3945, #4247, #466, #2549, #823, #1851, #2912, #113, #1508, #3602, #2892, #4291, #2509, #1117, #3904, #1159, #2166, #485, #2146, #2569, #785, #1870, #1466, #3255, #134, #3963, #1888, #3275, #2932, #4331, #72, #1592, #1246, #2293, #250 ),
 .UNSPECIFIED., .F., .F.,
 ( 4, 2, 2, 2, 2, 2, 2, 1, 1, 2, 2, 2, 2, 1, 1, 2, 2, 2, 2, 1, 1, 1, 2, 2, 2, 2, 1, 1, 1, 1, 2, 2, 2, 2, 1, 1, 1, 2, 2, 2, 2, 1, 1, 1, 2, 2, 4 ),
 ( 0.000000000000000000, 0.06249999999999757139, 0.09374999999999654443, 0.1093749999999960587, 0.1249999999999955591, 0.1874999999999937550, 0.2187499999999931721, 0.2343749999999926170, 0.2421874999999923672, 0.2460937499999922839, 0.2499999999999922284, 0.3124999999999888978, 0.3437499999999870659, 0.3593749999999865108, 0.3671874999999863443, 0.3710937499999858447, 0.3749999999999854006, 0.4374999999999829026, 0.4687499999999812927, 0.4843749999999804046, 0.4921874999999796274, 0.4960937499999791833, 0.4980468749999785172, 0.4999999999999779066, 0.5624999999999447109, 0.5937499999999281686, 0.6093749999999195088, 0.6171874999999154010, 0.6210937499999130695, 0.6230468749999120703, 0.6240234374999117373, 0.6249999999999112932, 0.6874999999999295008, 0.7187499999999384936, 0.7343749999999433786, 0.7421874999999452660, 0.7460937499999463762, 0.7480468749999465983, 0.7499999999999469313, 0.8124999999999529265, 0.8437499999999557021, 0.8593749999999572564, 0.8671874999999574785, 0.8710937499999574785, 0.8730468749999578115, 0.8749999999999582556, 1.000000000000000000 ),
 .UNSPECIFIED. ) ;
#2098 = CARTESIAN_POINT ( 'NONE',  ( -27.13153695823439904, 12.50000000000000000, 38.57251149891980191 ) ) ;
#2099 = CARTESIAN_POINT ( 'NONE',  ( -31.02716793531680040, 12.49999999998640021, 49.90397758413410401 ) ) ;
#2100 = VECTOR ( 'NONE', #1625, 1000.000000000000000 ) ;
#2101 = CARTESIAN_POINT ( 'NONE',  ( -85.87156178147020569, -12.49999999998489919, 72.92485374068620274 ) ) ;
#2102 = DIRECTION ( 'NONE',  ( 0.7261801802967918773, -0.2124505535836479775, 0.6538555712281730603 ) ) ;
#2103 = CARTESIAN_POINT ( 'NONE',  ( -76.97687203857330474, -4.500000000000000000, 96.79036455293750407 ) ) ;
#2104 = CARTESIAN_POINT ( 'NONE',  ( -75.18266989832270042, 4.500000000000000000, 96.67192862445220669 ) ) ;
#2105 = CARTESIAN_POINT ( 'NONE',  ( -28.62865034437539791, 17.71000000000000085, 37.07691507342550352 ) ) ;
#2106 = EDGE_LOOP ( 'NONE', ( #2059, #2279, #652, #8 ) ) ;
#2107 = CARTESIAN_POINT ( 'NONE',  ( -62.35136052993800604, -12.50000000000000000, 63.52916544508890695 ) ) ;
#2108 = CARTESIAN_POINT ( 'NONE',  ( -85.61105711948930264, 12.49999999994989963, 74.06703413212649423 ) ) ;
#2109 = ORIENTED_EDGE ( 'NONE', *, *, #3685, .T. ) ;
#2110 = CARTESIAN_POINT ( 'NONE',  ( -22.27699161849660214, -4.642976575519900173, 37.99711814466629534 ) ) ;
#2111 =( NAMED_UNIT ( * ) PLANE_ANGLE_UNIT ( ) SI_UNIT ( $, .RADIAN. ) );
#2112 = SURFACE_STYLE_FILL_AREA ( #1043 ) ;
#2113 = DIRECTION ( 'NONE',  ( -0.9510565162951521989, 0.000000000000000000, 0.3090169943749520587 ) ) ;
#2114 = CARTESIAN_POINT ( 'NONE',  ( -6.336281480504280417, 7.361002939999190531, 42.43949801804613031 ) ) ;
#2115 = CARTESIAN_POINT ( 'NONE',  ( -45.66696040711129712, -12.49999999995450040, 79.49462992906509839 ) ) ;
#2116 = CARTESIAN_POINT ( 'NONE',  ( -21.50572447315509805, 12.49999999797980088, 62.53065813845569210 ) ) ;
#2117 = CARTESIAN_POINT ( 'NONE',  ( -33.86525054175820060, -12.50000000000000000, 52.72637378843400313 ) ) ;
#2118 = CARTESIAN_POINT ( 'NONE',  ( -92.98884401050391091, -4.500000000000000000, 77.20009443574389252 ) ) ;
#2119 = CARTESIAN_POINT ( 'NONE',  ( -35.30231102531160303, 1.248104940038520905, 40.96324761417196925 ) ) ;
#2120 = CARTESIAN_POINT ( 'NONE',  ( -35.63371693442918087, 12.50000000000000178, 42.14883023262056838 ) ) ;
#2121 = CARTESIAN_POINT ( 'NONE',  ( -37.21177528374430210, 12.50000000000000000, 55.06919392108979849 ) ) ;
#2122 = CARTESIAN_POINT ( 'NONE',  ( -85.87854169553590111, -12.49999999985129939, 72.79409547183429652 ) ) ;
#2123 = ORIENTED_EDGE ( 'NONE', *, *, #4352, .F. ) ;
#2124 = CARTESIAN_POINT ( 'NONE',  ( -6.759414528952979673, 4.650802491957259477, 38.00000000000000000 ) ) ;
#2125 = FACE_BOUND ( 'NONE', #3059, .T. ) ;
#2126 = CARTESIAN_POINT ( 'NONE',  ( -75.71706221516026858, 12.50000000000000355, 96.70948998569375021 ) ) ;
#2127 = CARTESIAN_POINT ( 'NONE',  ( -82.31909486401976039, 6.522438954964606239, 91.16627343365892955 ) ) ;
#2128 = CARTESIAN_POINT ( 'NONE',  ( -84.37666131914080836, -4.500000000000000000, 61.80314531035750036 ) ) ;
#2129 = CARTESIAN_POINT ( 'NONE',  ( -85.39943681441481260, 12.49999999997860023, 74.63353230533449789 ) ) ;
#2130 = B_SPLINE_CURVE_WITH_KNOTS ( 'NONE', 3,
 ( #3269, #148, #976, #607, #1990, #2331, #1659, #2355, #2310, #3383, #3750, #3702, #4440, #4077, #634, #2015, #2701, #267, #3411, #292, #1968, #3042, #4417, #1315, #1686, #926, #241, #585, #3360, #4101, #1290, #1635, #3021, #2677, #951 ),
 .UNSPECIFIED., .F., .F.,
 ( 4, 2, 2, 1, 1, 1, 2, 2, 2, 2, 1, 1, 2, 2, 2, 2, 1, 1, 2, 2, 4 ),
 ( 0.000000000000000000, 0.1249999999999371336, 0.1874999999999057976, 0.2187499999998901434, 0.2343749999998822053, 0.2421874999998739342, 0.2460937499998734901, 0.2499999999998730460, 0.3749999999999118483, 0.4374999999999291678, 0.4687499999999400480, 0.4843749999999454880, 0.4921874999999482636, 0.4999999999999510392, 0.6249999999999802380, 0.6874999999999934497, 0.7187500000000015543, 0.7343750000000056621, 0.7421875000000052180, 0.7500000000000046629, 1.000000000000000000 ),
 .UNSPECIFIED. ) ;
#2131 = CARTESIAN_POINT ( 'NONE',  ( -77.92651652256280670, -12.49999999999620037, 84.60248147156339371 ) ) ;
#2132 = CARTESIAN_POINT ( 'NONE',  ( -21.83722406390289805, 4.632813184691689123, 38.00000000000000000 ) ) ;
#2133 = CARTESIAN_POINT ( 'NONE',  ( -22.87262905705510008, 6.000000000000000000, 41.75000000000000000 ) ) ;
#2134 = CARTESIAN_POINT ( 'NONE',  ( -35.72375606095562972, -1.966525540172546771, 42.36229927989073474 ) ) ;
#2135 = CARTESIAN_POINT ( 'NONE',  ( -21.19492704148139595, -12.49999999838449938, 62.34140530622450171 ) ) ;
#2136 = CARTESIAN_POINT ( 'NONE',  ( -11.51894288516430720, 12.50000000000000355, 65.98589240764475505 ) ) ;
#2137 = CARTESIAN_POINT ( 'NONE',  ( -44.40186426248489937, -12.49999999997669953, 58.45118275055560275 ) ) ;
#2138 = CARTESIAN_POINT ( 'NONE',  ( -92.77509012840809532, -4.500000000000000000, 77.74278964125178959 ) ) ;
#2139 = CARTESIAN_POINT ( 'NONE',  ( -26.41181053703699178, 1.347111479062088257E-16, 38.56330668192028810 ) ) ;
#2140 = ADVANCED_FACE ( 'NONE', ( #53 ), #4206, .T. ) ;
#2141 = CARTESIAN_POINT ( 'NONE',  ( -82.61862616446779839, 4.500000000000000000, 61.05227789882749789 ) ) ;
#2142 = CARTESIAN_POINT ( 'NONE',  ( -34.61430056625479779, 12.49999999998149924, 53.31761008297280569 ) ) ;
#2143 = CARTESIAN_POINT ( 'NONE',  ( -84.41859801450560497, -12.49999999994529887, 70.97599234173260641 ) ) ;
#2144 = CARTESIAN_POINT ( 'NONE',  ( -7.193100834683105127, -9.077330127913887381, 62.10769473151675868 ) ) ;
#2145 = ORIENTED_EDGE ( 'NONE', *, *, #1843, .T. ) ;
#2146 = CARTESIAN_POINT ( 'NONE',  ( -10.83352162684054498, 11.94773587127891901, 59.87481353284194086 ) ) ;
#2147 = CARTESIAN_POINT ( 'NONE',  ( -92.53618940592252784, -7.223960226054123801, 77.04914966729026560 ) ) ;
#2148 = CARTESIAN_POINT ( 'NONE',  ( -88.52580057575532635, 10.00000000000000355, 80.95995112425521256 ) ) ;
#2149 = CARTESIAN_POINT ( 'NONE',  ( -33.60388573658990197, 17.71000000000000085, 37.02910231161139620 ) ) ;
#2150 = CARTESIAN_POINT ( 'NONE',  ( -73.83688604734400940, 12.50000000000000000, 88.53673832600750870 ) ) ;
#2151 = CARTESIAN_POINT ( 'NONE',  ( -35.33427620816581083, -12.50000000000000178, 36.89543100023103506 ) ) ;
#2152 = CARTESIAN_POINT ( 'NONE',  ( -35.72861059407091489, -1.968347599542634274, 42.37439388915480976 ) ) ;
#2153 = CARTESIAN_POINT ( 'NONE',  ( -85.65058382899150047, 12.49999999972239983, 72.12604414762418514 ) ) ;
#2154 = CARTESIAN_POINT ( 'NONE',  ( -36.51014966006979989, -12.50000000000000000, 72.86972260105591204 ) ) ;
#2155 = AXIS2_PLACEMENT_3D ( 'NONE', #1643, #3393, #1323 ) ;
#2156 = CARTESIAN_POINT ( 'NONE',  ( -5.431139856813559597, 12.50000000000070699, 62.84079998601077222 ) ) ;
#2157 = CARTESIAN_POINT ( 'NONE',  ( -37.21137377748030417, -12.50000000000000000, 55.06895320476039757 ) ) ;
#2158 = CARTESIAN_POINT ( 'NONE',  ( -85.22774004206850407, -12.50000000000000000, 75.03638167953759819 ) ) ;
#2159 = CARTESIAN_POINT ( 'NONE',  ( -35.28088116443857558, 1.118319751904238490, 40.85614773769403740 ) ) ;
#2160 = CARTESIAN_POINT ( 'NONE',  ( -61.20787751984631342, 12.50000000000000178, 55.02094229423859417 ) ) ;
#2161 = CARTESIAN_POINT ( 'NONE',  ( -74.46088390098799437, 12.49999999998659916, 66.68825658548389868 ) ) ;
#2162 = ADVANCED_FACE ( 'NONE', ( #2125, #786 ), #1723, .T. ) ;
#2163 = CARTESIAN_POINT ( 'NONE',  ( -85.63114568911289837, -12.49999999954569851, 72.10000647266079454 ) ) ;
#2164 = CARTESIAN_POINT ( 'NONE',  ( -5.884638014733989841, -5.940926632349780689, 62.91896285922435084 ) ) ;
#2165 = VERTEX_POINT ( 'NONE', #2167 ) ;
#2166 = CARTESIAN_POINT ( 'NONE',  ( -10.74794570819483042, 11.91375088622790379, 59.92690888908712310 ) ) ;
#2167 = CARTESIAN_POINT ( 'NONE',  ( -5.754360825795039602, -4.500000000000000000, 63.00000036993740338 ) ) ;
#2168 = CARTESIAN_POINT ( 'NONE',  ( -74.78634379838763380, 12.02225858801667080, 91.34990459922015305 ) ) ;
#2169 = CARTESIAN_POINT ( 'NONE',  ( -33.78398419112489393, 9.183473361795918777, 37.10029354752320074 ) ) ;
#2170 = CARTESIAN_POINT ( 'NONE',  ( -76.40232641734759511, 12.50000000000000000, 86.12249485134830707 ) ) ;
#2171 = EDGE_CURVE ( 'NONE', #3846, #2427, #4248, .T. ) ;
#2172 = CARTESIAN_POINT ( 'NONE',  ( -79.96108968681780027, -12.49999999998770051, 82.43756547157919101 ) ) ;
#2173 = CARTESIAN_POINT ( 'NONE',  ( -34.91785900003733190, -6.715247135952171931, 37.72909679842809538 ) ) ;
#2174 = CARTESIAN_POINT ( 'NONE',  ( -23.15570062859519851, -4.632767951221810065, 37.96569922972690136 ) ) ;
#2175 = CARTESIAN_POINT ( 'NONE',  ( -35.29644623535434533, -1.229755720540749886, 40.94001598005074527 ) ) ;
#2176 = CARTESIAN_POINT ( 'NONE',  ( -85.54980141240319824, 12.49999999942810014, 71.99757887845329662 ) ) ;
#2177 = CARTESIAN_POINT ( 'NONE',  ( -41.99135976509630552, -12.49999999980910026, 76.94035282422629507 ) ) ;
#2178 = CARTESIAN_POINT ( 'NONE',  ( -34.59902370670994287, 7.672651649577268529, 37.50956034311740694 ) ) ;
#2179 = CARTESIAN_POINT ( 'NONE',  ( -39.69305486216670431, -12.49999999975559994, 56.42213236074069727 ) ) ;
#2180 = CARTESIAN_POINT ( 'NONE',  ( -85.70813242615619743, -12.50000000000000000, 73.75698874279160577 ) ) ;
#2181 = CARTESIAN_POINT ( 'NONE',  ( -35.61692728480527137, 1.914665960729450500, 42.08529251135378502 ) ) ;
#2182 = CARTESIAN_POINT ( 'NONE',  ( -56.27221274758019121, 12.50000000000000000, 62.03783116616330062 ) ) ;
#2183 = CARTESIAN_POINT ( 'NONE',  ( -47.23955226883789749, 12.49999999999830003, 59.45070984194600072 ) ) ;
#2184 = CARTESIAN_POINT ( 'NONE',  ( -85.75799642966138947, -12.49999999977569942, 72.28699557165020906 ) ) ;
#2185 = CARTESIAN_POINT ( 'NONE',  ( -35.20000000000000284, 4.500000000000000000, 38.00000000000000000 ) ) ;
#2186 = CARTESIAN_POINT ( 'NONE',  ( -6.953435340108124585, 8.714999425065016680, 62.25593194438687306 ) ) ;
#2187 = CARTESIAN_POINT ( 'NONE',  ( -7.031074783824944774, 5.562801622030533188, 40.53483772833246945 ) ) ;
#2188 = DIRECTION ( 'NONE',  ( 0.000000000000000000, 0.000000000000000000, 1.000000000000000000 ) ) ;
#2189 = CARTESIAN_POINT ( 'NONE',  ( -80.36748613086886905, 10.00000000000000000, 90.36935554997371867 ) ) ;
#2190 = CARTESIAN_POINT ( 'NONE',  ( -36.28331497166100661, 1.923164555992941782, 43.50543834332145110 ) ) ;
#2191 = CARTESIAN_POINT ( 'NONE',  ( -85.54702829384379470, -12.49999999991930011, 74.25106130700200424 ) ) ;
#2192 = FACE_OUTER_BOUND ( 'NONE', #599, .T. ) ;
#2193 = CARTESIAN_POINT ( 'NONE',  ( -27.24967167136249913, -12.50000000000000000, 37.10796982545009826 ) ) ;
#2194 = CARTESIAN_POINT ( 'NONE',  ( -36.59347163130782121, -1.773684136959827073, 44.00055134882829577 ) ) ;
#2195 =( BOUNDED_CURVE ( )  B_SPLINE_CURVE ( 3, ( #3428, #310, #4480, #4141 ),
 .UNSPECIFIED., .F., .F. ) 
 B_SPLINE_CURVE_WITH_KNOTS ( ( 4, 4 ),
 ( 4.375568047088748358, 4.555319731525532490 ),
 .UNSPECIFIED. ) 
 CURVE ( )  GEOMETRIC_REPRESENTATION_ITEM ( )  RATIONAL_B_SPLINE_CURVE ( ( 1.000000000000000000, 0.9973092563045768966, 0.9973092563045768966, 1.000000000000000000 ) ) 
 REPRESENTATION_ITEM ( '' )  );
#2196 = CARTESIAN_POINT ( 'NONE',  ( -85.74325178970539696, 12.49999999994449951, 72.26266375771469086 ) ) ;
#2197 = VECTOR ( 'NONE', #4169, 999.9999999999998863 ) ;
#2198 = CARTESIAN_POINT ( 'NONE',  ( -62.39488596220950711, -12.49999999999799982, 86.77529966815939133 ) ) ;
#2199 = CARTESIAN_POINT ( 'NONE',  ( -10.51000179104459953, 12.50000000000000000, 56.43045288358370470 ) ) ;
#2200 = CARTESIAN_POINT ( 'NONE',  ( -32.03018302839459608, -12.50000000000000000, 51.02898688724190635 ) ) ;
#2201 = CARTESIAN_POINT ( 'NONE',  ( -76.42127459669795542, -12.50000000000009948, 96.94021267767476502 ) ) ;
#2202 = CARTESIAN_POINT ( 'NONE',  ( -49.74118561118800130, 4.500000000000000000, 51.87008261191480329 ) ) ;
#2203 = CARTESIAN_POINT ( 'NONE',  ( -61.41570707768789816, 12.49999999999910116, 63.30245487586880415 ) ) ;
#2204 = CARTESIAN_POINT ( 'NONE',  ( -85.18906003842700159, -12.49999999999939959, 71.61475373394971200 ) ) ;
#2205 = CARTESIAN_POINT ( 'NONE',  ( -59.30910928024270135, -12.50000000000000000, 62.79238370474779174 ) ) ;
#2206 = CARTESIAN_POINT ( 'NONE',  ( -8.218270290022090308, 10.27526531501727547, 61.47526828676334532 ) ) ;
#2207 = CARTESIAN_POINT ( 'NONE',  ( -27.19605738283799923, 12.50000000000000000, 37.62736839493499730 ) ) ;
#2208 = DIRECTION ( 'NONE',  ( -0.000000000000000000, 1.000000000000000000, -0.000000000000000000 ) ) ;
#2209 = CARTESIAN_POINT ( 'NONE',  ( -74.90604338163451814, -11.88875017731031214, 91.70395328114497602 ) ) ;
#2210 = CARTESIAN_POINT ( 'NONE',  ( -36.77387482061862300, 1.659073650606993855, 44.26125105099230694 ) ) ;
#2211 = AXIS2_PLACEMENT_3D ( 'NONE', #3783, #1740, #2046 ) ;
#2212 = CARTESIAN_POINT ( 'NONE',  ( -82.64579100293909164, -12.50000000000000000, 79.20218611308369816 ) ) ;
#2213 = CARTESIAN_POINT ( 'NONE',  ( -35.18005533133419505, -4.500000000000000000, 38.17593349485979815 ) ) ;
#2214 = CARTESIAN_POINT ( 'NONE',  ( -37.51580152958582204, -0.9452668781889611571, 45.18189614607929627 ) ) ;
#2215 = ORIENTED_EDGE ( 'NONE', *, *, #921, .T. ) ;
#2216 = CARTESIAN_POINT ( 'NONE',  ( -85.78479750508459745, 12.49999999880969881, 72.33387663907670628 ) ) ;
#2217 = CARTESIAN_POINT ( 'NONE',  ( -71.14869372873729958, -12.50000000000000000, 88.26600603679399626 ) ) ;
#2218 = CARTESIAN_POINT ( 'NONE',  ( -8.965967427613890095, 12.50000000000000000, 55.66410199566929862 ) ) ;
#2219 = CARTESIAN_POINT ( 'NONE',  ( -29.69272993017609963, -12.49999999999420019, 48.06293967297779801 ) ) ;
#2220 = CARTESIAN_POINT ( 'NONE',  ( -76.42127459670079759, -4.500000000000000000, 96.94021267767860195 ) ) ;
#2221 = CARTESIAN_POINT ( 'NONE',  ( -84.37687223580105922, 12.50000000000000178, 61.80324109937128441 ) ) ;
#2222 = CARTESIAN_POINT ( 'NONE',  ( -67.99626256982899974, 12.49999999999930012, 64.91628296218819116 ) ) ;
#2223 = CARTESIAN_POINT ( 'NONE',  ( -81.12129731685810441, -12.49999999998589928, 69.11567791845899933 ) ) ;
#2224 = CARTESIAN_POINT ( 'NONE',  ( -92.75821396567900479, -4.500000000000000000, 68.40898316467320228 ) ) ;
#2225 = CARTESIAN_POINT ( 'NONE',  ( -6.063072920527435627, 6.718744764982804263, 62.80796697671206630 ) ) ;
#2226 = CARTESIAN_POINT ( 'NONE',  ( -27.18025353791150067, 12.50000000000000000, 37.81623458527809589 ) ) ;
#2227 = CARTESIAN_POINT ( 'NONE',  ( -74.84033372696224262, 11.96424216700170362, 91.50947803293658467 ) ) ;
#2228 = MECHANICAL_DESIGN_GEOMETRIC_PRESENTATION_REPRESENTATION (  '', ( #1289 ), #3251 ) ;
#2229 = CARTESIAN_POINT ( 'NONE',  ( -74.37341485029178045, -12.35076760457105394, 90.12678206754667087 ) ) ;
#2230 = CARTESIAN_POINT ( 'NONE',  ( -36.19156031064233048, 1.954399104383759411, 43.34406084897494082 ) ) ;
#2231 = CARTESIAN_POINT ( 'NONE',  ( -84.88452925338550870, -12.49999999998649969, 75.73552288627719520 ) ) ;
#2232 = CARTESIAN_POINT ( 'NONE',  ( -27.21059670329859870, -12.50000000000000000, 37.46947348640300390 ) ) ;
#2233 = CARTESIAN_POINT ( 'NONE',  ( -73.83688609469470521, -12.50000000000000000, 88.53673813576540397 ) ) ;
#2234 = ORIENTED_EDGE ( 'NONE', *, *, #301, .F. ) ;
#2235 = CARTESIAN_POINT ( 'NONE',  ( -85.10657581137471084, 12.49999999999850075, 71.53737438152479911 ) ) ;
#2236 = CARTESIAN_POINT ( 'NONE',  ( -51.05482154661950034, -12.49999999677289964, 82.67731044010619712 ) ) ;
#2237 = CARTESIAN_POINT ( 'NONE',  ( -61.90280957217570545, 4.500000000000000000, 94.87321032430038770 ) ) ;
#2238 = CARTESIAN_POINT ( 'NONE',  ( -29.30289327495979634, -12.49999999999969980, 47.41489978812310113 ) ) ;
#2239 = CARTESIAN_POINT ( 'NONE',  ( -91.98171580743218101, 12.50000000000000178, 79.43234185633025390 ) ) ;
#2240 = CARTESIAN_POINT ( 'NONE',  ( -7.944885814342973696, -10.00000000000000000, 60.79638613512148737 ) ) ;
#2241 = CARTESIAN_POINT ( 'NONE',  ( -93.14337287449190228, 4.500000000000000000, 69.17243549854210016 ) ) ;
#2242 = CARTESIAN_POINT ( 'NONE',  ( -72.91108046820589550, 12.49999999999220002, 66.23199474472710335 ) ) ;
#2243 =( BOUNDED_CURVE ( )  B_SPLINE_CURVE ( 3, ( #1991, #268, #4372, #661, #3680, #1687, #1660, #3043, #4441, #977, #564, #1948, #3412, #3068, #2383, #2820, #3093, #4173, #4195, #3464, #4217 ),
 .UNSPECIFIED., .F., .F. ) 
 B_SPLINE_CURVE_WITH_KNOTS ( ( 4, 1, 1, 1, 1, 1, 1, 1, 1, 1, 1, 1, 1, 1, 1, 1, 1, 1, 4 ),
 ( 0.07207534844176397004, 0.07242696813751613172, 0.07288100183365826823, 0.07333503552980039086, 0.07378906922594256901, 0.07424310292208469164, 0.07469713661822686979, 0.07560520401051112893, 0.07651327140279542971, 0.07742133879507853700, 0.07832940618736281002, 0.07923747357964711080, 0.08014554097193136994, 0.08196167575649997150, 0.08377781054106854530, 0.08559394532563710523, 0.08741008011020448554, 0.08922621489477304546, 0.08971874729128218040 ),
 .UNSPECIFIED. ) 
 CURVE ( )  GEOMETRIC_REPRESENTATION_ITEM ( )  RATIONAL_B_SPLINE_CURVE ( ( 0.8537131161653406242, 0.8537131161653406242, 0.8537131161653410683, 0.8537131161653410683, 0.8537131161653406242, 0.8537131161653410683, 0.8537131161653406242, 0.8537131161653410683, 0.8537131161653406242, 0.8537131161653410683, 0.8537131161653406242, 0.8537131161653410683, 0.8537131161653406242, 0.8537131161653406242, 0.8537131161653410683, 0.8537131161653410683, 0.8537131161653410683, 0.8537131161653406242, 0.8537131161653409572, 0.8537131161653410683, 0.8537131161653410683 ) ) 
 REPRESENTATION_ITEM ( '' )  );
#2244 = CARTESIAN_POINT ( 'NONE',  ( -62.00019899614520114, 12.49999999999599964, 86.67962926932310097 ) ) ;
#2245 = CARTESIAN_POINT ( 'NONE',  ( -83.49005779872129551, -12.49999999999409894, 70.35597925966689559 ) ) ;
#2246 = B_SPLINE_CURVE_WITH_KNOTS ( 'NONE', 3,
 ( #888, #4315, #1511, #3623, #4035, #1956, #2251, #3347, #507, #548, #3967, #1911, #1182, #2273, #2595, #2552, #1250, #4380, #2895, #1934, #2639, #4357, #2980, #527, #910, #3322, #1531, #3666, #488, #4294, #2915, #1162, #1873, #3297, #3948, #2956, #2572, #2296, #1204, #3689, #3988, #1225, #2209, #572, #1571, #826, #847, #866, #156, #2616, #175, #4010, #3605, #198, #3259, #1550, #1595, #2229, #1891, #3278, #2935, #4336, #3643, #1276, #227 ),
 .UNSPECIFIED., .F., .F.,
 ( 4, 2, 2, 2, 1, 1, 2, 2, 2, 2, 2, 1, 1, 2, 2, 2, 2, 1, 1, 1, 2, 2, 2, 2, 1, 1, 1, 1, 2, 2, 2, 2, 2, 1, 1, 2, 2, 2, 4 ),
 ( 0.000000000000000000, 0.1250000000000633105, 0.1875000000000947298, 0.2187500000001105505, 0.2343750000001189049, 0.2421875000001234568, 0.2460937500001252609, 0.2500000000001270650, 0.3750000000001681988, 0.4375000000001886824, 0.4687500000001992295, 0.4843750000002041145, 0.4921875000002052247, 0.4960937500002047806, 0.5000000000002043921, 0.5625000000001776357, 0.5937500000001638689, 0.6093750000001580958, 0.6171875000001536549, 0.6210937500001519895, 0.6230468750001515454, 0.6250000000001511014, 0.6875000000001091349, 0.7187500000000885958, 0.7343750000000763833, 0.7421875000000717204, 0.7460937500000697220, 0.7480468750000704992, 0.7490234375000708322, 0.7500000000000711653, 0.8125000000000855982, 0.8437500000000912603, 0.8593750000000940359, 0.8671875000000958122, 0.8710937500000963674, 0.8730468750000965894, 0.8750000000000968114, 0.9375000000000484057, 1.000000000000000000 ),
 .UNSPECIFIED. ) ;
#2247 = CARTESIAN_POINT ( 'NONE',  ( -90.43572728957819606, -4.500000000000000000, 65.56769630030900942 ) ) ;
#2248 = CARTESIAN_POINT ( 'NONE',  ( -35.19080396891290263, 4.500000000000000000, 38.07782910573160251 ) ) ;
#2249 = CARTESIAN_POINT ( 'NONE',  ( -27.20586812601949944, 12.49999999999939959, 40.85369362442170171 ) ) ;
#2250 = CARTESIAN_POINT ( 'NONE',  ( -74.30685666988938465, 12.38599218859785545, 89.92951529279886813 ) ) ;
#2251 = CARTESIAN_POINT ( 'NONE',  ( -76.46157777004188461, -7.162528207125879121, 96.30255954872642121 ) ) ;
#2252 = EDGE_CURVE ( 'NONE', #1169, #1603, #1374, .T. ) ;
#2253 = CARTESIAN_POINT ( 'NONE',  ( -36.44591857738910079, 1.852146392851733436, 43.77372669243117542 ) ) ;
#2254 = CARTESIAN_POINT ( 'NONE',  ( -84.32081398350810275, -12.49999999998989964, 76.74103870726899856 ) ) ;
#2255 = CARTESIAN_POINT ( 'NONE',  ( -37.06405955753534442, -1.434678085233949352, 44.64731326510327136 ) ) ;
#2256 = VERTEX_POINT ( 'NONE', #2510 ) ;
#2257 = CARTESIAN_POINT ( 'NONE',  ( -85.86101434547309452, 12.49999999985380050, 72.53224924584938549 ) ) ;
#2258 = CARTESIAN_POINT ( 'NONE',  ( -63.22498824955820140, -12.49999999999850075, 86.96321976690259703 ) ) ;
#2259 = CARTESIAN_POINT ( 'NONE',  ( -53.42487663031869261, 4.500000000000000000, 92.45707839253299198 ) ) ;
#2260 = CARTESIAN_POINT ( 'NONE',  ( -28.60571995972100012, -12.49999999999930012, 46.05671128240120282 ) ) ;
#2261 = CARTESIAN_POINT ( 'NONE',  ( -5.754360833654100560, -4.781687306971787343, 63.00000076188970155 ) ) ;
#2262 = CARTESIAN_POINT ( 'NONE',  ( -93.71638510313353265, 12.50000000000000178, 74.59615410656674328 ) ) ;
#2263 = ADVANCED_FACE ( 'NONE', ( #4161 ), #1993, .F. ) ;
#2264 = CARTESIAN_POINT ( 'NONE',  ( -76.81940859600605620, -12.50000000000000355, 96.59422643820555265 ) ) ;
#2265 = CARTESIAN_POINT ( 'NONE',  ( -91.43538732072813957, 12.50000000000000355, 66.56935144908854340 ) ) ;
#2266 = CARTESIAN_POINT ( 'NONE',  ( -79.72321038598180110, 12.49999999999719869, 68.51391443982200258 ) ) ;
#2267 = CARTESIAN_POINT ( 'NONE',  ( -59.24580603558669623, 12.49999999999809930, 85.93903985209730934 ) ) ;
#2268 = CARTESIAN_POINT ( 'NONE',  ( -83.71271932730850551, -12.49999999999839950, 70.49476328228820421 ) ) ;
#2269 = CARTESIAN_POINT ( 'NONE',  ( -85.84683337154450555, -12.50000000000000000, 72.47623023029650824 ) ) ;
#2270 = CARTESIAN_POINT ( 'NONE',  ( -5.754360825795039602, -4.500000000000000000, 63.00000036993740338 ) ) ;
#2271 = CARTESIAN_POINT ( 'NONE',  ( -27.59662951752070015, 12.49999999999799982, 43.15260175322480052 ) ) ;
#2272 = CARTESIAN_POINT ( 'NONE',  ( -21.83722406390289805, -12.50000000000000000, 38.00000000000000000 ) ) ;
#2273 = CARTESIAN_POINT ( 'NONE',  ( -76.32298861676645174, -8.132173834713135818, 95.89315504028662929 ) ) ;
#2274 = CARTESIAN_POINT ( 'NONE',  ( -30.89216149096318986, -11.65946651237966414, 36.72555911114849181 ) ) ;
#2275 = CARTESIAN_POINT ( 'NONE',  ( -37.22388094906257550, 1.286102862474419517, 44.84344057507195913 ) ) ;
#2276 = CARTESIAN_POINT ( 'NONE',  ( -85.39073891511330316, -12.49999999998239986, 74.65473509626799853 ) ) ;
#2277 = CARTESIAN_POINT ( 'NONE',  ( -37.21319090909798888, -1.296683045746938490, 44.83061702089514000 ) ) ;
#2278 = ORIENTED_EDGE ( 'NONE', *, *, #631, .F. ) ;
#2279 = ORIENTED_EDGE ( 'NONE', *, *, #1251, .T. ) ;
#2280 = CARTESIAN_POINT ( 'NONE',  ( -85.85926658532899580, 12.49999999977650056, 72.52415827156980299 ) ) ;
#2281 = B_SPLINE_CURVE_WITH_KNOTS ( 'NONE', 3,
 ( #505, #1548, #2593, #3214, #885, #3964 ),
 .UNSPECIFIED., .F., .F.,
 ( 4, 2, 4 ),
 ( -0.02558235766391210239, -0.01281013637118189920, -1.000000110513293849E-06 ),
 .UNSPECIFIED. ) ;
#2282 = CARTESIAN_POINT ( 'NONE',  ( -60.66258431801630024, -12.49999999999930012, 86.33875006798170659 ) ) ;
#2283 = CARTESIAN_POINT ( 'NONE',  ( -21.37344577290300052, 4.500000000000000000, 71.89084449230330165 ) ) ;
#2284 = CARTESIAN_POINT ( 'NONE',  ( -30.21249594802759830, -12.49999999999939959, 48.83878511621980323 ) ) ;
#2285 = DIRECTION ( 'NONE',  ( 0.000000000000000000, 0.000000000000000000, -1.000000000000000000 ) ) ;
#2286 = CARTESIAN_POINT ( 'NONE',  ( -93.82186519355202847, 12.50000000000000178, 73.84062495753222777 ) ) ;
#2287 = CARTESIAN_POINT ( 'NONE',  ( -82.21938488322540195, -4.500000000000000000, 91.62933046952520044 ) ) ;
#2288 = CARTESIAN_POINT ( 'NONE',  ( -90.92515194418878366, -10.00000000000000000, 76.45578979651847362 ) ) ;
#2289 = CARTESIAN_POINT ( 'NONE',  ( -81.55801002947779921, 12.49999999996000000, 69.31848039822830287 ) ) ;
#2290 = CARTESIAN_POINT ( 'NONE',  ( -50.09604049537919934, 12.49999999987920063, 82.16754325153640082 ) ) ;
#2291 = CARTESIAN_POINT ( 'NONE',  ( -84.03993195532260074, -12.50000000000160050, 70.70835663818539274 ) ) ;
#2292 = CARTESIAN_POINT ( 'NONE',  ( -85.55003437122229570, -12.50000000000000000, 71.99724448217138217 ) ) ;
#2293 = CARTESIAN_POINT ( 'NONE',  ( -13.33526760269383971, 12.49999999997468692, 58.36068829764957400 ) ) ;
#2294 = CARTESIAN_POINT ( 'NONE',  ( -27.31852353030649994, 12.50000000000000000, 41.75228582394630195 ) ) ;
#2295 = CARTESIAN_POINT ( 'NONE',  ( -6.915973096928469843, -4.500000000000000000, 63.57770733110279338 ) ) ;
#2296 = CARTESIAN_POINT ( 'NONE',  ( -75.19969365277276552, -11.48321064079103415, 92.57314778080916540 ) ) ;
#2297 = CARTESIAN_POINT ( 'NONE',  ( -5.953097492445186489, -6.391556246128776486, 39.41488047081859492 ) ) ;
#2298 = CARTESIAN_POINT ( 'NONE',  ( -69.36889095733289423, -4.500000000000000000, 96.11800931336070164 ) ) ;
#2299 = CARTESIAN_POINT ( 'NONE',  ( -76.61933922723899570, -6.299999999999999822, 96.76816765603379622 ) ) ;
#2300 = CARTESIAN_POINT ( 'NONE',  ( -85.87912616979399161, -12.49999999977119991, 72.74502147847489653 ) ) ;
#2301 = CARTESIAN_POINT ( 'NONE',  ( -5.754360833654099672, 4.500000000000002665, 59.90190943898993226 ) ) ;
#2302 = ORIENTED_EDGE ( 'NONE', *, *, #2855, .T. ) ;
#2303 = CARTESIAN_POINT ( 'NONE',  ( -27.58988493193649916, -12.50000000000000000, 43.15224142287849673 ) ) ;
#2304 = CARTESIAN_POINT ( 'NONE',  ( -85.87657654022059717, 12.49999999989119992, 72.65916890816259865 ) ) ;
#2305 = CIRCLE ( 'NONE', #3484, 8.000000000000000000 ) ;
#2306 = CARTESIAN_POINT ( 'NONE',  ( -33.78394473966169897, -24.00002500000000083, 37.10029354652139943 ) ) ;
#2307 = CARTESIAN_POINT ( 'NONE',  ( -29.35728175720500133, -12.50000000000000000, 47.50910951137490201 ) ) ;
#2308 = CARTESIAN_POINT ( 'NONE',  ( -9.475356131359758294, -11.25948273192937243, 60.70370954885544990 ) ) ;
#2309 = CARTESIAN_POINT ( 'NONE',  ( -93.77946084002421401, 4.500000000000000000, 74.18348038687778967 ) ) ;
#2310 = CARTESIAN_POINT ( 'NONE',  ( -6.270206048727705372, -7.207701151121426619, 42.46626455348982176 ) ) ;
#2311 = VERTEX_POINT ( 'NONE', #3584 ) ;
#2312 = CARTESIAN_POINT ( 'NONE',  ( -84.26522445588960863, 12.49999999998770051, 70.86501074044049631 ) ) ;
#2313 = CARTESIAN_POINT ( 'NONE',  ( -46.83385186652210308, 12.49999999987459987, 80.24808681937051347 ) ) ;
#2314 = CARTESIAN_POINT ( 'NONE',  ( -83.15414590803401040, -12.49999999999469935, 70.15595026102799636 ) ) ;
#2315 = CARTESIAN_POINT ( 'NONE',  ( -87.16717521107061373, -12.50000000000000178, 63.23293199518698771 ) ) ;
#2316 = CARTESIAN_POINT ( 'NONE',  ( -27.26856564443869857, 12.50000000000000000, 36.95148738024720103 ) ) ;
#2317 = CARTESIAN_POINT ( 'NONE',  ( -29.45380554705360154, 12.50000000000000000, 47.67537519906080234 ) ) ;
#2318 = LINE ( 'NONE', #2272, #2369 ) ;
#2319 = CARTESIAN_POINT ( 'NONE',  ( -30.16799102661060417, -11.97303113830502141, 36.80301827029788342 ) ) ;
#2320 = CARTESIAN_POINT ( 'NONE',  ( -33.74389379819260171, -12.50000000000000000, 70.79773380963169416 ) ) ;
#2321 = FACE_OUTER_BOUND ( 'NONE', #160, .T. ) ;
#2322 = FACE_OUTER_BOUND ( 'NONE', #364, .T. ) ;
#2323 = VERTEX_POINT ( 'NONE', #1180 ) ;
#2324 = ORIENTED_EDGE ( 'NONE', *, *, #218, .F. ) ;
#2325 = CARTESIAN_POINT ( 'NONE',  ( -44.60185994026447531, -12.50000000000000178, 49.92452384460040093 ) ) ;
#2326 = CARTESIAN_POINT ( 'NONE',  ( -85.77367143671419569, 12.49999999998679989, 73.50549484369840059 ) ) ;
#2327 = CARTESIAN_POINT ( 'NONE',  ( -13.75436083365409878, 4.500000000000000000, 41.75000000000000000 ) ) ;
#2328 = CARTESIAN_POINT ( 'NONE',  ( -34.57068927306657002, -7.743279365380994150, 37.49232637489878783 ) ) ;
#2329 = CARTESIAN_POINT ( 'NONE',  ( -9.085284711375104294, -10.99745307260083749, 60.94261806688412975 ) ) ;
#2330 = CARTESIAN_POINT ( 'NONE',  ( -92.51273304999070035, 4.500000000000000000, 78.34529650197750072 ) ) ;
#2331 = CARTESIAN_POINT ( 'NONE',  ( -6.280354490721568261, -7.265587066215124068, 42.50371446761376859 ) ) ;
#2332 = EDGE_LOOP ( 'NONE', ( #4044, #3717, #287, #1418, #204, #293 ) ) ;
#2333 = CARTESIAN_POINT ( 'NONE',  ( -78.56859267292979609, 12.49999999999979927, 68.06344360195879517 ) ) ;
#2334 = CARTESIAN_POINT ( 'NONE',  ( -63.41345988487749707, 12.49999999999769962, 87.00462629144860216 ) ) ;
#2335 = CARTESIAN_POINT ( 'NONE',  ( -69.97698621851839107, -12.50000000000000000, 65.42800144508780136 ) ) ;
#2336 = CARTESIAN_POINT ( 'NONE',  ( -6.760604591678569975, -4.643912951418399437, 38.00000000000000000 ) ) ;
#2337 = CARTESIAN_POINT ( 'NONE',  ( -85.87850449965270627, -12.50000000000000000, 72.69593180282230094 ) ) ;
#2338 = CARTESIAN_POINT ( 'NONE',  ( -5.875499980126689614, 5.886921645498920164, 38.00000000000000000 ) ) ;
#2339 = CARTESIAN_POINT ( 'NONE',  ( -29.86493925799129912, 12.49999999999629985, 48.33140364520020427 ) ) ;
#2340 = CARTESIAN_POINT ( 'NONE',  ( -6.139400620092049898, -4.500000000000000000, 63.19020160168699363 ) ) ;
#2341 = CARTESIAN_POINT ( 'NONE',  ( -7.089130236426870013, -5.764752829290669567, 41.44959045329080283 ) ) ;
#2342 = CARTESIAN_POINT ( 'NONE',  ( -70.34840643794379389, -12.50000000000000000, 88.17731287569340282 ) ) ;
#2343 = CARTESIAN_POINT ( 'NONE',  ( -37.84674120673403763, 0.1312001628972158385, 45.53489737459717901 ) ) ;
#2344 = VECTOR ( 'NONE', #117, 1000.000000000000000 ) ;
#2345 = CARTESIAN_POINT ( 'NONE',  ( -35.19636783909859901, 5.018449947505960296, 37.10029354652129996 ) ) ;
#2346 = VERTEX_POINT ( 'NONE', #824 ) ;
#2347 = ORIENTED_EDGE ( 'NONE', *, *, #3463, .F. ) ;
#2348 = CARTESIAN_POINT ( 'NONE',  ( -27.19987092713749988, -12.50000000000000000, 40.85278496704330564 ) ) ;
#2349 = CARTESIAN_POINT ( 'NONE',  ( -85.87461864100188791, 12.49999999996800071, 72.63053772350839665 ) ) ;
#2350 = CARTESIAN_POINT ( 'NONE',  ( -92.17413753332620274, 4.500000000000000000, 67.49034293786620253 ) ) ;
#2351 = CARTESIAN_POINT ( 'NONE',  ( -27.86044922925090361, -4.632813184691680242, 37.25894474447549953 ) ) ;
#2352 = CARTESIAN_POINT ( 'NONE',  ( -27.21590619975849989, -12.50000000000000000, 37.41778886617899502 ) ) ;
#2353 = CARTESIAN_POINT ( 'NONE',  ( -11.64424365949047058, -12.21768405403208568, 59.38228420849876699 ) ) ;
#2354 = CARTESIAN_POINT ( 'NONE',  ( -86.93158295336046137, 12.50000000000000178, 86.63673566874913945 ) ) ;
#2355 = CARTESIAN_POINT ( 'NONE',  ( -6.272067905043623881, -7.219268923169830821, 42.47372271565073731 ) ) ;
#2356 = ORIENTED_EDGE ( 'NONE', *, *, #3079, .F. ) ;
#2357 = CARTESIAN_POINT ( 'NONE',  ( -80.35013483224359732, 12.49999999999969980, 68.77505476502990689 ) ) ;
#2358 = CARTESIAN_POINT ( 'NONE',  ( -34.98452855867505917, 6.447408737021539160, 37.78055796819054990 ) ) ;
#2359 = CARTESIAN_POINT ( 'NONE',  ( -67.12913660771801005, -12.49999999999949907, 64.69843116067420397 ) ) ;
#2360 = DIRECTION ( 'NONE',  ( 0.000000000000000000, 0.000000000000000000, 1.000000000000000000 ) ) ;
#2361 = CARTESIAN_POINT ( 'NONE',  ( -5.754360833654099672, 12.50000000000000000, 59.90190943898993226 ) ) ;
#2362 = CARTESIAN_POINT ( 'NONE',  ( -93.76300610641520450, -4.500000000000000000, 71.25439561473859840 ) ) ;
#2363 = CARTESIAN_POINT ( 'NONE',  ( -40.34335786250156985, 12.50000000000000178, 47.59680386397511853 ) ) ;
#2364 = CARTESIAN_POINT ( 'NONE',  ( -29.35755245757169973, 12.50000000000000000, 47.50957579042169954 ) ) ;
#2365 = CARTESIAN_POINT ( 'NONE',  ( -76.34655105155661659, 7.959649106495193749, 95.96286761983029123 ) ) ;
#2366 = DIRECTION ( 'NONE',  ( -1.000000000000000000, 0.000000000000000000, 0.000000000000000000 ) ) ;
#2367 = CARTESIAN_POINT ( 'NONE',  ( -43.51767559766449978, -12.50000000000000000, 78.04009024234059666 ) ) ;
#2368 = DIRECTION ( 'NONE',  ( 0.6691306063588619013, 0.000000000000000000, -0.7431448254773909134 ) ) ;
#2369 = VECTOR ( 'NONE', #3711, 1000.000000000000000 ) ;
#2370 = CARTESIAN_POINT ( 'NONE',  ( -58.32087341516848511, 12.50000000000000355, 94.00494608502594929 ) ) ;
#2371 = LINE ( 'NONE', #675, #3587 ) ;
#2372 = ORIENTED_EDGE ( 'NONE', *, *, #499, .T. ) ;
#2373 = CARTESIAN_POINT ( 'NONE',  ( -31.16230449722469942, -12.50000000000000000, 50.09885300591199808 ) ) ;
#2374 = CARTESIAN_POINT ( 'NONE',  ( -82.64573090437710334, 12.50000000000000000, 79.20226594918200647 ) ) ;
#2375 = CARTESIAN_POINT ( 'NONE',  ( -85.71701917369489365, 12.50000000000000000, 72.22084677884259918 ) ) ;
#2376 = EDGE_LOOP ( 'NONE', ( #4503, #941, #2234, #2987 ) ) ;
#2377 = EDGE_CURVE ( 'NONE', #627, #3953, #2281, .T. ) ;
#2378 = CARTESIAN_POINT ( 'NONE',  ( -35.20000000079750180, 4.533603472681939195, 37.99955907598700122 ) ) ;
#2379 = CARTESIAN_POINT ( 'NONE',  ( -27.14602307525689895, -12.49999999999979927, 38.32043026966009336 ) ) ;
#2381 = EDGE_CURVE ( 'NONE', #2745, #2346, #3294, .T. ) ;
#2380 = CARTESIAN_POINT ( 'NONE',  ( -8.980674216518156783, -10.92092911921582399, 61.00676340016801191 ) ) ;
#2382 = CARTESIAN_POINT ( 'NONE',  ( -82.33322180907899224, 12.50000000000000000, 79.61442129975660009 ) ) ;
#2383 = CARTESIAN_POINT ( 'NONE',  ( -85.26975739858795578, -10.00000000000001421, 85.20913432587502712 ) ) ;
#2384 = CARTESIAN_POINT ( 'NONE',  ( -14.29004560895420006, 12.50000000000000000, 58.39390330789299810 ) ) ;
#2385 = CARTESIAN_POINT ( 'NONE',  ( -57.79645760683589373, -12.49999999998419931, 62.41613521859969893 ) ) ;
#2386 = DIRECTION ( 'NONE',  ( 0.9510565162951517548, 0.000000000000000000, -0.3090169943749529469 ) ) ;
#2387 = EDGE_CURVE ( 'NONE', #2323, #2986, #3926, .T. ) ;
#2388 = CARTESIAN_POINT ( 'NONE',  ( -29.71150434848559030, 12.12795787893259458, 36.87374211699984272 ) ) ;
#2389 = CARTESIAN_POINT ( 'NONE',  ( -85.87445497577469666, -12.50000000000000000, 72.89219804180980589 ) ) ;
#2390 = CARTESIAN_POINT ( 'NONE',  ( -27.16411717830720107, 12.50000000000000000, 38.00508213391569257 ) ) ;
#2391 = CARTESIAN_POINT ( 'NONE',  ( -33.38869208441979453, 12.49999999990849986, 52.31948244555929506 ) ) ;
#2392 = CARTESIAN_POINT ( 'NONE',  ( -85.75767361175279291, -12.49999999999350031, 73.56910010390060961 ) ) ;
#2393 = CARTESIAN_POINT ( 'NONE',  ( -12.13660383261020037, -12.50000000000000000, 57.25864172027590371 ) ) ;
#2394 = CARTESIAN_POINT ( 'NONE',  ( -82.57641899033538380, -5.017986977978936558, 91.27134890021189051 ) ) ;
#2395 = CARTESIAN_POINT ( 'NONE',  ( -49.92999819192409916, -4.500000000000000000, 91.06763773861919731 ) ) ;
#2396 = CARTESIAN_POINT ( 'NONE',  ( -18.14088904965819182, 12.50000000000000178, 69.83615811504076021 ) ) ;
#2397 = CARTESIAN_POINT ( 'NONE',  ( -6.129357677655195680, 6.920650367694351601, 40.51402836795461582 ) ) ;
#2398 = ORIENTED_EDGE ( 'NONE', *, *, #2919, .T. ) ;
#2399 = CARTESIAN_POINT ( 'NONE',  ( -37.27396711826953890, -12.50000000000000178, 44.92277582449523265 ) ) ;
#2400 = CARTESIAN_POINT ( 'NONE',  ( -84.48155204450310407, 12.49999999999880096, 76.46712820296450275 ) ) ;
#2401 = CARTESIAN_POINT ( 'NONE',  ( -92.93973102245142570, 12.50000000000000355, 68.74749389755216100 ) ) ;
#2402 = B_SPLINE_CURVE_WITH_KNOTS ( 'NONE', 3,
 ( #1735, #3113, #1988, #3358 ),
 .UNSPECIFIED., .F., .F.,
 ( 4, 4 ),
 ( 0.000000000000000000, 0.5404970355411979899 ),
 .UNSPECIFIED. ) ;
#2403 = DIRECTION ( 'NONE',  ( 0.000000000000000000, -1.000000000000000000, 0.000000000000000000 ) ) ;
#2404 = CARTESIAN_POINT ( 'NONE',  ( -27.18523651191850377, -12.50000000000000000, 37.75272409049230049 ) ) ;
#2405 = CARTESIAN_POINT ( 'NONE',  ( -12.26151272671925341, -12.35948698626001985, 59.00867052204688434 ) ) ;
#2406 = CARTESIAN_POINT ( 'NONE',  ( -76.81940736360674293, 12.50000000000000355, 96.59422751051717171 ) ) ;
#2407 = DIRECTION ( 'NONE',  ( -1.000000000000000000, 0.000000000000000000, 0.000000000000000000 ) ) ;
#2408 = APPLICATION_PROTOCOL_DEFINITION ( 'draft international standard', 'automotive_design', 1998, #3183 ) ;
#2409 = EDGE_CURVE ( 'NONE', #422, #4165, #221, .T. ) ;
#2410 = CARTESIAN_POINT ( 'NONE',  ( -36.34045414789760287, 12.50000000000000000, 72.74245710264929698 ) ) ;
#2411 = CARTESIAN_POINT ( 'NONE',  ( -62.99226235904630045, -12.49999999999930012, 63.68430471646439628 ) ) ;
#2412 = CARTESIAN_POINT ( 'NONE',  ( -6.251312227223960072, -4.836734968427510495, 37.99999999999659650 ) ) ;
#2413 = CARTESIAN_POINT ( 'NONE',  ( -29.25329217137137405, 12.25374270621253281, 36.95770091648680733 ) ) ;
#2414 = CARTESIAN_POINT ( 'NONE',  ( -37.27416179246082351, 12.50000000000000355, 44.92300599304859787 ) ) ;
#2415 = CARTESIAN_POINT ( 'NONE',  ( -34.44451968589429924, 12.50000000000080114, 53.18827333779530164 ) ) ;
#2416 = CARTESIAN_POINT ( 'NONE',  ( -85.87909660586309712, -12.49999999975470111, 72.72867863515288889 ) ) ;
#2417 = B_SPLINE_CURVE_WITH_KNOTS ( 'NONE', 3,
 ( #4092, #2005, #940, #699, #3126, #2718, #1702, #2345, #2744 ),
 .UNSPECIFIED., .F., .F.,
 ( 4, 1, 1, 1, 1, 1, 4 ),
 ( 1.303147677626109972E-05, 0.2500000000000000000, 0.3750000000000000000, 0.5000000000000000000, 0.6250000000000000000, 0.7500000000000000000, 1.000000000000000000 ),
 .UNSPECIFIED. ) ;
#2418 = LINE ( 'NONE', #2077, #3314 ) ;
#2419 = CARTESIAN_POINT ( 'NONE',  ( -74.95894814759010671, -12.50000000000000000, 88.63251261861699959 ) ) ;
#2420 = AXIS2_PLACEMENT_3D ( 'NONE', #1964, #4122, #1311 ) ;
#2421 = CARTESIAN_POINT ( 'NONE',  ( -76.41038238348200196, 4.500000000000000000, 96.75512129297850095 ) ) ;
#2422 = PLANE ( 'NONE',  #1840 ) ;
#2423 = ORIENTED_EDGE ( 'NONE', *, *, #1333, .F. ) ;
#2424 = CARTESIAN_POINT ( 'NONE',  ( -44.28798815999540039, -12.50000000000000000, 58.43571520248410422 ) ) ;
#2425 = CARTESIAN_POINT ( 'NONE',  ( -85.14956177443940533, 12.49999999999779909, 75.20161618335988862 ) ) ;
#2426 = ORIENTED_EDGE ( 'NONE', *, *, #2076, .F. ) ;
#2427 = VERTEX_POINT ( 'NONE', #1831 ) ;
#2428 = CARTESIAN_POINT ( 'NONE',  ( -23.68281634643030031, 12.50000000000000000, 38.00000000000000000 ) ) ;
#2429 = CARTESIAN_POINT ( 'NONE',  ( -34.52123165177467712, -7.857541151503038002, 37.46245121014616331 ) ) ;
#2430 = CARTESIAN_POINT ( 'NONE',  ( -35.36482355295828484, -12.50000000000000178, 36.64414550368221768 ) ) ;
#2431 = CARTESIAN_POINT ( 'NONE',  ( -84.11607419521459406, 12.50000000000000000, 77.08135730970279553 ) ) ;
#2432 = CARTESIAN_POINT ( 'NONE',  ( -6.344229718589850187, 7.404263115211410451, 42.46640087583119083 ) ) ;
#2433 = SHAPE_DEFINITION_REPRESENTATION ( #1674, #3212 ) ;
#2434 = CARTESIAN_POINT ( 'NONE',  ( -22.87262905705510008, 6.000000000000000000, 41.75000000000000000 ) ) ;
#2435 = CARTESIAN_POINT ( 'NONE',  ( -72.86141828479100013, -12.49999999999289990, 66.21779047761400250 ) ) ;
#2436 = LINE ( 'NONE', #324, #1269 ) ;
#2437 = CARTESIAN_POINT ( 'NONE',  ( -69.03326838291050649, 12.50000000000000000, 87.99585357857370127 ) ) ;
#2438 = CARTESIAN_POINT ( 'NONE',  ( -27.19572945582589796, 12.50000000000000000, 37.62735001896290044 ) ) ;
#2439 = CARTESIAN_POINT ( 'NONE',  ( -31.42030760544400181, 12.50000000000500044, 50.37078173085659927 ) ) ;
#2440 = AXIS2_PLACEMENT_3D ( 'NONE', #4106, #349, #4494 ) ;
#2441 = CARTESIAN_POINT ( 'NONE',  ( -85.87311885701528524, -12.49999999997869971, 72.61402217208579657 ) ) ;
#2442 = LINE ( 'NONE', #1698, #2588 ) ;
#2443 = CARTESIAN_POINT ( 'NONE',  ( -76.82449030453960859, -4.500000000000000000, 96.78089598168109831 ) ) ;
#2444 = CARTESIAN_POINT ( 'NONE',  ( -76.97687203858299654, 12.49999999999950440, 96.79036455295660346 ) ) ;
#2445 = ORIENTED_EDGE ( 'NONE', *, *, #4268, .T. ) ;
#2446 = CARTESIAN_POINT ( 'NONE',  ( -52.49157727543366292, -12.50000000000000178, 52.72419370276623596 ) ) ;
#2447 = CARTESIAN_POINT ( 'NONE',  ( -81.91397034084108952, 12.49999999999880096, 80.14319975924929906 ) ) ;
#2448 = ORIENTED_EDGE ( 'NONE', *, *, #4507, .T. ) ;
#2449 = ORIENTED_EDGE ( 'NONE', *, *, #1599, .T. ) ;
#2450 = LINE ( 'NONE', #3526, #3845 ) ;
#2451 = CARTESIAN_POINT ( 'NONE',  ( -23.68281634643030031, 4.632813184691689123, 38.00000000000000000 ) ) ;
#2452 = CARTESIAN_POINT ( 'NONE',  ( -13.75436083365409878, -4.500000000000000000, 38.00000000000000000 ) ) ;
#2453 = CARTESIAN_POINT ( 'NONE',  ( -88.65940040684387213, 12.50000000000000178, 84.51212382604818174 ) ) ;
#2454 = B_SPLINE_CURVE_WITH_KNOTS ( 'NONE', 3,
 ( #1275, #253, #3688, #2637, #4033, #3395 ),
 .UNSPECIFIED., .F., .F.,
 ( 4, 2, 4 ),
 ( 0.0002365742012121490223, 0.005292958514783619763, 0.01033518201424719896 ),
 .UNSPECIFIED. ) ;
#2455 = CARTESIAN_POINT ( 'NONE',  ( -6.588089916585558647, 6.255514936892343059, 41.82389608173158280 ) ) ;
#2456 = EDGE_CURVE ( 'NONE', #2032, #11, #4034, .T. ) ;
#2457 = CARTESIAN_POINT ( 'NONE',  ( -37.32792407777849775, -12.50000000000000000, 73.48223442122710480 ) ) ;
#2458 = VECTOR ( 'NONE', #387, 1000.000000000000000 ) ;
#2459 = CARTESIAN_POINT ( 'NONE',  ( -21.66085814816199928, 12.49999999779929993, 62.62571432034469154 ) ) ;
#2460 = CARTESIAN_POINT ( 'NONE',  ( -36.30244750399529607, -12.50000000000000000, 54.50372836250319608 ) ) ;
#2461 = CARTESIAN_POINT ( 'NONE',  ( -80.86227889182850959, -12.50000000000000000, 81.42319299717048864 ) ) ;
#2462 = CARTESIAN_POINT ( 'NONE',  ( -29.40593184022549522, 12.21451723938715084, 36.92868776000289444 ) ) ;
#2463 = CARTESIAN_POINT ( 'NONE',  ( -35.13495848031993063, 12.50000000000000355, 39.67599039606588462 ) ) ;
#2464 = CARTESIAN_POINT ( 'NONE',  ( -34.27604416000990284, 12.50000000000000000, 53.05651537764040171 ) ) ;
#2465 = CARTESIAN_POINT ( 'NONE',  ( -85.87894999808500529, -12.49999999982039967, 72.77774606572801019 ) ) ;
#2466 = ORIENTED_EDGE ( 'NONE', *, *, #1568, .F. ) ;
#2467 = CARTESIAN_POINT ( 'NONE',  ( -18.36765314520640402, 0.000000000000000000, 35.00328550390249660 ) ) ;
#2468 = CARTESIAN_POINT ( 'NONE',  ( -76.26543229358378539, -12.50000000000000000, 88.72828734484150459 ) ) ;
#2469 = CARTESIAN_POINT ( 'NONE',  ( -77.57320406326881823, 12.50000000000000000, 88.81198431826399542 ) ) ;
#2470 = CARTESIAN_POINT ( 'NONE',  ( -27.09295661340599892, 4.632813184691680242, 37.94999999999999574 ) ) ;
#2471 = CARTESIAN_POINT ( 'NONE',  ( -67.29116730703168514, -4.500000000000000000, 56.49394117544730420 ) ) ;
#2472 = CARTESIAN_POINT ( 'NONE',  ( -82.79968444921439641, 12.49999999999969980, 78.99459057835450437 ) ) ;
#2473 = CARTESIAN_POINT ( 'NONE',  ( -21.83722406390289805, 12.50000000000000000, 38.00000000000000000 ) ) ;
#2474 = CARTESIAN_POINT ( 'NONE',  ( -35.12803582070859676, -5.855440959476079676, 37.10029354652129996 ) ) ;
#2475 = CARTESIAN_POINT ( 'NONE',  ( -36.15717573098983451, -1.964384521641332038, 43.28156842691917205 ) ) ;
#2476 = CARTESIAN_POINT ( 'NONE',  ( -6.341503732596251552, 6.770071367576111498, 42.09145039709588332 ) ) ;
#2477 = CARTESIAN_POINT ( 'NONE',  ( -24.40872614652880301, -12.49999999695920039, 64.34073033345249826 ) ) ;
#2478 = CARTESIAN_POINT ( 'NONE',  ( -9.693433373445831336, 12.50000000000000000, 56.02299100429890188 ) ) ;
#2479 = CARTESIAN_POINT ( 'NONE',  ( -41.79223174771080096, -12.50000000000000000, 57.39708964410879588 ) ) ;
#2480 = CARTESIAN_POINT ( 'NONE',  ( -85.38419433488168409, -12.50000000000000000, 74.67660957473410122 ) ) ;
#2481 = CARTESIAN_POINT ( 'NONE',  ( -24.52396913087750363, 0.000000000000000000, 40.26312671901922613 ) ) ;
#2482 = CARTESIAN_POINT ( 'NONE',  ( -77.43548668472210750, 12.50000000000000000, 67.64671285473718854 ) ) ;
#2483 = CARTESIAN_POINT ( 'NONE',  ( -31.67010012563699917, 12.50000000000000000, 50.64928031079240611 ) ) ;
#2484 = CARTESIAN_POINT ( 'NONE',  ( -85.73443036524729166, -12.49999999996570033, 72.24859944073320150 ) ) ;
#2485 = ORIENTED_EDGE ( 'NONE', *, *, #4268, .F. ) ;
#2486 = CARTESIAN_POINT ( 'NONE',  ( -5.866950263664239884, 5.838752450752700440, 62.93007524878517245 ) ) ;
#2487 = DIRECTION ( 'NONE',  ( 0.000000000000000000, 1.000000000000000000, 0.000000000000000000 ) ) ;
#2488 = CARTESIAN_POINT ( 'NONE',  ( -90.03873216773942545, 10.00000000000000355, 78.42035464765471886 ) ) ;
#2489 = UNCERTAINTY_MEASURE_WITH_UNIT (LENGTH_MEASURE( 1.000000000000000082E-05 ), #1776, 'distance_accuracy_value', 'NONE');
#2490 = CARTESIAN_POINT ( 'NONE',  ( -81.01386671245408877, 9.239803002933831166, 90.63329792550332797 ) ) ;
#2491 = CARTESIAN_POINT ( 'NONE',  ( -75.16280688843248470, -12.50000000000000178, 58.55137088576230298 ) ) ;
#2492 = CARTESIAN_POINT ( 'NONE',  ( -75.50942580019230377, 12.50000000000000000, 86.98038846250109657 ) ) ;
#2493 = CARTESIAN_POINT ( 'NONE',  ( -80.30539755379089684, -12.50000000000650147, 82.05353437369339531 ) ) ;
#2494 =( NAMED_UNIT ( * ) SI_UNIT ( $, .STERADIAN. ) SOLID_ANGLE_UNIT ( ) );
#2495 = CARTESIAN_POINT ( 'NONE',  ( -35.29608786400878984, -12.50000000000000355, 37.20957170620607712 ) ) ;
#2496 = CARTESIAN_POINT ( 'NONE',  ( -76.27444907500674276, 12.50000000000000178, 97.06777676695706703 ) ) ;
#2497 = CARTESIAN_POINT ( 'NONE',  ( -85.07106102421070659, 12.49999999999880096, 71.50523935213519167 ) ) ;
#2498 = EDGE_CURVE ( 'NONE', #3504, #2311, #2663, .T. ) ;
#2499 = CARTESIAN_POINT ( 'NONE',  ( -25.76243947008839896, -12.49999999814330032, 65.23169289064189513 ) ) ;
#2500 = CARTESIAN_POINT ( 'NONE',  ( -33.25115978868639388, -12.49999999987709920, 52.19956518971109460 ) ) ;
#2501 = CARTESIAN_POINT ( 'NONE',  ( -91.35307952266724385, -12.50000000000000178, 80.57247544905096959 ) ) ;
#2502 = CARTESIAN_POINT ( 'NONE',  ( -35.21698462500366844, 0.3475255413603365873, 40.47796517004587713 ) ) ;
#2503 = CARTESIAN_POINT ( 'NONE',  ( -41.36688078518159273, 12.50000000000000000, 57.24732018135389922 ) ) ;
#2504 = CARTESIAN_POINT ( 'NONE',  ( -71.45449101994600483, 12.50000000000000000, 65.82456501564890061 ) ) ;
#2505 = CARTESIAN_POINT ( 'NONE',  ( -85.84179821437790281, -12.49999999784899885, 72.46055332045838782 ) ) ;
#2506 = CARTESIAN_POINT ( 'NONE',  ( -8.219481030985534176, -10.27642692181965778, 61.47451377869506928 ) ) ;
#2507 = VERTEX_POINT ( 'NONE', #3370 ) ;
#2508 = ADVANCED_FACE ( 'NONE', ( #4011 ), #176, .F. ) ;
#2509 = CARTESIAN_POINT ( 'NONE',  ( -10.22729013002577325, 11.68148769904739304, 60.24443734564013653 ) ) ;
#2510 = CARTESIAN_POINT ( 'NONE',  ( -82.57641771854198964, -4.499999999999999112, 91.27134879226595388 ) ) ;
#2511 = CARTESIAN_POINT ( 'NONE',  ( -27.64711233312619854, -4.632813184691680242, 37.30804623508970508 ) ) ;
#2512 = CARTESIAN_POINT ( 'NONE',  ( -82.57641703524045340, 4.500000000000000888, 91.27134810187047265 ) ) ;
#2513 = CARTESIAN_POINT ( 'NONE',  ( -80.94184745183470397, 12.49999999999960032, 81.31876345150800489 ) ) ;
#2514 = COLOUR_RGB ( '',0.9647058823529411908, 0.9647058823529411908, 0.9529411764705881804 ) ;
#2515 = CARTESIAN_POINT ( 'NONE',  ( -74.76191427160939895, -12.50000000000000000, 87.68531022346199677 ) ) ;
#2516 = CARTESIAN_POINT ( 'NONE',  ( -34.41211287836699739, -8.170620652549381191, 37.10029354652129996 ) ) ;
#2517 = FILL_AREA_STYLE_COLOUR ( '', #2514 ) ;
#2518 = CARTESIAN_POINT ( 'NONE',  ( -76.27444907500549220, 4.500000000000000000, 97.06777676695890023 ) ) ;
#2519 = CARTESIAN_POINT ( 'NONE',  ( -84.86049198268720772, 12.49999999999490008, 71.32196465608159031 ) ) ;
#2520 = ADVANCED_FACE ( 'NONE', ( #595 ), #2053, .T. ) ;
#2521 = CARTESIAN_POINT ( 'NONE',  ( -29.31899499863530068, -12.49999999998160050, 67.64046002069899544 ) ) ;
#2522 = CARTESIAN_POINT ( 'NONE',  ( -10.05663034903970043, 12.50000000000000000, 56.20352199949790162 ) ) ;
#2523 = CARTESIAN_POINT ( 'NONE',  ( -38.56996840854050390, -12.49999999995629985, 55.84086218825740389 ) ) ;
#2524 = CARTESIAN_POINT ( 'NONE',  ( -82.33328111872580735, -12.50000000000000000, 79.61434473920670030 ) ) ;
#2525 = CARTESIAN_POINT ( 'NONE',  ( -33.78385544517439598, -9.183510742097839241, 37.10069069116089935 ) ) ;
#2526 = CARTESIAN_POINT ( 'NONE',  ( -78.41282742255761207, 12.50000000000000178, 59.53669611883207580 ) ) ;
#2527 = CARTESIAN_POINT ( 'NONE',  ( -59.05977662543110540, 12.49999999999830003, 62.72803086463249400 ) ) ;
#2528 = CARTESIAN_POINT ( 'NONE',  ( -85.57065072928941163, -12.49999999937330131, 72.02278026538159850 ) ) ;
#2529 = CARTESIAN_POINT ( 'NONE',  ( -8.484906430740467798, -10.52434089241019777, 61.31120412784988360 ) ) ;
#2530 = CARTESIAN_POINT ( 'NONE',  ( -7.409110495135426966, 9.378567905345938982, 61.97412804573236400 ) ) ;
#2531 = CARTESIAN_POINT ( 'NONE',  ( -6.840022608735959686, 4.650802484893110211, 38.00000000000000000 ) ) ;
#2532 = CARTESIAN_POINT ( 'NONE',  ( -75.49628339745943606, 10.93164367163124240, 93.45027607184347573 ) ) ;
#2533 = CARTESIAN_POINT ( 'NONE',  ( -29.55008042112150335, -12.65000000000000036, 36.90056670021530039 ) ) ;
#2534 = CARTESIAN_POINT ( 'NONE',  ( -74.20240815216230601, 12.50000000000000000, 88.20221345977580540 ) ) ;
#2535 = EDGE_CURVE ( 'NONE', #2507, #124, #2664, .T. ) ;
#2536 = CARTESIAN_POINT ( 'NONE',  ( -81.91397034182639914, -12.49999999999880096, 80.14319976003710622 ) ) ;
#2537 = CARTESIAN_POINT ( 'NONE',  ( -35.15942057136759757, -5.368222989092577002, 37.94269259946735673 ) ) ;
#2538 = CARTESIAN_POINT ( 'NONE',  ( -35.16445171308050277, -4.500000000000000000, 38.33570656837100188 ) ) ;
#2539 = CARTESIAN_POINT ( 'NONE',  ( -36.42095463070697292, -1.864226087664949016, 43.73377487403061536 ) ) ;
#2540 = CARTESIAN_POINT ( 'NONE',  ( -85.17657011711469295, 12.49999999999910116, 71.60291406884519461 ) ) ;
#2541 = CARTESIAN_POINT ( 'NONE',  ( -42.64927158166030097, -12.49999999996550137, 77.41476306272149088 ) ) ;
#2542 = CARTESIAN_POINT ( 'NONE',  ( -34.54400603642278611, 7.804883050111060427, 37.47569464029726305 ) ) ;
#2543 = CARTESIAN_POINT ( 'NONE',  ( -32.98169030503239441, -12.49999999992900079, 51.95581429390570349 ) ) ;
#2544 = CARTESIAN_POINT ( 'NONE',  ( -85.75889731279400507, -12.50000000000000000, 73.56875366475800604 ) ) ;
#2545 = CARTESIAN_POINT ( 'NONE',  ( -82.61862616446774155, 12.50000000000000178, 61.05227789882752631 ) ) ;
#2546 = CARTESIAN_POINT ( 'NONE',  ( -60.71367317072260050, 12.50000000000040146, 63.13224363129339878 ) ) ;
#2547 = CARTESIAN_POINT ( 'NONE',  ( -85.30708459941500621, -12.50000000000620126, 71.73010507938290914 ) ) ;
#2548 = CARTESIAN_POINT ( 'NONE',  ( -26.41181053703699178, 1.347111479062088257E-16, 38.56330668192028810 ) ) ;
#2549 = CARTESIAN_POINT ( 'NONE',  ( -9.322562227626619347, 11.16085726619800056, 60.79725439182289648 ) ) ;
#2550 = CARTESIAN_POINT ( 'NONE',  ( -27.13036033543940206, 12.49999999999979927, 38.78247877724379578 ) ) ;
#2551 = CARTESIAN_POINT ( 'NONE',  ( -74.85386139908077041, 11.94909891409431069, 91.54949027294456698 ) ) ;
#2552 = CARTESIAN_POINT ( 'NONE',  ( -76.07947168353202017, -9.247327462719100666, 95.17484869102825940 ) ) ;
#2553 = CARTESIAN_POINT ( 'NONE',  ( -37.71805459609561240, 0.5971538199093366917, 45.40079026998135703 ) ) ;
#2554 = CARTESIAN_POINT ( 'NONE',  ( -83.97596897017379547, -12.49999999995639932, 77.29777866783111051 ) ) ;
#2555 = PRESENTATION_STYLE_ASSIGNMENT (( #1165 ) ) ;
#2556 = CARTESIAN_POINT ( 'NONE',  ( -35.18577657803100323, -12.50000000000000355, 38.12254477411609344 ) ) ;
#2557 = CARTESIAN_POINT ( 'NONE',  ( -36.70696886843220597, -1.703891857865189374, 44.16618201343404593 ) ) ;
#2558 = ORIENTED_EDGE ( 'NONE', *, *, #3560, .F. ) ;
#2559 = CARTESIAN_POINT ( 'NONE',  ( -85.38044101896579718, 12.49999999997749889, 71.80644944439259802 ) ) ;
#2560 = CARTESIAN_POINT ( 'NONE',  ( -70.09089625357479747, -12.50000000000000000, 88.13493048419600484 ) ) ;
#2561 = CARTESIAN_POINT ( 'NONE',  ( -34.88340838022867274, 6.846604269460444314, 37.70314590577261527 ) ) ;
#2562 = CARTESIAN_POINT ( 'NONE',  ( -28.61510357120309678, -12.49999999999930012, 46.07725184754260539 ) ) ;
#2563 = CARTESIAN_POINT ( 'NONE',  ( -70.93090218463460417, -12.50000000000000000, 91.11269174331370380 ) ) ;
#2564 = CARTESIAN_POINT ( 'NONE',  ( -47.24483684389699789, 12.50000000000000000, 59.47242616271710602 ) ) ;
#2565 = CARTESIAN_POINT ( 'NONE',  ( -56.08514372065339870, 12.49999999988130028, 61.98366294752070615 ) ) ;
#2566 = CARTESIAN_POINT ( 'NONE',  ( -84.77423721120510436, -12.49999999998289901, 71.25107922703799090 ) ) ;
#2567 = VECTOR ( 'NONE', #2208, 1000.000000000000000 ) ;
#2568 = CARTESIAN_POINT ( 'NONE',  ( -86.68385328773321419, -12.50000000000000178, 62.95958939289369738 ) ) ;
#2569 = CARTESIAN_POINT ( 'NONE',  ( -10.85080201141972012, 11.95449033385434667, 59.86429781410818407 ) ) ;
#2570 = CARTESIAN_POINT ( 'NONE',  ( -27.19045725356460252, 12.50000000000000000, 37.69034738162140030 ) ) ;
#2571 = LINE ( 'NONE', #3965, #1981 ) ;
#2572 = CARTESIAN_POINT ( 'NONE',  ( -75.27340961553073839, -11.35948622483302728, 92.79094187447748254 ) ) ;
#2573 = CARTESIAN_POINT ( 'NONE',  ( -37.80265108319258616, 0.3616176064724558881, 45.48936261294961270 ) ) ;
#2574 = CARTESIAN_POINT ( 'NONE',  ( -84.42146954984869467, -12.49999999999620037, 76.56982891790349299 ) ) ;
#2575 = CARTESIAN_POINT ( 'NONE',  ( -27.25813363236350284, -12.50000000000000000, 37.03728660959859553 ) ) ;
#2576 = CARTESIAN_POINT ( 'NONE',  ( -35.14767110045419685, 5.632896208979469854, 38.00539823872090039 ) ) ;
#2577 = EDGE_CURVE ( 'NONE', #3846, #1423, #4306, .T. ) ;
#2578 = ORIENTED_EDGE ( 'NONE', *, *, #1451, .F. ) ;
#2579 = CARTESIAN_POINT ( 'NONE',  ( -85.81445233212180312, 12.49999999697950059, 72.39252010317299835 ) ) ;
#2580 = AXIS2_PLACEMENT_3D ( 'NONE', #3287, #2946, #517 ) ;
#2581 = CARTESIAN_POINT ( 'NONE',  ( -65.25945094569229354, -12.49999999999880096, 87.37944494715981136 ) ) ;
#2582 = CARTESIAN_POINT ( 'NONE',  ( -18.14088904965820248, 4.500000000000000000, 69.83615811504080284 ) ) ;
#2583 = CARTESIAN_POINT ( 'NONE',  ( -27.35881021348150099, -12.50000000000000000, 42.00771805748299670 ) ) ;
#2584 = CARTESIAN_POINT ( 'NONE',  ( -93.51714492396793332, 12.50000000000000178, 75.52690239030179953 ) ) ;
#2585 = CARTESIAN_POINT ( 'NONE',  ( -25.52750939320410239, -12.50000000000000000, 37.79688962485400339 ) ) ;
#2586 = CARTESIAN_POINT ( 'NONE',  ( -91.71252010744855454, 12.50000000000000178, 66.89406985752007984 ) ) ;
#2587 = CARTESIAN_POINT ( 'NONE',  ( -47.23418767025719944, 12.49999999999830003, 59.44893643438709319 ) ) ;
#2588 = VECTOR ( 'NONE', #2102, 999.9999999999998863 ) ;
#2589 = CARTESIAN_POINT ( 'NONE',  ( -49.36297038996050190, 12.49999999996540012, 81.76018955924548948 ) ) ;
#2590 = CARTESIAN_POINT ( 'NONE',  ( -78.40222464249929146, -12.50000000000000000, 68.00177132643359812 ) ) ;
#2591 = CARTESIAN_POINT ( 'NONE',  ( -83.82221276032579738, -12.50000000000000000, 70.56286672327721021 ) ) ;
#2592 = CARTESIAN_POINT ( 'NONE',  ( -6.424286713680951166, 7.704737975912870240, 62.58379710657285955 ) ) ;
#2593 = CARTESIAN_POINT ( 'NONE',  ( -6.977853588974290311, -5.876591697303260808, 41.75000000000000000 ) ) ;
#2594 = LINE ( 'NONE', #1569, #2567 ) ;
#2595 = CARTESIAN_POINT ( 'NONE',  ( -76.23639394732863650, -8.589226297409590316, 95.63806350410355606 ) ) ;
#2596 = CARTESIAN_POINT ( 'NONE',  ( -37.01143975653947393, 1.479522394689160025, 44.57907771563674970 ) ) ;
#2597 = CARTESIAN_POINT ( 'NONE',  ( -83.10693773131688999, -12.49999999999969980, 78.57530034130489582 ) ) ;
#2598 = CARTESIAN_POINT ( 'NONE',  ( -35.20000000000000284, 4.600780098834789555, 36.91927260808139266 ) ) ;
#2599 = VERTEX_POINT ( 'NONE', #3667 ) ;
#2600 = EDGE_LOOP ( 'NONE', ( #600, #2790, #1789, #2646, #32 ) ) ;
#2601 = CARTESIAN_POINT ( 'NONE',  ( -85.85148664230290194, 12.49999999922339988, 72.49213120874620131 ) ) ;
#2602 = CARTESIAN_POINT ( 'NONE',  ( -60.81749541538399484, -12.49999999999889866, 86.37992810290640477 ) ) ;
#2603 = EDGE_CURVE ( 'NONE', #2750, #2970, #50, .T. ) ;
#2604 = CARTESIAN_POINT ( 'NONE',  ( -53.42487663031870682, 12.50000000000000178, 92.45707839253306304 ) ) ;
#2605 = CARTESIAN_POINT ( 'NONE',  ( -28.05467516412209861, -12.49999999999939959, 44.69183312041550238 ) ) ;
#2606 = CARTESIAN_POINT ( 'NONE',  ( -93.71638510313349002, 4.500000000000000000, 74.59615410656681433 ) ) ;
#2607 = CARTESIAN_POINT ( 'NONE',  ( -77.07337489518009477, -4.500000000000000000, 96.37243007968548625 ) ) ;
#2608 = CARTESIAN_POINT ( 'NONE',  ( -90.43598245994839147, 4.500000000000000000, 65.56792655250649204 ) ) ;
#2609 = CARTESIAN_POINT ( 'NONE',  ( -83.74908905769129319, 12.49999999999889866, 70.51787622375910303 ) ) ;
#2610 = CARTESIAN_POINT ( 'NONE',  ( -53.96461481815129702, 12.49999999889129931, 84.03877483794548198 ) ) ;
#2611 = CARTESIAN_POINT ( 'NONE',  ( -82.46053766347088754, -12.49999999999599964, 69.77236002407840942 ) ) ;
#2612 = CARTESIAN_POINT ( 'NONE',  ( -92.59482653710219324, -12.50000000000000355, 68.12982605164351924 ) ) ;
#2613 = CARTESIAN_POINT ( 'NONE',  ( -27.32393528243460068, 12.50000000000000000, 36.49602303746800658 ) ) ;
#2614 = CARTESIAN_POINT ( 'NONE',  ( -32.00283175543539471, -6.299999999999999822, 64.30021536386550451 ) ) ;
#2615 = CARTESIAN_POINT ( 'NONE',  ( -74.21484121453306670, 12.42676639456492538, 89.65644363998845279 ) ) ;
#2616 = CARTESIAN_POINT ( 'NONE',  ( -74.73531609163654821, -12.07766003392878851, 91.19925717019249589 ) ) ;
#2617 = CARTESIAN_POINT ( 'NONE',  ( -33.78385544517439598, -9.183510742097839241, 37.10069069116089935 ) ) ;
#2618 = CARTESIAN_POINT ( 'NONE',  ( -37.53557066504716033, 0.9207865402387278575, 45.20439836402375278 ) ) ;
#2619 = CARTESIAN_POINT ( 'NONE',  ( -84.70143351586061442, -12.49999999999910116, 76.07774860509120174 ) ) ;
#2620 = CARTESIAN_POINT ( 'NONE',  ( -34.31676721115210427, 8.330859172087109243, 36.91927260808139266 ) ) ;
#2621 = ORIENTED_EDGE ( 'NONE', *, *, #3147, .T. ) ;
#2622 = CARTESIAN_POINT ( 'NONE',  ( -85.87494769328080224, 12.49999999996000000, 72.87609886755659261 ) ) ;
#2623 = CARTESIAN_POINT ( 'NONE',  ( -65.49193182485490183, -12.49999999999769962, 87.42293421013170018 ) ) ;
#2624 = CARTESIAN_POINT ( 'NONE',  ( -32.81875549197897612, 12.50000000000000178, 80.09942081749308329 ) ) ;
#2625 = CARTESIAN_POINT ( 'NONE',  ( -29.27605529905660120, -12.49999999999949907, 47.36763251067319658 ) ) ;
#2626 = CARTESIAN_POINT ( 'NONE',  ( -35.20000000000000284, -4.500000000000000000, 37.99999957197299949 ) ) ;
#2627 = CARTESIAN_POINT ( 'NONE',  ( -85.80324503518569657, 12.50000000000000000, 73.37868741862909872 ) ) ;
#2628 = CARTESIAN_POINT ( 'NONE',  ( -83.41034571511322326, -12.50000000000000355, 90.44319640338224531 ) ) ;
#2629 = ORIENTED_EDGE ( 'NONE', *, *, #887, .F. ) ;
#2630 = VECTOR ( 'NONE', #3768, 1000.000000000000114 ) ;
#2631 = CARTESIAN_POINT ( 'NONE',  ( -83.49020066312928634, 12.49999999999409894, 70.35606663346329981 ) ) ;
#2632 = CARTESIAN_POINT ( 'NONE',  ( -62.79021575101319286, 12.50000000000000000, 86.86687213195880020 ) ) ;
#2633 = CARTESIAN_POINT ( 'NONE',  ( -79.62753203726479967, -12.49999999999639932, 68.47521224326149536 ) ) ;
#2634 = CARTESIAN_POINT ( 'NONE',  ( -89.72008522720683743, -12.50000000000000355, 64.95796943462246986 ) ) ;
#2635 = CARTESIAN_POINT ( 'NONE',  ( -35.38002579795967506, 12.50000000000000178, 36.51909036521880836 ) ) ;
#2636 = CARTESIAN_POINT ( 'NONE',  ( -28.61517921002250020, 12.49999999999930012, 46.07741740294569865 ) ) ;
#2637 = CARTESIAN_POINT ( 'NONE',  ( -35.20000000093090620, -4.533603532677820347, 37.99955920827619593 ) ) ;
#2638 = ADVANCED_FACE ( 'NONE', ( #1300 ), #2001, .F. ) ;
#2639 = CARTESIAN_POINT ( 'NONE',  ( -75.82567212086004815, -10.10115544298955825, 94.42399657101886135 ) ) ;
#2640 = CARTESIAN_POINT ( 'NONE',  ( -7.316402563985300311, -6.297159872201789632, 43.08817084433459854 ) ) ;
#2641 = CARTESIAN_POINT ( 'NONE',  ( -64.11957248401949983, -4.500000000000000000, 95.31999765886209275 ) ) ;
#2642 = FACE_OUTER_BOUND ( 'NONE', #2042, .T. ) ;
#2643 = CARTESIAN_POINT ( 'NONE',  ( -85.84677770121369633, -12.49999999858800059, 72.47615095622259673 ) ) ;
#2644 = CARTESIAN_POINT ( 'NONE',  ( -5.754360833654099672, 12.50000000000000000, 63.00000000000000000 ) ) ;
#2645 = ORIENTED_EDGE ( 'NONE', *, *, #2049, .T. ) ;
#2646 = ORIENTED_EDGE ( 'NONE', *, *, #4352, .T. ) ;
#2647 = CARTESIAN_POINT ( 'NONE',  ( -41.31320817257019939, -4.500000000000000000, 48.21167213074059532 ) ) ;
#2648 = CARTESIAN_POINT ( 'NONE',  ( -85.87894756777809846, 12.49999999982059862, 72.77789241127580055 ) ) ;
#2649 = CARTESIAN_POINT ( 'NONE',  ( -57.53593433319319672, -12.49999999970149922, 85.40135345839230752 ) ) ;
#2650 = CARTESIAN_POINT ( 'NONE',  ( -28.05168639656760021, -12.49999999999939959, 44.68334923271190462 ) ) ;
#2651 = CARTESIAN_POINT ( 'NONE',  ( -6.885479705048083154, -8.603271010971349497, 62.29797028154421668 ) ) ;
#2652 = CARTESIAN_POINT ( 'NONE',  ( -85.85362675053511339, 12.50000000000000000, 72.50004819718679983 ) ) ;
#2653 = CARTESIAN_POINT ( 'NONE',  ( -71.36768891444481255, -12.50000000000000000, 90.73327573252700518 ) ) ;
#2654 = ORIENTED_EDGE ( 'NONE', *, *, #4236, .T. ) ;
#2655 = CARTESIAN_POINT ( 'NONE',  ( -83.15429268588860623, 12.49999999999469935, 70.15603542264859982 ) ) ;
#2656 = CARTESIAN_POINT ( 'NONE',  ( -56.19832447219440041, 12.49999999995029931, 84.92789798486138864 ) ) ;
#2657 = CARTESIAN_POINT ( 'NONE',  ( -80.15754116432459853, -12.49999999999979927, 68.69279733823820777 ) ) ;
#2658 = CARTESIAN_POINT ( 'NONE',  ( -90.76561026903041807, -12.50000000000000355, 65.87478999009321967 ) ) ;
#2659 = CARTESIAN_POINT ( 'NONE',  ( -39.44846751427859743, -4.499999999999999112, 94.46046894677400019 ) ) ;
#2660 = CARTESIAN_POINT ( 'NONE',  ( -27.80353729257949880, 12.49999999999839950, 43.91754189595940261 ) ) ;
#2661 = CARTESIAN_POINT ( 'NONE',  ( -76.37648741823102227, 7.773511924079193669, 96.05116538629296485 ) ) ;
#2662 = CARTESIAN_POINT ( 'NONE',  ( -14.29004560895420006, -12.50000000000000000, 58.39390330789299810 ) ) ;
#2663 = B_SPLINE_CURVE_WITH_KNOTS ( 'NONE', 3,
 ( #4313, #114, #2893, #95, #173, #1489, #2207, #2570, #4292, #2226, #4332, #1140, #2954, #3621, #2550, #3925, #1201, #2872, #135, #3946, #3603, #486, #844, #154, #1871, #1529, #3986, #2249, #1566, #1908, #4355, #1223, #2294, #616, #2024, #4401, #3394, #3664, #4378, #1644, #4136, #570, #2271, #1274, #1324, #224, #2685, #1954, #3051, #3368, #3004, #2660, #3710, #1669, #2710, #3420, #1619, #4086, #1976, #1349, #4059, #3687, #4449, #1247, #2737, #908, #545, #2636, #960, #1932, #3733, #3345, #3762, #251, #303, #3029, #934, #3319, #2364, #2317, #196, #593, #4425, #1298, #1999, #2339, #276, #4110, #985, #644, #1593, #1695, #3077, #4473, #2978, #4032, #1786, #2099, #1743, #1393, #2439, #2483, #1093, #3812, #3857, #3878, #24, #757, #2827, #1030, #397, #4497, #1462, #4158, #2391, #1371, #1416, #2846, #2464, #2415, #2142, #3537, #418, #48, #737, #1720, #1806, #1073, #3187, #352, #3493, #4180, #2121, #2782, #3144, #2806, #3517, #1010, #1051, #3166, #1439, #3470, #3121, #3787, #693, #2, #4224, #375, #2074, #68, #669, #2051, #3447, #3835, #328, #715, #3099, #4202, #2761, #1765, #462, #131, #2909, #4288, #501, #2587, #2183, #2887, #3580, #110, #90, #440, #1827, #3598, #4265, #1848, #4243, #3981, #3289, #1156, #1867, #1525, #2565, #1136, #1885, #1902, #1561, #4309, #2527, #482, #3250, #2546, #2203, #3942, #3921, #1176, #3960, #3231, #1505, #3900, #800, #1485, #519, #819, #840, #3559, #2222, #3617, #3272, #150, #1113, #4328, #168, #2504, #3209, #1544, #780, #2928, #2242, #1196, #860, #3635, #2161, #2868, #3363, #903, #1614, #4103, #4419, #4442, #3044, #1242, #1292, #1317, #1970, #2703, #269, #2972, #2333, #1925, #3413, #3023, #978, #3313, #1588, #2266, #4027, #4003, #2999, #2357, #3752, #1992, #2679, #3658, #636, #4079, #2017, #2289, #4053, #4396, #953, #294, #3681, #565, #3704, #610, #1268, #541, #1949, #3339, #217, #4349, #4373, #2655, #1661, #928, #2631, #2948, #1217, #3726, #2609, #243, #3385, #880, #588, #191, #1637, #2312, #3070, #1342, #2730, #4466, #4127, #1688, #1148, #494, #2519, #4256, #1820, #1839, #1879, #3914, #453, #2497, #2235, #1554, #2540, #125, #794, #1170, #3265, #3202, #1895, #2559, #3224, #82, #143, #4341, #3592, #770, #1128, #2176, #3244, #1519, #103, #1497, #2153, #3573, #3628, #2881, #4281, #3936, #813, #833, #512, #2196, #3611, #1537, #475, #2902, #1860, #4302, #3954, #2216, #3282, #2921, #3972, #2579, #4320, #1189, #852, #161, #2941, #3893, #3552, #433, #1476, #2861, #4365, #2601, #182, #1234, #533, #2280, #2257, #1260, #2695, #969, #262, #944, #1916, #2349, #1284, #3743, #556, #2304, #4389, #4071, #1606, #3355, #1630, #1963, #3377, #2648, #3303, #208, #3672, #3331, #3995, #2622, #1941, #4434, #3697, #4018, #4095, #871, #2671, #625, #2990, #1653, #895, #236, #285, #3015, #1578, #4045, #4412, #2326, #920, #602, #580, #3720, #1985, #3037, #1308, #2963, #2008, #3404, #1679, #3061, #1209, #3649, #2108, #3086, #337, #3771, #1752, #2792, #1356, #724, #2129, #1795, #3129, #2747, #702, #3820, #4505, #2425, #1379, #4483, #2084, #1705, #4188, #3525, #4119, #654, #4144, #745, #1018, #4167, #2035, #10, #3843, #3503, #2400, #4458, #35, #406, #1039, #3797, #1334, #1402, #678, #1425, #3478, #1082, #362, #2061, #2721, #2815, #3456, #995, #2769, #385, #2472, #2374, #1729, #3865, #3108, #1060, #2447, #1774, #3154, #4210, #3432, #314, #3930, #2513, #3546, #4233, #1492, #427, #3909, #1450, #2856, #2875, #98, #789, #1834, #4275, #4251, #3218, #1471, #1815, #57, #3197, #2835, #1101, #2170, #1123, #77, #3568, #3887, #2492, #765, #448, #1143, #2534, #3174, #2150 ),
 .UNSPECIFIED., .F., .F.,
 ( 4, 3, 3, 3, 3, 3, 3, 3, 3, 3, 3, 3, 3, 3, 3, 3, 3, 3, 3, 3, 3, 3, 3, 3, 3, 3, 3, 3, 3, 3, 3, 3, 3, 3, 3, 3, 3, 3, 3, 3, 3, 3, 3, 3, 3, 3, 3, 3, 3, 3, 3, 3, 3, 3, 3, 3, 3, 3, 3, 3, 3, 3, 3, 3, 3, 3, 3, 3, 3, 3, 3, 3, 3, 3, 3, 3, 3, 3, 3, 3, 3, 3, 3, 3, 3, 3, 3, 3, 3, 3, 3, 3, 3, 3, 3, 3, 3, 3, 3, 3, 3, 3, 3, 3, 3, 3, 3, 3, 3, 3, 3, 3, 3, 3, 3, 3, 3, 3, 3, 3, 3, 3, 3, 3, 3, 3, 3, 3, 3, 3, 3, 3, 3, 3, 3, 3, 3, 3, 3, 3, 3, 3, 3, 3, 3, 3, 3, 3, 3, 3, 3, 3, 3, 3, 3, 3, 3, 3, 3, 3, 3, 3, 3, 3, 3, 3, 3, 3, 3, 3, 3, 3, 3, 4 ),
 ( 0.000000000000000000, 3.064798276084930261E-05, 0.0002176664234938060084, 0.0004049339695504849891, 0.001156531806518569950, 0.001469534993955869855, 0.001912263042025689986, 0.002672226892015510270, 0.002939069987911729735, 0.003436525649454089636, 0.004205376096086719563, 0.004408604981867600241, 0.004979024052116000180, 0.005143372478845530289, 0.005757238503207849981, 0.005878139975823469879, 0.006416471768932080315, 0.006539384805972939946, 0.006612907472801399927, 0.007321358811258730365, 0.007347674969779339517, 0.008705394434098680592, 0.008817209963735200481, 0.008885440011773050942, 0.01021077715745869960, 0.01028674495769109874, 0.01044958405290940043, 0.01102151245466900104, 0.01123139659047439967, 0.01175627995164689986, 0.01201375743063300139, 0.01309885376008469889, 0.01322581494560279985, 0.01357760368395589945, 0.01469534993955869985, 0.01514195610816370004, 0.01610914070820679972, 0.01616488493351450270, 0.01670533558183100176, 0.01763441992747040096, 0.01826997580088650028, 0.01910395492142629922, 0.01983401739762600050, 0.02057348991538210034, 0.02139809603953169923, 0.02296217336790639524, 0.02351255990329390380, 0.02537612987777049939, 0.02609048785777809756, 0.02645162989120559971, 0.02767349334900750038, 0.02792116488516149797, 0.02921853163502790077, 0.02939069987911729562, 0.03139886923821959969, 0.03232976986702909561, 0.03234670268801789761, 0.03526883985494080193, 0.03547486981478480128, 0.03860306449795000011, 0.04114697983076429783, 0.04173120294733149993, 0.04408604981867600414, 0.04485937119652680383, 0.04702511980658770352, 0.04798753786577140273, 0.04996418979449950004, 0.05111570483004099913, 0.05290325978241119942, 0.05424387343913310289, 0.05584232977032289880, 0.05737203034919669681, 0.05878139975823470226, 0.05893612249527049873, 0.06050023492177900031, 0.06172046974614640164, 0.06206428206911829976, 0.06319000474010229296, 0.06362836109835089127, 0.06465953973405810795, 0.06519252462392859104, 0.06597454471259139863, 0.06612907472801399233, 0.06675640840914529028, 0.06753856820526349392, 0.06759860972196990447, 0.06832069034749839453, 0.06906814471592570559, 0.06910266250863779380, 0.06949366388191439980, 0.06980291221290370329, 0.06988471831471519680, 0.07027576849151678795, 0.07053767970988158997, 0.07066669274335930784, 0.07105775592569590904, 0.07127244720685950441, 0.07144876402684630090, 0.07183979233385039131, 0.07200721470383750211, 0.07203532625627590003, 0.07223085870736399572, 0.07237459845232650790, 0.07242632616205739449, 0.07262180730344869328, 0.07274198220081540267, 0.07281749192295650097, 0.07291529361596320313, 0.07301301110790929527, 0.07310936594930439458, 0.07311062687914939018, 0.07320826346832860765, 0.07325718021544329328, 0.07329305782354890442, 0.07330619021459990059, 0.07335512906243260578, 0.07340397724937719470, 0.07345279502732679489, 0.07347674969779340037, 0.07347721122349540335, 0.07350165137808729876, 0.07352611685698549893, 0.07355059359070140190, 0.07359952430188769490, 0.07364833112178810481, 0.07366044157203781306, 0.07369704228129989043, 0.07374590169691709607, 0.07379484583466600078, 0.07384413344628229514, 0.07389271332912399071, 0.07399051272648449196, 0.07408826255007609773, 0.07418596297095360337, 0.07421151719477130093, 0.07438138926156599717, 0.07457695716848308787, 0.07457890094326029284, 0.07477248965125200819, 0.07494628469174920149, 0.07496797529974369434, 0.07516345477965309663, 0.07535894648054350387, 0.07568105218872710205, 0.07575004027581649924, 0.07614118141733899892, 0.07641581968570509975, 0.07653198678739479843, 0.07692301080230100341, 0.07715058718268300031, 0.07731413222554869846, 0.07770514348497040147, 0.07788535467966099801, 0.07848713643461330269, 0.07926920230747108720, 0.07935488967361679913, 0.08005130878254600180, 0.08082442466757269739, 0.08083329007832799895, 0.08161527658598699553, 0.08229395966152859565, 0.08239746014621220083, 0.08376349465548439677, 0.08396017438724689974, 0.08523302964944029503, 0.08552095077495090736, 0.08707984293198289816, 0.08817209963735200828, 0.08863713564816190493, 0.09019311333873740455, 0.09111116962526369378, 0.09174790270537479253, 0.09330160886686840460, 0.09405023926447929339 ),
 .UNSPECIFIED. ) ;
#2664 = LINE ( 'NONE', #573, #2949 ) ;
#2665 = CARTESIAN_POINT ( 'NONE',  ( -36.12389692924858764, -12.50000000000000178, 82.57787135891199171 ) ) ;
#2666 = CARTESIAN_POINT ( 'NONE',  ( -5.754360833654099672, 4.500000000000000000, 42.75000000000000000 ) ) ;
#2667 = CARTESIAN_POINT ( 'NONE',  ( -85.67474217373779766, -12.49999999999930012, 73.86763639182349550 ) ) ;
#2668 = CARTESIAN_POINT ( 'NONE',  ( -34.31676721115210427, 8.330859172087109243, 38.00539823872090039 ) ) ;
#2669 = ORIENTED_EDGE ( 'NONE', *, *, #3069, .F. ) ;
#2670 = CARTESIAN_POINT ( 'NONE',  ( -35.36440160856869852, -4.500000000000000000, 41.25280876321109957 ) ) ;
#2671 = CARTESIAN_POINT ( 'NONE',  ( -85.85320593534629552, 12.49999999999439915, 73.08829665480520532 ) ) ;
#2672 = AXIS2_PLACEMENT_3D ( 'NONE', #597, #2368, #280 ) ;
#2673 = DIRECTION ( 'NONE',  ( -0.9510565162951520879, 0.000000000000000000, 0.3090169943749520032 ) ) ;
#2674 = CARTESIAN_POINT ( 'NONE',  ( -34.25188673690746555, -8.415781704550543196, 37.31567429104742217 ) ) ;
#2675 = CARTESIAN_POINT ( 'NONE',  ( -9.933159047255191609, -11.53286668789935376, 60.42363295306260795 ) ) ;
#2676 = CARTESIAN_POINT ( 'NONE',  ( -85.87444470685359477, 12.50000000000000000, 72.89234358521169099 ) ) ;
#2677 = CARTESIAN_POINT ( 'NONE',  ( -6.744969477904345645, -5.937689185395774061, 41.74999999974927078 ) ) ;
#2678 = ORIENTED_EDGE ( 'NONE', *, *, #4236, .F. ) ;
#2679 = CARTESIAN_POINT ( 'NONE',  ( -81.06663759863718610, 12.49999999998899902, 69.09074804354709443 ) ) ;
#2680 = CARTESIAN_POINT ( 'NONE',  ( -50.54097017224679433, 12.49999999932339989, 82.40542137485439866 ) ) ;
#2681 = CARTESIAN_POINT ( 'NONE',  ( -81.55790183777619973, -12.49999999996000000, 69.31842938726019554 ) ) ;
#2682 = DIRECTION ( 'NONE',  ( 0.000000000000000000, 0.000000000000000000, -1.000000000000000000 ) ) ;
#2683 = CARTESIAN_POINT ( 'NONE',  ( -92.93915037672368840, -4.500000000000000000, 68.74635549761200082 ) ) ;
#2684 = CARTESIAN_POINT ( 'NONE',  ( -35.19776322612930386, 4.500000000000000000, 38.01849520414729966 ) ) ;
#2685 = CARTESIAN_POINT ( 'NONE',  ( -27.67073607657150092, 12.50000000000050093, 43.44792797047250588 ) ) ;
#2686 = CARTESIAN_POINT ( 'NONE',  ( -5.922020457329139731, -4.500000000000000000, 63.08263849708149706 ) ) ;
#2687 = B_SPLINE_SURFACE_WITH_KNOTS ( 'NONE', 3, 1, ( 
 ( #878, #480 ),
 ( #3655, #858 ),
 ( #2585, #3633 ),
 ( #4347, #1523 ) ),
 .UNSPECIFIED., .F., .F., .F.,
 ( 4, 4 ),
 ( 2, 2 ),
 ( 1.570796326794899889, 1.985139639446400039 ),
 ( 0.000000000000000000, 0.9440624178369990682 ),
 .UNSPECIFIED. ) ;
#2688 = DIRECTION ( 'NONE',  ( 0.000000000000000000, -1.000000000000000000, 0.000000000000000000 ) ) ;
#2689 = CARTESIAN_POINT ( 'NONE',  ( -25.19715842554009910, -4.500000000000000000, 74.49525678312639343 ) ) ;
#2690 = LINE ( 'NONE', #914, #720 ) ;
#2691 = CARTESIAN_POINT ( 'NONE',  ( -92.26030058642020037, 7.929093292889875855, 76.94753728509826374 ) ) ;
#2692 = EDGE_LOOP ( 'NONE', ( #335, #3844, #2558, #3769, #2086, #3627, #725, #4126, #4016, #3192 ) ) ;
#2693 = VERTEX_POINT ( 'NONE', #4381 ) ;
#2694 = CARTESIAN_POINT ( 'NONE',  ( -35.16477891580409931, -4.500000000000000000, 40.07470890097710026 ) ) ;
#2695 = CARTESIAN_POINT ( 'NONE',  ( -85.86406269083529708, 12.49999999992349942, 72.54858479892099865 ) ) ;
#2696 = CARTESIAN_POINT ( 'NONE',  ( -84.46742572224019341, 12.50000000000000000, 71.00932699953379768 ) ) ;
#2697 = CARTESIAN_POINT ( 'NONE',  ( -27.86044922925090361, -4.632813184691680242, 37.25894474447549953 ) ) ;
#2698 = CARTESIAN_POINT ( 'NONE',  ( -27.12503255084460108, -12.50000000000000000, 39.18296686127680317 ) ) ;
#2699 = CARTESIAN_POINT ( 'NONE',  ( -9.328615446304302949, -11.16486825652708426, 60.79354100153032192 ) ) ;
#2700 = CARTESIAN_POINT ( 'NONE',  ( -77.99072067542945774, 12.50000000000000355, 95.56337595829751308 ) ) ;
#2701 = CARTESIAN_POINT ( 'NONE',  ( -6.262268112895450045, -6.745536173409698577, 42.17937746163887169 ) ) ;
#2702 = ORIENTED_EDGE ( 'NONE', *, *, #2409, .T. ) ;
#2703 = CARTESIAN_POINT ( 'NONE',  ( -77.75728409280068831, 12.49999999999930012, 67.76637399419539065 ) ) ;
#2704 = CARTESIAN_POINT ( 'NONE',  ( -34.89538763362560303, 12.50000000000000000, 71.66588846450690653 ) ) ;
#2705 = CARTESIAN_POINT ( 'NONE',  ( -59.05956678693470252, -12.49999999999830003, 62.72797922111040947 ) ) ;
#2706 = CARTESIAN_POINT ( 'NONE',  ( -6.153166235923979599, -4.923473615701070116, 38.00000000000000000 ) ) ;
#2707 = CARTESIAN_POINT ( 'NONE',  ( -65.41814743657720044, 12.49999999999809930, 87.40921376973059864 ) ) ;
#2708 = CARTESIAN_POINT ( 'NONE',  ( -93.87589654204467138, -12.50000000000000178, 72.44056592389000571 ) ) ;
#2709 = CARTESIAN_POINT ( 'NONE',  ( -27.26188646031510032, 12.50000000000000000, 37.00645740286149987 ) ) ;
#2710 = CARTESIAN_POINT ( 'NONE',  ( -27.82484317143299890, 12.49999999999710099, 43.98872712476529756 ) ) ;
#2711 = CARTESIAN_POINT ( 'NONE',  ( -10.05663034903970043, -12.50000000000000000, 56.20352199949790162 ) ) ;
#2712 = CARTESIAN_POINT ( 'NONE',  ( -32.81167674797300293, -10.32645610681009707, 36.81496102034181206 ) ) ;
#2713 = CARTESIAN_POINT ( 'NONE',  ( -53.21107549995290498, -12.50000000000000000, 83.76172554329869513 ) ) ;
#2714 = CARTESIAN_POINT ( 'NONE',  ( -37.81115610773302649, 0.3287425491407394151, 45.49818285197809331 ) ) ;
#2715 = EDGE_CURVE ( 'NONE', #1400, #635, #4138, .T. ) ;
#2716 = CARTESIAN_POINT ( 'NONE',  ( -74.95894814759000724, 12.50000000000000000, 88.63251261861690011 ) ) ;
#2717 =( BOUNDED_CURVE ( )  B_SPLINE_CURVE ( 3, ( #899, #1507, #1487, #2548 ),
 .UNSPECIFIED., .F., .T. ) 
 B_SPLINE_CURVE_WITH_KNOTS ( ( 4, 4 ),
 ( 3.141592653589793116, 6.283185307179586232 ),
 .UNSPECIFIED. ) 
 CURVE ( )  GEOMETRIC_REPRESENTATION_ITEM ( )  RATIONAL_B_SPLINE_CURVE ( ( 1.000000000000000000, 0.3333333333333333703, 0.3333333333333333703, 1.000000000000000000 ) ) 
 REPRESENTATION_ITEM ( '' )  );
#2718 = CARTESIAN_POINT ( 'NONE',  ( -34.99595649741959846, 6.430228803627429990, 37.10029354652129996 ) ) ;
#2719 = ORIENTED_EDGE ( 'NONE', *, *, #1909, .T. ) ;
#2720 = CARTESIAN_POINT ( 'NONE',  ( -36.81802729381229966, -4.500000000000000000, 44.33499023258099925 ) ) ;
#2721 = CARTESIAN_POINT ( 'NONE',  ( -83.25410525178389776, 12.49999999999889866, 78.36689597336859947 ) ) ;
#2722 = CARTESIAN_POINT ( 'NONE',  ( -92.93973102245129780, 4.500000000000000000, 68.74749389755220363 ) ) ;
#2723 = ORIENTED_EDGE ( 'NONE', *, *, #1119, .T. ) ;
#2724 = CARTESIAN_POINT ( 'NONE',  ( -35.20000000000000284, 4.516808217171399242, 37.99999857870949427 ) ) ;
#2725 = ADVANCED_FACE ( 'NONE', ( #740 ), #2763, .T. ) ;
#2726 = CARTESIAN_POINT ( 'NONE',  ( -27.12847569884689847, -12.50000000000000000, 38.88720975854160145 ) ) ;
#2727 = CARTESIAN_POINT ( 'NONE',  ( -35.19635190581309558, -5.020073313091280021, 38.00539841999069779 ) ) ;
#2728 = CARTESIAN_POINT ( 'NONE',  ( -82.80202733160029993, 12.50000000000000000, 78.99612909912819703 ) ) ;
#2729 = ORIENTED_EDGE ( 'NONE', *, *, #218, .T. ) ;
#2730 = CARTESIAN_POINT ( 'NONE',  ( -84.41868426705079287, 12.49999999994529887, 70.97605549023430171 ) ) ;
#2731 = CARTESIAN_POINT ( 'NONE',  ( -35.69025779752419680, 12.50000000000000000, 72.25768067052969457 ) ) ;
#2732 = CARTESIAN_POINT ( 'NONE',  ( -58.55897244930319800, -12.49999999999389999, 62.60453688140700734 ) ) ;
#2733 = CARTESIAN_POINT ( 'NONE',  ( 4.669503563378442301, -10.00000000000000000, 55.64543947449366357 ) ) ;
#2734 = CARTESIAN_POINT ( 'NONE',  ( -33.08923116297495426, 10.04464099330395044, 36.87732780940754651 ) ) ;
#2735 = CARTESIAN_POINT ( 'NONE',  ( -85.87849400634880226, -12.50000000000000000, 72.81045446356569073 ) ) ;
#2736 = CARTESIAN_POINT ( 'NONE',  ( -37.20548025401640757, 12.50000000000000000, 55.08024352927009915 ) ) ;
#2737 = CARTESIAN_POINT ( 'NONE',  ( -28.57483137342880042, 12.49999999999949907, 45.98879279474600423 ) ) ;
#2738 = EDGE_CURVE ( 'NONE', #3859, #3953, #672, .T. ) ;
#2739 = CARTESIAN_POINT ( 'NONE',  ( -13.57419512423419938, -12.50000000000000000, 58.00908089756450181 ) ) ;
#2740 = CARTESIAN_POINT ( 'NONE',  ( -6.435405343688720414, 4.737765271900770792, 37.99999999999459988 ) ) ;
#2741 = CARTESIAN_POINT ( 'NONE',  ( -60.42081114708419420, -12.50000000000000000, 86.28399918835179960 ) ) ;
#2742 = AXIS2_PLACEMENT_3D ( 'NONE', #4235, #2113, #3551 ) ;
#2743 = CARTESIAN_POINT ( 'NONE',  ( -60.11694480113322214, 12.50000000000000178, 94.45962370331766067 ) ) ;
#2744 = CARTESIAN_POINT ( 'NONE',  ( -35.20000000000000284, 4.600780098834789555, 37.10029354652129996 ) ) ;
#2745 = VERTEX_POINT ( 'NONE', #3424 ) ;
#2746 = CARTESIAN_POINT ( 'NONE',  ( -36.19884620967432198, -12.50000000000000355, 43.37255743426872101 ) ) ;
#2747 = CARTESIAN_POINT ( 'NONE',  ( -85.33200168992419776, 12.50000000000240163, 74.79664568549770820 ) ) ;
#2748 = EDGE_CURVE ( 'NONE', #363, #282, #4205, .T. ) ;
#2749 = CARTESIAN_POINT ( 'NONE',  ( -89.24279263522356587, 12.50000000000000178, 64.58855947696933697 ) ) ;
#2750 = VERTEX_POINT ( 'NONE', #696 ) ;
#2751 = DIRECTION ( 'NONE',  ( 0.000000000000000000, 0.000000000000000000, 1.000000000000000000 ) ) ;
#2752 = CARTESIAN_POINT ( 'NONE',  ( -34.28601101810410512, -8.350972585547454585, 37.33245367993079356 ) ) ;
#2753 = CARTESIAN_POINT ( 'NONE',  ( -34.40854006436540402, -8.179729648874857872, 38.00539841999069779 ) ) ;
#2754 = CARTESIAN_POINT ( 'NONE',  ( -91.35299559668807490, 12.50000000000000178, 80.57261849560489964 ) ) ;
#2755 = CARTESIAN_POINT ( 'NONE',  ( -6.312294893633306536, 7.136085870275380216, 42.30267657837800499 ) ) ;
#2756 = CARTESIAN_POINT ( 'NONE',  ( -23.04180059326960262, 12.49999999619219970, 63.47186920086719653 ) ) ;
#2757 = CARTESIAN_POINT ( 'NONE',  ( -68.94559295002119370, -12.50000000000000000, 65.15864651496340798 ) ) ;
#2758 = DIRECTION ( 'NONE',  ( 0.9257907231983539820, 0.000000000000000000, -0.3780364226365876545 ) ) ;
#2759 = CARTESIAN_POINT ( 'NONE',  ( -33.68760712050652728, 9.322325605893368561, 37.06220384281903790 ) ) ;
#2760 = CARTESIAN_POINT ( 'NONE',  ( -35.16442276239908438, 12.50000000000000178, 38.33603208809439877 ) ) ;
#2761 = CARTESIAN_POINT ( 'NONE',  ( -44.40199592865509715, 12.49999999997669953, 58.45123216629740170 ) ) ;
#2762 = CARTESIAN_POINT ( 'NONE',  ( -85.87605592752458961, -12.49999999991779909, 72.65091980481800249 ) ) ;
#2763 = PLANE ( 'NONE',  #1002 ) ;
#2764 = DIRECTION ( 'NONE',  ( 0.000000000000000000, 1.000000000000000000, 0.000000000000000000 ) ) ;
#2765 = CARTESIAN_POINT ( 'NONE',  ( -77.47258581936338828, 12.50000000000000000, 88.80573758309519405 ) ) ;
#2766 = CARTESIAN_POINT ( 'NONE',  ( -90.92515192551174152, 10.00000000000000000, 76.45578978963955308 ) ) ;
#2767 = ORIENTED_EDGE ( 'NONE', *, *, #4360, .F. ) ;
#2768 = CARTESIAN_POINT ( 'NONE',  ( -44.60185994026459610, -4.500000000000000000, 49.92452384460040093 ) ) ;
#2769 = CARTESIAN_POINT ( 'NONE',  ( -82.80317490667759728, 12.49999999999969980, 78.98988152774400362 ) ) ;
#2770 = ORIENTED_EDGE ( 'NONE', *, *, #4360, .T. ) ;
#2771 = CARTESIAN_POINT ( 'NONE',  ( -93.59655248289190865, 4.500000000000000000, 70.47811447380679795 ) ) ;
#2772 = CARTESIAN_POINT ( 'NONE',  ( -75.96590035809150265, -12.50000000000000000, 86.54410911406971252 ) ) ;
#2773 = CARTESIAN_POINT ( 'NONE',  ( -27.12581340529570184, -12.50000000000000000, 39.03515575127679682 ) ) ;
#2774 = CARTESIAN_POINT ( 'NONE',  ( -27.39273975238269898, -12.50000000000000000, 35.93003025308839682 ) ) ;
#2775 = CARTESIAN_POINT ( 'NONE',  ( -82.21935084974489882, 4.500000000000000000, 91.62936371476850184 ) ) ;
#2776 = DIRECTION ( 'NONE',  ( 0.000000000000000000, 0.000000000000000000, -1.000000000000000000 ) ) ;
#2777 = FACE_OUTER_BOUND ( 'NONE', #378, .T. ) ;
#2778 = CARTESIAN_POINT ( 'NONE',  ( -72.81189926541239288, -12.49999999999350031, 66.20366220465209040 ) ) ;
#2779 = PLANE ( 'NONE',  #2211 ) ;
#2780 = DIRECTION ( 'NONE',  ( -0.9383771693055036334, -0.000000000000000000, 0.3456129166078580339 ) ) ;
#2781 = CARTESIAN_POINT ( 'NONE',  ( -36.49327340723149860, 4.500000000000000000, 43.85423951415630484 ) ) ;
#2782 = CARTESIAN_POINT ( 'NONE',  ( -37.65857945746770241, 12.49999999999949907, 55.33706433523570212 ) ) ;
#2783 = CARTESIAN_POINT ( 'NONE',  ( -85.86098457424689911, -12.49999999985299937, 72.53210229536260556 ) ) ;
#2784 = CARTESIAN_POINT ( 'NONE',  ( -6.840022608735959686, 4.650802484893110211, 38.00000000000000000 ) ) ;
#2785 = CARTESIAN_POINT ( 'NONE',  ( -73.25301720009611017, -4.500000000000000000, 96.51867790502180355 ) ) ;
#2786 = B_SPLINE_CURVE_WITH_KNOTS ( 'NONE', 3,
 ( #2057, #3195, #2511, #30 ),
 .UNSPECIFIED., .F., .F.,
 ( 4, 4 ),
 ( 0.000000000000000000, 0.06609349575927191134 ),
 .UNSPECIFIED. ) ;
#2787 = AXIS2_PLACEMENT_3D ( 'NONE', #99, #3847, #727 ) ;
#2788 = CARTESIAN_POINT ( 'NONE',  ( -75.76277771971150798, 12.50000000000000000, 88.69295802713860155 ) ) ;
#2789 = CARTESIAN_POINT ( 'NONE',  ( -13.75436083281629962, 12.50000000000000000, 58.10893120994299466 ) ) ;
#2790 = ORIENTED_EDGE ( 'NONE', *, *, #1232, .T. ) ;
#2791 = CARTESIAN_POINT ( 'NONE',  ( -76.77877807293135959, -12.50000000000000178, 59.02648494877172425 ) ) ;
#2792 = CARTESIAN_POINT ( 'NONE',  ( -85.48739785935680402, 12.49999999992429878, 74.41276378416749537 ) ) ;
#2793 = EDGE_LOOP ( 'NONE', ( #1443, #3695, #3022, #608 ) ) ;
#2794 = VERTEX_POINT ( 'NONE', #1053 ) ;
#2795 = CARTESIAN_POINT ( 'NONE',  ( -92.98076800796889074, 4.499999999999999112, 77.21289204332060763 ) ) ;
#2796 = CARTESIAN_POINT ( 'NONE',  ( -35.20000000000000284, -4.600780098834749587, 37.10029354652139943 ) ) ;
#2797 = DIRECTION ( 'NONE',  ( 1.000000000000000000, 0.000000000000000000, 0.000000000000000000 ) ) ;
#2798 = CARTESIAN_POINT ( 'NONE',  ( -79.83793091664330177, 12.50000000000000000, 82.58336262158690033 ) ) ;
#2799 = CARTESIAN_POINT ( 'NONE',  ( -13.75436083365409878, -4.500000000000000000, 42.75000000000000000 ) ) ;
#2800 = CARTESIAN_POINT ( 'NONE',  ( -45.73501164841590594, -12.49999999994859934, 79.53940387303020998 ) ) ;
#2801 = CARTESIAN_POINT ( 'NONE',  ( -35.29301578393560135, 12.50000000000000000, 71.96150311443480518 ) ) ;
#2802 = CARTESIAN_POINT ( 'NONE',  ( -68.42910610470889310, -12.49999999999960032, 65.02678796623840185 ) ) ;
#2803 = CARTESIAN_POINT ( 'NONE',  ( -84.11613555183738811, -12.50000000000000000, 77.08125937468429356 ) ) ;
#2804 = CARTESIAN_POINT ( 'NONE',  ( -29.86454211934224645, 12.07946563861716704, 36.84840507582880065 ) ) ;
#2805 = CARTESIAN_POINT ( 'NONE',  ( -32.22495233597099684, 12.50000000000000000, 51.25610959399089950 ) ) ;
#2806 = CARTESIAN_POINT ( 'NONE',  ( -38.57037213374329809, 12.49999999995629985, 55.84107976686220098 ) ) ;
#2807 = CARTESIAN_POINT ( 'NONE',  ( -85.87120655644490341, -12.49999999997990052, 72.59764155359229676 ) ) ;
#2808 = ORIENTED_EDGE ( 'NONE', *, *, #2381, .F. ) ;
#2809 = DIRECTION ( 'NONE',  ( 0.000000000000000000, 0.000000000000000000, -1.000000000000000000 ) ) ;
#2810 = CARTESIAN_POINT ( 'NONE',  ( -92.05712664684823210, -8.377235122637062048, 76.87270645999818441 ) ) ;
#2811 = CARTESIAN_POINT ( 'NONE',  ( -76.82449030454040440, 4.500000000000000000, 96.78089598168109831 ) ) ;
#2812 = DIRECTION ( 'NONE',  ( -0.7431448254773899142, 0.000000000000000000, -0.6691306063588629005 ) ) ;
#2813 = ORIENTED_EDGE ( 'NONE', *, *, #1459, .F. ) ;
#2814 = CARTESIAN_POINT ( 'NONE',  ( -82.61841185419208955, -12.50000000000000178, 61.05219154172180396 ) ) ;
#2815 = CARTESIAN_POINT ( 'NONE',  ( -83.10689619413808771, 12.49999999999969980, 78.57535767373479985 ) ) ;
#2816 = CARTESIAN_POINT ( 'NONE',  ( -76.61902071581120310, -12.50000000000000000, 85.91016308205149699 ) ) ;
#2817 = CARTESIAN_POINT ( 'NONE',  ( -5.754360833654099672, -4.500000000000000000, 42.75000000000000000 ) ) ;
#2818 = CARTESIAN_POINT ( 'NONE',  ( -27.43856200115349964, -12.50000000000000000, 35.55309185670520122 ) ) ;
#2819 = CARTESIAN_POINT ( 'NONE',  ( -35.22915673106226109, -0.6719946142670242262, 40.57508850279332790 ) ) ;
#2820 = CARTESIAN_POINT ( 'NONE',  ( -84.14352764074355662, -10.00000000000001421, 86.48445465555296607 ) ) ;
#2821 = CARTESIAN_POINT ( 'NONE',  ( -35.18334609290769777, -12.50000000000000000, 71.88023436094189833 ) ) ;
#2822 = CARTESIAN_POINT ( 'NONE',  ( -5.566537325233120725, 4.500000000000000000, 62.90749553041939635 ) ) ;
#2823 = CARTESIAN_POINT ( 'NONE',  ( -31.10223956381669908, -12.49999999999180034, 49.99447541554729924 ) ) ;
#2824 = CARTESIAN_POINT ( 'NONE',  ( -86.93164452932060726, -4.500000000000000000, 86.63666418500740463 ) ) ;
#2825 = CARTESIAN_POINT ( 'NONE',  ( -7.944885814342973696, -10.00000000000000000, 60.79638613512148737 ) ) ;
#2826 = CARTESIAN_POINT ( 'NONE',  ( -64.22676545792620573, 4.500000000000000000, 55.75210129654110602 ) ) ;
#2827 = CARTESIAN_POINT ( 'NONE',  ( -32.94027588891839997, 12.49999999994370015, 51.91778581617809607 ) ) ;
#2828 = CARTESIAN_POINT ( 'NONE',  ( -84.57028198913690176, -12.49999999993619859, 71.08905965850701136 ) ) ;
#2829 = ORIENTED_EDGE ( 'NONE', *, *, #3079, .T. ) ;
#2830 = CARTESIAN_POINT ( 'NONE',  ( -5.754360825795039602, 4.500000000000000000, 63.00000036993740338 ) ) ;
#2831 = CARTESIAN_POINT ( 'NONE',  ( -76.14505243468212825, -12.50000000000000178, 96.73802994768779229 ) ) ;
#2832 = CARTESIAN_POINT ( 'NONE',  ( -76.62713213188629879, 4.500000000000000000, 96.76866509401959604 ) ) ;
#2833 = CARTESIAN_POINT ( 'NONE',  ( -32.13745035459319865, -12.65000000000000036, 36.72045650744799872 ) ) ;
#2834 = CARTESIAN_POINT ( 'NONE',  ( -82.35664543269449211, -12.50000000000000000, 69.71482216799930143 ) ) ;
#2835 = CARTESIAN_POINT ( 'NONE',  ( -76.98620292619649774, 12.50000000000000000, 85.55037305197579656 ) ) ;
#2836 = CARTESIAN_POINT ( 'NONE',  ( -80.02458864651040926, -12.49999999999119993, 82.36674055717999465 ) ) ;
#2837 = CARTESIAN_POINT ( 'NONE',  ( -27.21692930468629967, -4.632813184691689123, 37.40766625019740133 ) ) ;
#2838 = CARTESIAN_POINT ( 'NONE',  ( -35.60721560536230612, -1.902430832060345134, 42.05464053728638163 ) ) ;
#2839 = CARTESIAN_POINT ( 'NONE',  ( -41.54531049890790229, -12.49999999977450038, 76.61602086991690896 ) ) ;
#2840 = CARTESIAN_POINT ( 'NONE',  ( -34.72606182350920534, 7.338281555668403122, 37.59179989385784637 ) ) ;
#2841 = EDGE_CURVE ( 'NONE', #1241, #3841, #1076, .T. ) ;
#2842 = CARTESIAN_POINT ( 'NONE',  ( -33.38831334736580203, -12.49999999990849986, 52.31915217976100507 ) ) ;
#2843 = CARTESIAN_POINT ( 'NONE',  ( -84.70259783652490171, -12.50000000000000000, 76.07849615177499913 ) ) ;
#2844 = CARTESIAN_POINT ( 'NONE',  ( -6.520799864395432799, -8.495783317895961417, 60.21487635698792218 ) ) ;
#2845 = CARTESIAN_POINT ( 'NONE',  ( -55.33023729706830096, 4.500000000000000000, 53.52311533008920463 ) ) ;
#2846 = CARTESIAN_POINT ( 'NONE',  ( -34.10923303082900304, 12.50000000000000000, 52.92245467339250098 ) ) ;
#2847 = CARTESIAN_POINT ( 'NONE',  ( -85.61129730288620010, -12.49999999946100004, 72.07435977970760632 ) ) ;
#2848 = CARTESIAN_POINT ( 'NONE',  ( -8.063488122319489193, -10.12302720983320548, 61.57054483053554605 ) ) ;
#2849 = ORIENTED_EDGE ( 'NONE', *, *, #330, .F. ) ;
#2850 = CARTESIAN_POINT ( 'NONE',  ( -7.065472333908960678, 8.889028479887720380, 62.18659061257452692 ) ) ;
#2851 = CARTESIAN_POINT ( 'NONE',  ( -90.92515194418878366, -10.00000000000000000, 76.45578979651847362 ) ) ;
#2852 = CARTESIAN_POINT ( 'NONE',  ( -84.14347437761109916, 10.00000000000000178, 86.48451330275182158 ) ) ;
#2853 = UNCERTAINTY_MEASURE_WITH_UNIT (LENGTH_MEASURE( 1.000000000000000082E-05 ), #3754, 'distance_accuracy_value', 'NONE');
#2854 = CARTESIAN_POINT ( 'NONE',  ( -28.62865034437539791, -12.65000000000000036, 37.07691507342550352 ) ) ;
#2855 = EDGE_CURVE ( 'NONE', #1058, #260, #3169, .T. ) ;
#2856 = CARTESIAN_POINT ( 'NONE',  ( -79.89739774594409027, 12.49999999998390088, 82.50827228828579507 ) ) ;
#2857 = EDGE_CURVE ( 'NONE', #2323, #3504, #2418, .T. ) ;
#2858 = CARTESIAN_POINT ( 'NONE',  ( -74.01992435473108856, -12.50000000000000000, 88.36973190896598851 ) ) ;
#2859 = CARTESIAN_POINT ( 'NONE',  ( -21.83722406390289805, 14.07343736306170001, 38.00000000000000000 ) ) ;
#2860 = CARTESIAN_POINT ( 'NONE',  ( -36.65826643042859700, -1.734774877286277883, 44.09602583206434190 ) ) ;
#2861 = CARTESIAN_POINT ( 'NONE',  ( -85.84685214141629217, 12.49999999859859834, 72.47639363892790243 ) ) ;
#2862 = CARTESIAN_POINT ( 'NONE',  ( -43.52308717989320996, -12.49999999998949995, 78.03288529189110534 ) ) ;
#2863 = CARTESIAN_POINT ( 'NONE',  ( -6.484523581325490227, 4.500000000000000000, 63.36175080416150962 ) ) ;
#2864 = CARTESIAN_POINT ( 'NONE',  ( -40.24969584126920097, -12.49999999979519849, 56.69894396680960114 ) ) ;
#2865 = CARTESIAN_POINT ( 'NONE',  ( -89.22730055100889501, -4.500000000000000000, 83.76329018932570136 ) ) ;
#2866 = CARTESIAN_POINT ( 'NONE',  ( -35.79748641401904763, 1.988514769838397811, 42.54075016337743165 ) ) ;
#2867 = CARTESIAN_POINT ( 'NONE',  ( -73.03066068823690671, 4.500000000000000000, 57.95562779265110009 ) ) ;
#2868 = CARTESIAN_POINT ( 'NONE',  ( -74.85001470790169265, 12.49999999998959943, 66.80623417980049794 ) ) ;
#2869 = CARTESIAN_POINT ( 'NONE',  ( -85.67008015996350423, -12.49999999986919974, 72.15333210280709864 ) ) ;
#2870 = CARTESIAN_POINT ( 'NONE',  ( -76.61933922723889623, -6.299999999999999822, 96.76816765603379622 ) ) ;
#2871 = CARTESIAN_POINT ( 'NONE',  ( -6.559481340654484072, 8.007384234110554999, 62.49994000024872065 ) ) ;
#2872 = CARTESIAN_POINT ( 'NONE',  ( -27.12503053535530029, 12.50000000000000000, 39.18334845962250057 ) ) ;
#2873 = CARTESIAN_POINT ( 'NONE',  ( -75.04139950744408338, 11.71928594483954633, 92.10480626271159110 ) ) ;
#2874 = DIRECTION ( 'NONE',  ( 0.9510565162951517548, 0.000000000000000000, -0.3090169943749529469 ) ) ;
#2875 = CARTESIAN_POINT ( 'NONE',  ( -79.83356548895321225, 12.49999999998030020, 82.57881319106779472 ) ) ;
#2876 = CARTESIAN_POINT ( 'NONE',  ( -82.19358029092511231, -12.49999999999820055, 79.79081194181969749 ) ) ;
#2877 = CARTESIAN_POINT ( 'NONE',  ( -35.06455296639582286, -6.056136824498253191, 37.84951572069976322 ) ) ;
#2878 = CARTESIAN_POINT ( 'NONE',  ( -27.26195717054079992, -12.50000000000000000, 37.00587535764930180 ) ) ;
#2879 = CARTESIAN_POINT ( 'NONE',  ( -35.37563834159243470, -1.536107243129777533, 41.28513522927408985 ) ) ;
#2880 = EDGE_CURVE ( 'NONE', #2970, #2032, #872, .T. ) ;
#2881 = CARTESIAN_POINT ( 'NONE',  ( -85.66992143848510466, 12.49999999986819965, 72.15310974117159049 ) ) ;
#2882 = CARTESIAN_POINT ( 'NONE',  ( -39.68978558247690103, -12.50000000000000000, 75.24990095954829883 ) ) ;
#2883 = CARTESIAN_POINT ( 'NONE',  ( -34.92794682649731897, 6.676888904771895561, 37.73675067764387592 ) ) ;
#2884 = CARTESIAN_POINT ( 'NONE',  ( -45.03954199598970121, -12.49999999989990052, 58.68820047045299759 ) ) ;
#2885 = CARTESIAN_POINT ( 'NONE',  ( -93.62931780856325759, -12.50000000000000178, 75.04803066428512182 ) ) ;
#2886 = CARTESIAN_POINT ( 'NONE',  ( -72.96158066111360085, 12.50000000000000000, 66.24282431921841408 ) ) ;
#2887 = CARTESIAN_POINT ( 'NONE',  ( -47.24491701823659895, 12.49999999999830003, 59.45248271074480328 ) ) ;
#2888 = B_SPLINE_CURVE_WITH_KNOTS ( 'NONE', 3,
 ( #1683, #2012, #658, #3482, #341, #3408, #3825, #1286, #3801, #1042, #289, #2674, #4462, #4123, #3436, #317, #2752, #4074, #3722, #947, #1361, #1384, #4148, #684, #2064, #3460, #2429, #2328, #604, #3380, #1494, #3221, #3176, #3867, #450, #3157, #3199, #1836, #3889, #100, #2173, #366, #1797, #4214, #4253, #430, #2877, #728, #3506, #37, #1428, #1145, #3527, #4278, #2537, #3911, #79, #3933, #767, #810, #1817, #1125 ),
 .UNSPECIFIED., .F., .F.,
 ( 4, 2, 1, 2, 2, 1, 1, 1, 1, 1, 2, 2, 2, 2, 1, 1, 2, 2, 2, 2, 1, 1, 2, 2, 2, 2, 2, 1, 2, 2, 2, 1, 1, 2, 2, 2, 1, 4 ),
 ( 0.000000000000000000, 0.06250000000002783884, 0.09375000000004241052, 0.1093750000000478229, 0.1250000000000532352, 0.1875000000000776879, 0.2187500000000904554, 0.2343750000000974498, 0.2421875000001009470, 0.2460937500001021405, 0.2480468750001033340, 0.2500000000001044720, 0.3125000000000920930, 0.3437500000000859868, 0.3593750000000822120, 0.3671875000000802691, 0.3710937500000803246, 0.3750000000000803246, 0.4375000000000670020, 0.4687500000000598410, 0.4843750000000562883, 0.4921875000000526246, 0.4960937500000514588, 0.5000000000000501821, 0.6250000000000358602, 0.6406250000000341949, 0.6562500000000325295, 0.6875000000000293099, 0.7500000000000245359, 0.7812500000000214273, 0.7890625000000203171, 0.7968750000000190958, 0.8125000000000170974, 0.8750000000000099920, 0.8906250000000088818, 0.9062500000000077716, 0.9375000000000052180, 1.000000000000000000 ),
 .UNSPECIFIED. ) ;
#2889 = CARTESIAN_POINT ( 'NONE',  ( -85.83910037378679192, -12.49999999756919955, 72.45294425168039254 ) ) ;
#2890 = CARTESIAN_POINT ( 'NONE',  ( -27.60010301322046189, 1.347111479062088257E-16, 38.94940631231767725 ) ) ;
#2891 = VECTOR ( 'NONE', #1649, 1000.000000000000000 ) ;
#2892 = CARTESIAN_POINT ( 'NONE',  ( -9.695213712237642056, 11.39663039312352488, 60.56913093101585588 ) ) ;
#2893 = CARTESIAN_POINT ( 'NONE',  ( -27.21485287261150177, 12.50000000000000000, 37.42829763286160016 ) ) ;
#2894 = CARTESIAN_POINT ( 'NONE',  ( -73.83688604734400940, 12.50000000000000000, 88.53673832600750870 ) ) ;
#2895 = CARTESIAN_POINT ( 'NONE',  ( -75.89953707513068082, -9.876233745168381262, 94.64263066547113112 ) ) ;
#2896 = CARTESIAN_POINT ( 'NONE',  ( -37.79749777417960388, 0.3800638870543787129, 45.48401158686006340 ) ) ;
#2897 = CARTESIAN_POINT ( 'NONE',  ( -85.48743070131301636, -12.49999999992429878, 74.41267932705980570 ) ) ;
#2898 = FILL_AREA_STYLE ('',( #1515 ) ) ;
#2899 = CARTESIAN_POINT ( 'NONE',  ( -35.19780858722219818, -4.500000000000000000, 38.01811643589770284 ) ) ;
#2900 = CARTESIAN_POINT ( 'NONE',  ( -36.63595040110833168, -1.748351504893092434, 44.06330896592431401 ) ) ;
#2901 = ORIENTED_EDGE ( 'NONE', *, *, #443, .T. ) ;
#2902 = CARTESIAN_POINT ( 'NONE',  ( -85.77020372571810469, 12.49999999944270002, 72.30796895094630372 ) ) ;
#2903 = CARTESIAN_POINT ( 'NONE',  ( -62.00019899614520114, -12.49999999999599964, 86.67962926932310097 ) ) ;
#2904 = B_SPLINE_CURVE_WITH_KNOTS ( 'NONE', 3,
 ( #793, #1496, #2819, #1517, #2175, #1454, #4216, #2879, #3952, #3201, #389, #749, #1105, #61, #4280, #2838, #3868, #4300, #1777, #1085, #2134, #2152, #1798, #3529, #452, #1859, #432, #3223, #3508, #2475, #3158, #1819, #1838, #474, #81, #1147, #3178, #2539, #3591, #1475, #812, #39, #3242, #123, #1430, #2194, #2900, #2860, #1168, #4255, #2557, #1126, #410, #831, #2255, #159, #203, #892, #2277, #1877, #3300, #3694, #1553, #2985, #3626, #2214, #1230, #4385, #530, #2939, #1601, #3670, #1894, #577, #553, #180, #3992 ),
 .UNSPECIFIED., .F., .F.,
 ( 4, 2, 2, 2, 1, 2, 2, 2, 2, 1, 1, 2, 2, 2, 2, 1, 1, 2, 2, 2, 1, 1, 1, 1, 2, 2, 2, 2, 1, 1, 2, 2, 2, 2, 1, 1, 1, 2, 2, 2, 2, 1, 1, 1, 2, 2, 4 ),
 ( 0.000000000000000000, 0.1250000000000054956, 0.1875000000000082434, 0.2187500000000105194, 0.2343750000000125733, 0.2421875000000138778, 0.2500000000000151545, 0.3125000000000168199, 0.3437500000000179856, 0.3593750000000185962, 0.3671875000000199840, 0.3710937500000207057, 0.3750000000000214273, 0.4375000000000071054, 0.4687500000000004996, 0.4843749999999982792, 0.4921874999999966138, 0.4960937499999952816, 0.4999999999999939493, 0.5312499999999911182, 0.5468749999999902300, 0.5546874999999881206, 0.5585937499999870104, 0.5605468749999865663, 0.5615234374999847899, 0.5624999999999831246, 0.5937499999999489297, 0.6093749999999328315, 0.6171874999999233946, 0.6210937499999187317, 0.6230468749999164002, 0.6249999999999139577, 0.6874999999998738787, 0.7187499999998538946, 0.7343749999998457900, 0.7421874999998419042, 0.7460937499998396838, 0.7480468749998385736, 0.7499999999998374633, 0.8124999999998502309, 0.8437499999998565592, 0.8593749999998597788, 0.8671874999998623323, 0.8710937499998645528, 0.8730468749998655520, 0.8749999999998664402, 1.000000000000000000 ),
 .UNSPECIFIED. ) ;
#2905 = CARTESIAN_POINT ( 'NONE',  ( -33.78398419112489393, 9.183473361795918777, 37.10029354752320074 ) ) ;
#2906 = CARTESIAN_POINT ( 'NONE',  ( -27.44959551738649850, -12.49999999999939959, 42.49234738447859172 ) ) ;
#2907 = CARTESIAN_POINT ( 'NONE',  ( -76.27444695010959208, -4.500000000000000000, 97.06777861287470444 ) ) ;
#2908 = CARTESIAN_POINT ( 'NONE',  ( -62.35165695373720496, 12.50000000000000000, 63.52923691374238757 ) ) ;
#2909 = CARTESIAN_POINT ( 'NONE',  ( -46.35083071344699590, 12.49999999997340083, 59.15139920921830452 ) ) ;
#2910 = CARTESIAN_POINT ( 'NONE',  ( -85.20150141056579685, -12.49999999999949907, 71.62665133082509783 ) ) ;
#2911 = CARTESIAN_POINT ( 'NONE',  ( -72.96135255305770784, -12.50000000000000000, 66.24275898414050801 ) ) ;
#2912 = CARTESIAN_POINT ( 'NONE',  ( -9.499238246778405781, 11.27451244476510972, 60.68905941324133124 ) ) ;
#2913 = CARTESIAN_POINT ( 'NONE',  ( -27.21692930468629967, 4.632813184691689123, 37.40766625019740133 ) ) ;
#2914 = CARTESIAN_POINT ( 'NONE',  ( -73.95778842391150931, 12.49644251362888348, 88.89424080222995883 ) ) ;
#2915 = CARTESIAN_POINT ( 'NONE',  ( -75.41017074295584166, -11.10356922780678524, 93.19547561631816279 ) ) ;
#2916 = CARTESIAN_POINT ( 'NONE',  ( -36.34644655403644720, 1.898304785806389505, 43.61265756167462371 ) ) ;
#2917 = CARTESIAN_POINT ( 'NONE',  ( -83.64532001233489211, -12.49999999998259881, 77.79934125659660538 ) ) ;
#2918 = CARTESIAN_POINT ( 'NONE',  ( -35.19084280324690184, -4.500000000000000000, 38.07748918765629753 ) ) ;
#2919 = EDGE_CURVE ( 'NONE', #3374, #3859, #2442, .T. ) ;
#2920 = CARTESIAN_POINT ( 'NONE',  ( -34.83840514463869908, 7.019577199930319367, 36.91927260808139266 ) ) ;
#2921 = CARTESIAN_POINT ( 'NONE',  ( -85.79999826656930395, 12.49999999784740012, 72.36307223811870415 ) ) ;
#2922 = FACE_OUTER_BOUND ( 'NONE', #952, .T. ) ;
#2923 = CARTESIAN_POINT ( 'NONE',  ( -45.71062514640228613, 12.50000000000000355, 88.98532892137326655 ) ) ;
#2924 = CARTESIAN_POINT ( 'NONE',  ( -29.73056495544449973, -12.49999999999350031, 48.12254339713690143 ) ) ;
#2925 = CARTESIAN_POINT ( 'NONE',  ( -93.87579026064510401, 4.500000000000000000, 73.08335120291489773 ) ) ;
#2926 = CARTESIAN_POINT ( 'NONE',  ( -79.81422995949480992, -4.500000000000000000, 93.91411186205921524 ) ) ;
#2927 = CARTESIAN_POINT ( 'NONE',  ( -88.17007415042685636, 12.50000000000000178, 63.84627212359062298 ) ) ;
#2928 = CARTESIAN_POINT ( 'NONE',  ( -72.86149433507959827, 12.49999999999289990, 66.21781217495049532 ) ) ;
#2929 = CARTESIAN_POINT ( 'NONE',  ( -84.20651235924309219, -12.49999999999320011, 70.82361105654219102 ) ) ;
#2930 = AXIS2_PLACEMENT_3D ( 'NONE', #1510, #1202, #1890 ) ;
#2931 = CARTESIAN_POINT ( 'NONE',  ( -89.24256403125109216, -4.500000000000000000, 64.58838971484018998 ) ) ;
#2932 = CARTESIAN_POINT ( 'NONE',  ( -12.23839494601783251, 12.35507484837981451, 59.02265198049467188 ) ) ;
#2933 = DIRECTION ( 'NONE',  ( 0.000000000000000000, -1.000000000000000000, 0.000000000000000000 ) ) ;
#2934 = PLANE ( 'NONE',  #2930 ) ;
#2935 = CARTESIAN_POINT ( 'NONE',  ( -74.23638036514707039, -12.42585977926468566, 89.72082829919121139 ) ) ;
#2936 = EDGE_CURVE ( 'NONE', #4093, #2256, #4054, .T. ) ;
#2937 = CARTESIAN_POINT ( 'NONE',  ( -36.01422924157796501, 1.997175372364915713, 43.01135444912017647 ) ) ;
#2938 = CARTESIAN_POINT ( 'NONE',  ( -85.52452467575629669, -12.49999999992119903, 74.31208709755810560 ) ) ;
#2939 = CARTESIAN_POINT ( 'NONE',  ( -37.63642065560895134, -0.7570309318753297712, 45.31354065942866072 ) ) ;
#2940 = ORIENTED_EDGE ( 'NONE', *, *, #75, .F. ) ;
#2941 = CARTESIAN_POINT ( 'NONE',  ( -85.84182944147529781, 12.49999999785180016, 72.46064724029541537 ) ) ;
#2942 = CARTESIAN_POINT ( 'NONE',  ( -58.48355072494440066, -12.49999999996120081, 85.70628220418639387 ) ) ;
#2943 = CARTESIAN_POINT ( 'NONE',  ( -58.47543881307630187, 12.50000000000000000, 85.72377949809440167 ) ) ;
#2944 = CARTESIAN_POINT ( 'NONE',  ( -28.85324123328770085, -12.49999999999740119, 46.58780923588439293 ) ) ;
#2945 = CARTESIAN_POINT ( 'NONE',  ( -85.85936263921750822, 12.50000000000000000, 72.52410198478240488 ) ) ;
#2946 = DIRECTION ( 'NONE',  ( 0.000000000000000000, 0.000000000000000000, 1.000000000000000000 ) ) ;
#2947 = CARTESIAN_POINT ( 'NONE',  ( -84.14891667986189816, 12.50000000000000000, 70.78119219293630238 ) ) ;
#2948 = CARTESIAN_POINT ( 'NONE',  ( -83.56471070498270137, 12.49999999999540101, 70.40163666906329354 ) ) ;
#2949 = VECTOR ( 'NONE', #2688, 1000.000000000000000 ) ;
#2950 = CARTESIAN_POINT ( 'NONE',  ( -42.64927158166030097, 12.49999999996550137, 77.41476306272149088 ) ) ;
#2951 = CARTESIAN_POINT ( 'NONE',  ( -83.13062623471380164, -12.49999999999540101, 70.14230416210310182 ) ) ;
#2952 = CARTESIAN_POINT ( 'NONE',  ( -83.15480612124021320, -12.50000000000000000, 70.15470487077558914 ) ) ;
#2953 = CARTESIAN_POINT ( 'NONE',  ( -35.21005689898760238, 4.500000000000000000, 37.91726471061010528 ) ) ;
#2954 = CARTESIAN_POINT ( 'NONE',  ( -27.13695281474749876, 12.49999999999979927, 38.57281471543189610 ) ) ;
#2955 = CARTESIAN_POINT ( 'NONE',  ( -74.46885696068895300, 12.29862834845914676, 90.40951336965915175 ) ) ;
#2956 = CARTESIAN_POINT ( 'NONE',  ( -75.34361935200024618, -11.22995612217785322, 92.99860336276184114 ) ) ;
#2957 = CARTESIAN_POINT ( 'NONE',  ( -29.40530650085808517, -12.22047821086213304, 36.92690229864267337 ) ) ;
#2958 = CARTESIAN_POINT ( 'NONE',  ( -37.69800900993125481, 0.6407957809416111594, 45.37954938857400577 ) ) ;
#2959 = EDGE_CURVE ( 'NONE', #2693, #3541, #2097, .T. ) ;
#2960 = CARTESIAN_POINT ( 'NONE',  ( -85.65105024745999174, -12.49999999998309974, 73.94328651868789848 ) ) ;
#2961 = CARTESIAN_POINT ( 'NONE',  ( -76.61933885537760602, -4.500000000000000000, 96.76816716052309175 ) ) ;
#2962 = ORIENTED_EDGE ( 'NONE', *, *, #1369, .T. ) ;
#2963 = CARTESIAN_POINT ( 'NONE',  ( -85.69131579837869594, 12.49999999999910116, 73.81236916912989443 ) ) ;
#2964 = CARTESIAN_POINT ( 'NONE',  ( -55.44508289166880388, -12.49999999998929923, 84.65025388786339988 ) ) ;
#2965 = CARTESIAN_POINT ( 'NONE',  ( -61.99994168436799669, 12.50000000000000000, 86.68381753253478905 ) ) ;
#2966 = CARTESIAN_POINT ( 'NONE',  ( -29.32996844737740005, -12.49999999999979927, 47.46205793140099871 ) ) ;
#2967 = CARTESIAN_POINT ( 'NONE',  ( -7.573124004109518026, -9.585423645362038059, 61.87284862167749111 ) ) ;
#2968 = CARTESIAN_POINT ( 'NONE',  ( -85.22768569851220377, 12.50000000000000000, 75.03650125638709767 ) ) ;
#2969 = DIRECTION ( 'NONE',  ( 0.000000000000000000, 0.000000000000000000, -1.000000000000000000 ) ) ;
#2970 = VERTEX_POINT ( 'NONE', #2338 ) ;
#2971 = CARTESIAN_POINT ( 'NONE',  ( -83.49096726235811161, 12.50000000000000000, 70.35467573252039131 ) ) ;
#2972 = CARTESIAN_POINT ( 'NONE',  ( -78.40222464211339570, 12.50000000000000000, 68.00177132747511166 ) ) ;
#2973 = ADVANCED_FACE ( 'NONE', ( #1222 ), #3686, .T. ) ;
#2974 = CARTESIAN_POINT ( 'NONE',  ( -60.81749541538399484, 12.49999999999889866, 86.37992810290640477 ) ) ;
#2975 = CARTESIAN_POINT ( 'NONE',  ( -83.37880823349159698, -12.49999999999209876, 70.28794109034051019 ) ) ;
#2976 = CARTESIAN_POINT ( 'NONE',  ( -93.14271384225189365, -4.500000000000000000, 69.17096739491699964 ) ) ;
#2977 = CARTESIAN_POINT ( 'NONE',  ( -35.38002579795970348, 4.500000000000000000, 36.51909036521880125 ) ) ;
#2978 = CARTESIAN_POINT ( 'NONE',  ( -30.89902904036180331, 12.49999999996559907, 49.74628117196709809 ) ) ;
#2979 = CARTESIAN_POINT ( 'NONE',  ( -8.461826075181809514, -4.500000000000000000, 64.36478362750889914 ) ) ;
#2980 = CARTESIAN_POINT ( 'NONE',  ( -75.78305617380408421, -10.22301461370082798, 94.29794444776544537 ) ) ;
#2981 = CARTESIAN_POINT ( 'NONE',  ( -32.97976899149100660, -10.15684063572276230, 36.85221434516201100 ) ) ;
#2982 = CARTESIAN_POINT ( 'NONE',  ( -32.81875549197897612, -12.50000000000000178, 80.09942081749308329 ) ) ;
#2983 = CARTESIAN_POINT ( 'NONE',  ( -36.59110869995649296, 1.775150549357231267, 43.99788456301831019 ) ) ;
#2984 = CARTESIAN_POINT ( 'NONE',  ( -85.85770468370441222, -12.49999999999420019, 73.05556532433850236 ) ) ;
#2985 = CARTESIAN_POINT ( 'NONE',  ( -37.33022260529195080, -1.178644455914759970, 44.97106897424232130 ) ) ;
#2986 = VERTEX_POINT ( 'NONE', #907 ) ;
#2987 = ORIENTED_EDGE ( 'NONE', *, *, #3007, .F. ) ;
#2988 = CARTESIAN_POINT ( 'NONE',  ( -40.34307257738300478, -4.500000000000000000, 47.59661228115259490 ) ) ;
#2989 = ORIENTED_EDGE ( 'NONE', *, *, #651, .T. ) ;
#2990 = CARTESIAN_POINT ( 'NONE',  ( -85.84378654991590452, 12.49999999999469935, 73.15333141334909328 ) ) ;
#2991 = CARTESIAN_POINT ( 'NONE',  ( -67.15575331770889989, -12.49999999999699973, 87.71591510703869687 ) ) ;
#2992 = CARTESIAN_POINT ( 'NONE',  ( -71.53124092984950266, 4.500000000000000000, 96.35755121022640424 ) ) ;
#2993 = CARTESIAN_POINT ( 'NONE',  ( -29.05675030558859717, -12.49999999999760014, 46.98139064169679813 ) ) ;
#2994 = CARTESIAN_POINT ( 'NONE',  ( -6.263773990168826522, -7.315227464547682246, 62.68337832446377433 ) ) ;
#2995 = CARTESIAN_POINT ( 'NONE',  ( -93.15612965842932169, 12.50000000000000711, 76.73160935177557462 ) ) ;
#2996 = CARTESIAN_POINT ( 'NONE',  ( -72.19020440595150490, -12.50000000000000000, 90.01392706089498574 ) ) ;
#2997 = ORIENTED_EDGE ( 'NONE', *, *, #2387, .T. ) ;
#2998 = VECTOR ( 'NONE', #2812, 1000.000000000000114 ) ;
#2999 = CARTESIAN_POINT ( 'NONE',  ( -80.15765755722981112, 12.49999999999979927, 68.69284585859959691 ) ) ;
#3000 = CARTESIAN_POINT ( 'NONE',  ( -59.32238023169989560, 12.49999999999850075, 85.96165270106460810 ) ) ;
#3001 = CARTESIAN_POINT ( 'NONE',  ( -77.75715355292169306, -12.49999999999930012, 67.76632707853440252 ) ) ;
#3002 = CARTESIAN_POINT ( 'NONE',  ( -88.69628774628056078, -12.50000000000000178, 64.19760460985929740 ) ) ;
#3003 = CARTESIAN_POINT ( 'NONE',  ( -27.24229916535519891, 12.50000000000000000, 37.17139269460809459 ) ) ;
#3004 = CARTESIAN_POINT ( 'NONE',  ( -27.79175126364459913, 12.49999999999899991, 43.87783135336670171 ) ) ;
#3005 = CARTESIAN_POINT ( 'NONE',  ( -76.46724153231959065, 7.169603811425350415, 96.31915163267329660 ) ) ;
#3006 = CARTESIAN_POINT ( 'NONE',  ( -14.82387479788900109, -12.50000000000000000, 58.68191028675759924 ) ) ;
#3007 = EDGE_CURVE ( 'NONE', #3084, #2165, #244, .T. ) ;
#3008 = CARTESIAN_POINT ( 'NONE',  ( -29.71260554642219276, -12.13268676425000336, 36.87112861879624859 ) ) ;
#3009 = CARTESIAN_POINT ( 'NONE',  ( -25.19715842554007779, -12.50000000000000178, 74.49525678312645027 ) ) ;
#3010 = CARTESIAN_POINT ( 'NONE',  ( -76.61933922723899570, 4.500000000000000000, 96.76816765603379622 ) ) ;
#3011 = CARTESIAN_POINT ( 'NONE',  ( -85.82454035173169871, -12.49999999999979927, 73.26711952081670631 ) ) ;
#3012 = CARTESIAN_POINT ( 'NONE',  ( -34.01515240909230187, 8.850393951261770198, 36.91927260808139266 ) ) ;
#3013 = ORIENTED_EDGE ( 'NONE', *, *, #854, .T. ) ;
#3014 = CARTESIAN_POINT ( 'NONE',  ( -35.88353258663889989, -12.50000000000000000, 54.24320218230670321 ) ) ;
#3015 = CARTESIAN_POINT ( 'NONE',  ( -85.82453226791810152, 12.49999999999979927, 73.26716645689430152 ) ) ;
#3016 = AXIS2_PLACEMENT_3D ( 'NONE', #3416, #2095, #4445 ) ;
#3017 = CARTESIAN_POINT ( 'NONE',  ( -35.20000000000000284, 4.500000000000000000, 37.99999952623650046 ) ) ;
#3018 = CARTESIAN_POINT ( 'NONE',  ( -27.13319788618310113, -12.49999999999979927, 38.67729713584910201 ) ) ;
#3019 = CARTESIAN_POINT ( 'NONE',  ( -9.510730467256554022, -11.28171594780197218, 60.68205957139984008 ) ) ;
#3020 = CARTESIAN_POINT ( 'NONE',  ( -85.86577453720320818, 12.50000000000000000, 72.55672561129789244 ) ) ;
#3021 = CARTESIAN_POINT ( 'NONE',  ( -6.599035691143627425, -6.031754750320122760, 41.78696805906233180 ) ) ;
#3022 = ORIENTED_EDGE ( 'NONE', *, *, #1930, .T. ) ;
#3023 = CARTESIAN_POINT ( 'NONE',  ( -79.14352870052660194, 12.49999999999699973, 68.28260113008180099 ) ) ;
#3024 = CARTESIAN_POINT ( 'NONE',  ( -61.04298960598740109, 12.49999999999779909, 86.43923905629010562 ) ) ;
#3025 = CARTESIAN_POINT ( 'NONE',  ( -82.90435828747209257, -12.49999999999960032, 70.01331276221469579 ) ) ;
#3026 = CARTESIAN_POINT ( 'NONE',  ( -35.21698213014290246, 0.000000000000000000, 40.47796435941650373 ) ) ;
#3027 = CARTESIAN_POINT ( 'NONE',  ( -92.39603566289135017, -12.50000000000000178, 67.81319500997682326 ) ) ;
#3028 = CARTESIAN_POINT ( 'NONE',  ( -35.20348469009360315, 4.500000000000000000, 37.97134343662810352 ) ) ;
#3029 = CARTESIAN_POINT ( 'NONE',  ( -29.27605530591590011, 12.49999999999949907, 47.36763250677859816 ) ) ;
#3030 = CARTESIAN_POINT ( 'NONE',  ( -76.23189942997328217, 8.584644506272812947, 95.62471146638010566 ) ) ;
#3031 = CARTESIAN_POINT ( 'NONE',  ( -32.39106361332376594, -10.69800702822313099, 36.74905768146994944 ) ) ;
#3032 = CARTESIAN_POINT ( 'NONE',  ( -63.58114588092900021, -12.50000000000000000, 87.05006720572319523 ) ) ;
#3033 = DIRECTION ( 'NONE',  ( 0.000000000000000000, 0.000000000000000000, 1.000000000000000000 ) ) ;
#3034 = ORIENTED_EDGE ( 'NONE', *, *, #2498, .T. ) ;
#3035 = ORIENTED_EDGE ( 'NONE', *, *, #4295, .F. ) ;
#3036 = CARTESIAN_POINT ( 'NONE',  ( -35.12294061828630021, -4.500000000000000000, 39.27141109740109925 ) ) ;
#3037 = CARTESIAN_POINT ( 'NONE',  ( -85.72484479404269564, 12.49999999999969980, 73.69498951984060398 ) ) ;
#3038 = FACE_OUTER_BOUND ( 'NONE', #3130, .T. ) ;
#3039 = CARTESIAN_POINT ( 'NONE',  ( -27.13697347699029905, -12.49999999999979927, 38.57223956113270447 ) ) ;
#3040 = CARTESIAN_POINT ( 'NONE',  ( -35.20000000000000284, -4.600780098834749587, 36.91275821386449962 ) ) ;
#3041 = CARTESIAN_POINT ( 'NONE',  ( -76.62187579597450338, 12.50000000000000000, 85.91325063575050081 ) ) ;
#3042 = CARTESIAN_POINT ( 'NONE',  ( -6.277638196425631811, -6.653923020888599105, 42.12519346096264172 ) ) ;
#3043 = CARTESIAN_POINT ( 'NONE',  ( -89.46262466371040034, -10.00000000000001421, 79.46522199720043034 ) ) ;
#3044 = CARTESIAN_POINT ( 'NONE',  ( -76.66485095602719468, 12.50000000000040146, 67.38880681508609882 ) ) ;
#3045 = CARTESIAN_POINT ( 'NONE',  ( -63.20563795538709684, 12.49999999999859845, 86.95894067117069426 ) ) ;
#3046 = CARTESIAN_POINT ( 'NONE',  ( -46.59791122109030681, -12.49999999999599964, 59.23859871268919619 ) ) ;
#3047 = LINE ( 'NONE', #957, #3966 ) ;
#3048 = CARTESIAN_POINT ( 'NONE',  ( -66.35960665739928288, 12.49999999999399947, 87.58288543092599809 ) ) ;
#3049 = CARTESIAN_POINT ( 'NONE',  ( -93.85944419677169037, -4.500000000000000000, 72.09902078306269857 ) ) ;
#3050 = CARTESIAN_POINT ( 'NONE',  ( -35.20348469009358894, 12.50000000000000178, 37.97134343662809641 ) ) ;
#3051 = CARTESIAN_POINT ( 'NONE',  ( -27.76861543101169971, 12.49999999999949907, 43.79820234840479998 ) ) ;
#3052 = CARTESIAN_POINT ( 'NONE',  ( -75.71077575130571802, 10.41966333397066613, 94.08431701189788043 ) ) ;
#3053 = CARTESIAN_POINT ( 'NONE',  ( -30.78142835136774735, -11.71286298996673914, 36.73433333048076577 ) ) ;
#3054 = CARTESIAN_POINT ( 'NONE',  ( -18.14088904965820248, -4.500000000000000000, 69.83615811504080284 ) ) ;
#3055 = B_SPLINE_CURVE_WITH_KNOTS ( 'NONE', 3,
 ( #1028, #2072, #3468, #1391, #1666, #350, #1741, #1049, #3417, #3758, #2437, #3833, #4131, #641, #3048, #4446, #1321, #2707, #1692, #3074, #3315, #1640, #2334, #3290, #1663, #1904, #3045, #192, #2632, #1615, #2244, #3364, #955, #542, #3024, #219, #2974, #1926, #270, #3000, #2267, #4397, #1589, #1243, #3727, #4055, #4081, #246, #611, #4374, #1270, #2656, #1994, #4420, #2610, #904, #3660, #930, #3386, #1219, #4028, #2680, #2290, #4443, #3682, #1950, #2589, #3982, #1293, #2313, #1971, #861, #3636, #3705, #520, #169, #881, #589, #566, #1562, #2950, #3340, #4350, #4004, #2018, #322, #4128, #1689, #710, #3780, #2043, #19, #2410, #2731, #2801, #2704, #1388, #4197, #3440, #3487, #1004, #3414, #392, #638, #1780, #1714, #1365, #346, #979, #2093, #1068, #663, #4492, #2756, #2459, #2116, #3094, #295, #688, #1343, #4153, #1411, #370, #4467, #1025, #3071, #3116, #4174, #2384, #1318 ),
 .UNSPECIFIED., .F., .F.,
 ( 4, 3, 3, 3, 3, 3, 3, 3, 3, 3, 3, 3, 3, 3, 3, 3, 3, 3, 3, 3, 3, 3, 3, 3, 3, 3, 3, 3, 3, 3, 3, 3, 3, 3, 3, 3, 3, 3, 3, 3, 3, 3, 3, 4 ),
 ( 4.388541835720879613E-17, 0.001087478955130400131, 0.003501665576672390121, 0.004282873141071090115, 0.005919110525843679360, 0.008340624558343860337, 0.008565746282142129922, 0.01044797747372529922, 0.01070718285267770013, 0.01076651060026619956, 0.01198097875524969935, 0.01284861942321320095, 0.01319761994681119960, 0.01475005666907180067, 0.01499005599374870004, 0.01562979710258279725, 0.01713149256428420086, 0.01806250682750690228, 0.02049500517308909878, 0.02141436570535529965, 0.02382850167089409915, 0.02536005494728150317, 0.02569723884642630130, 0.02866740611124099850, 0.02998011198749740008, 0.03022515113252779995, 0.03265811006778059772, 0.03426298512856839479, 0.03508991380361119877, 0.03854585826963939643, 0.03995533836182789400, 0.04238785833445420093, 0.04387402344667830356, 0.04482037830708050091, 0.04711160455178150380, 0.04968515843276560123, 0.05139447769285260259, 0.05455044111584309713, 0.05941387117063830214, 0.05996022397499468914, 0.06184498445432929509, 0.06427595814282260900, 0.06670667182012519902, 0.06852597001687089906 ),
 .UNSPECIFIED. ) ;
#3056 = ADVANCED_FACE ( 'NONE', ( #524 ), #3131, .T. ) ;
#3057 = LINE ( 'NONE', #4091, #2891 ) ;
#3058 = CARTESIAN_POINT ( 'NONE',  ( -7.148308108128790472, 6.000003477258699647, 41.75000000000000000 ) ) ;
#3059 = EDGE_LOOP ( 'NONE', ( #2669, #4186 ) ) ;
#3060 = CARTESIAN_POINT ( 'NONE',  ( -29.76317939038370142, -12.50000000000000000, 48.18433998659669726 ) ) ;
#3061 = CARTESIAN_POINT ( 'NONE',  ( -85.65318000944749599, 12.49999999998459899, 73.93654601892630751 ) ) ;
#3062 = CARTESIAN_POINT ( 'NONE',  ( -86.68406402569110014, 4.500000000000000000, 62.95970579960578561 ) ) ;
#3063 = ORIENTED_EDGE ( 'NONE', *, *, #586, .F. ) ;
#3064 = LINE ( 'NONE', #4461, #683 ) ;
#3065 = CARTESIAN_POINT ( 'NONE',  ( -27.20581279315799605, -12.49999999999939959, 40.85312824065209725 ) ) ;
#3066 = CARTESIAN_POINT ( 'NONE',  ( -12.28706922187686956, -12.36429017982430345, 58.99321909313069057 ) ) ;
#3067 = CARTESIAN_POINT ( 'NONE',  ( -77.07337210008853390, 12.50000000000000178, 96.37243252404208249 ) ) ;
#3068 = CARTESIAN_POINT ( 'NONE',  ( -86.19621735781223038, -10.00000000000001421, 84.09704939311417604 ) ) ;
#3069 = EDGE_CURVE ( 'NONE', #1969, #282, #183, .T. ) ;
#3070 = CARTESIAN_POINT ( 'NONE',  ( -84.32341379160871497, 12.49999999997039879, 70.90689527314629004 ) ) ;
#3071 = CARTESIAN_POINT ( 'NONE',  ( -16.06652953492449498, 12.49999999999949907, 59.36194247589939721 ) ) ;
#3072 = CARTESIAN_POINT ( 'NONE',  ( -65.01993542078881205, -12.50000000000000000, 64.17725059740909899 ) ) ;
#3073 = CARTESIAN_POINT ( 'NONE',  ( 36.58163263015709532, 0.000000000000000000, 19.25210471003249779 ) ) ;
#3074 = CARTESIAN_POINT ( 'NONE',  ( -64.72764403325869864, 12.50000000000120082, 87.27968681432480480 ) ) ;
#3075 = CARTESIAN_POINT ( 'NONE',  ( -93.85944419677173300, -12.50000000000000711, 72.09902078306278383 ) ) ;
#3076 = CARTESIAN_POINT ( 'NONE',  ( -35.13495848031989510, 4.500000000000000000, 39.67599039606589884 ) ) ;
#3077 = CARTESIAN_POINT ( 'NONE',  ( -30.64445534994190368, 12.49999999993899991, 49.42905976720019368 ) ) ;
#3078 = CARTESIAN_POINT ( 'NONE',  ( -75.75802724290507228, 10.29253251903139166, 94.22395379604014920 ) ) ;
#3079 = EDGE_CURVE ( 'NONE', #1058, #283, #2904, .T. ) ;
#3080 = CARTESIAN_POINT ( 'NONE',  ( -81.89599229267753344, -7.727849288446020815, 90.99350416899628158 ) ) ;
#3081 = CARTESIAN_POINT ( 'NONE',  ( -29.79861358217550205, -12.50000000000000000, 67.94982269997019841 ) ) ;
#3082 = CARTESIAN_POINT ( 'NONE',  ( -36.12389692924858764, 12.50000000000000178, 82.57787135891199171 ) ) ;
#3083 = CARTESIAN_POINT ( 'NONE',  ( -6.120901179887044741, 6.893809813417793642, 40.44875315004161820 ) ) ;
#3084 = VERTEX_POINT ( 'NONE', #2961 ) ;
#3085 = CARTESIAN_POINT ( 'NONE',  ( -35.21263848790704287, -12.50000000000000178, 40.46969142694023702 ) ) ;
#3086 = CARTESIAN_POINT ( 'NONE',  ( -85.58994328105440275, 12.49999999993759836, 74.12849189280700557 ) ) ;
#3087 = CARTESIAN_POINT ( 'NONE',  ( -86.68406402569111435, 12.50000000000000178, 62.95970579960575719 ) ) ;
#3088 = ORIENTED_EDGE ( 'NONE', *, *, #2535, .F. ) ;
#3089 = DIRECTION ( 'NONE',  ( 1.000000000000000000, 0.000000000000000000, -3.965082230804129727E-16 ) ) ;
#3090 = CARTESIAN_POINT ( 'NONE',  ( -27.21489163558549862, -12.50000000000000000, 37.42791087772079806 ) ) ;
#3091 = CARTESIAN_POINT ( 'NONE',  ( -10.26890150448631012, -11.70189367460065277, 60.21872436694759756 ) ) ;
#3092 = CARTESIAN_POINT ( 'NONE',  ( -88.65940040684380108, 4.500000000000000000, 84.51212382604821016 ) ) ;
#3093 = CARTESIAN_POINT ( 'NONE',  ( -83.00333132009919268, -10.00000000000001421, 87.71367666999445589 ) ) ;
#3094 = CARTESIAN_POINT ( 'NONE',  ( -21.35041389754429630, 12.49999999817840113, 62.43588849982770483 ) ) ;
#3095 = CARTESIAN_POINT ( 'NONE',  ( -48.17586011329689910, -12.50000000000120082, 59.76003091506969866 ) ) ;
#3096 = CYLINDRICAL_SURFACE ( 'NONE', #3016, 1.099999999999999645 ) ;
#3097 = CARTESIAN_POINT ( 'NONE',  ( -98.12158117679103952, 10.00000000000000000, 79.10630067593649528 ) ) ;
#3098 = CARTESIAN_POINT ( 'NONE',  ( -37.90706213692789817, 4.500000000000000000, 45.61368810306110078 ) ) ;
#3099 = CARTESIAN_POINT ( 'NONE',  ( -44.29421400963649802, 12.49999999998559908, 58.41051910097429811 ) ) ;
#3100 = CARTESIAN_POINT ( 'NONE',  ( -85.86171972268300578, -12.49999999999399947, 73.02287192233519875 ) ) ;
#3101 = CARTESIAN_POINT ( 'NONE',  ( -5.879036994893179546, 5.908252778847480791, 62.92252919076153717 ) ) ;
#3102 = CARTESIAN_POINT ( 'NONE',  ( -77.12042060483580030, -12.50000000000000000, 88.78388677478049829 ) ) ;
#3103 =( BOUNDED_CURVE ( )  B_SPLINE_CURVE ( 3, ( #3545, #118, #3172, #1491 ),
 .UNSPECIFIED., .F., .T. ) 
 B_SPLINE_CURVE_WITH_KNOTS ( ( 4, 4 ),
 ( 3.141592653589793116, 3.899633419016029112 ),
 .UNSPECIFIED. ) 
 CURVE ( )  GEOMETRIC_REPRESENTATION_ITEM ( )  RATIONAL_B_SPLINE_CURVE ( ( 1.000000000000000000, 0.9526850333505351154, 0.9526850333505351154, 1.000000000000000000 ) ) 
 REPRESENTATION_ITEM ( '' )  );
#3104 = CARTESIAN_POINT ( 'NONE',  ( -81.85068337957746110, 10.00000000000000178, 88.90488689837781067 ) ) ;
#3105 = CARTESIAN_POINT ( 'NONE',  ( -6.215355927659730995, 7.178986267492894591, 41.14225815419371202 ) ) ;
#3106 = VERTEX_POINT ( 'NONE', #2233 ) ;
#3107 = CARTESIAN_POINT ( 'NONE',  ( -64.22646901629239835, -4.500000000000000000, 55.75202982353810199 ) ) ;
#3108 = CARTESIAN_POINT ( 'NONE',  ( -82.19354032317981762, 12.49999999999820055, 79.79086271271961550 ) ) ;
#3109 = ORIENTED_EDGE ( 'NONE', *, *, #2252, .F. ) ;
#3110 = CARTESIAN_POINT ( 'NONE',  ( -85.83653241624500652, 12.50000000000000000, 72.44533015908449158 ) ) ;
#3111 = CARTESIAN_POINT ( 'NONE',  ( -35.20000000000000284, 4.600780098834809984, 37.99473488757709561 ) ) ;
#3112 = CARTESIAN_POINT ( 'NONE',  ( -27.15872209737979759, -12.50000000000000000, 40.26894049792120001 ) ) ;
#3113 = CARTESIAN_POINT ( 'NONE',  ( -25.52750939320410239, -12.50000000000000000, 37.79688962485400339 ) ) ;
#3114 = CARTESIAN_POINT ( 'NONE',  ( -90.34710861666930271, 4.500000000000000000, 82.17752216006209665 ) ) ;
#3115 = FACE_OUTER_BOUND ( 'NONE', #1380, .T. ) ;
#3116 = CARTESIAN_POINT ( 'NONE',  ( -15.35581672870360137, 12.50000000000000000, 58.97301096414369681 ) ) ;
#3117 = CARTESIAN_POINT ( 'NONE',  ( -75.23818474419779534, -12.49999999999540101, 66.92669279280870853 ) ) ;
#3118 = CARTESIAN_POINT ( 'NONE',  ( 4.669503563378442301, -10.00000000000000000, 55.64543947449366357 ) ) ;
#3119 = CARTESIAN_POINT ( 'NONE',  ( -31.77685455632699885, 11.15152969777857805, 36.70378056500042874 ) ) ;
#3120 = CARTESIAN_POINT ( 'NONE',  ( -29.21490485747660060, 12.50000000000000000, 47.28785200679219969 ) ) ;
#3121 = CARTESIAN_POINT ( 'NONE',  ( -40.94785974753609992, 12.49999999998540012, 57.02125948828010138 ) ) ;
#3122 = CARTESIAN_POINT ( 'NONE',  ( -85.87828860481880611, -12.49999999978669862, 72.69592352971538674 ) ) ;
#3123 = CARTESIAN_POINT ( 'NONE',  ( -6.516521918154629667, 4.703830389307780635, 38.00000000000000000 ) ) ;
#3124 = CARTESIAN_POINT ( 'NONE',  ( -77.32165927003980244, -12.50000000000000000, 88.79635982147699735 ) ) ;
#3125 = CARTESIAN_POINT ( 'NONE',  ( -5.849874407698584911, 5.732515451372265147, 37.62442220060268028 ) ) ;
#3126 = CARTESIAN_POINT ( 'NONE',  ( -34.83840514463869908, 7.019577199930319367, 37.10029354652129996 ) ) ;
#3127 = EDGE_LOOP ( 'NONE', ( #942, #1772, #623, #2445, #3402, #4068, #1231, #894 ) ) ;
#3128 = CARTESIAN_POINT ( 'NONE',  ( -61.20756726309388540, -12.50000000000000178, 55.02086653241148895 ) ) ;
#3129 = CARTESIAN_POINT ( 'NONE',  ( -85.38190355978329649, 12.49999999998540012, 74.67608217171598994 ) ) ;
#3130 = EDGE_LOOP ( 'NONE', ( #1677, #4395, #3406, #2006, #2448, #531, #4460, #739 ) ) ;
#3131 =( BOUNDED_SURFACE ( )  B_SPLINE_SURFACE ( 3, 2, ( 
 ( #2977, #2635, #569 ),
 ( #1297, #615, #3318 ),
 ( #1953, #4448, #4377 ),
 ( #864, #3344, #195 ),
 ( #933, #3732, #2613 ),
 ( #1565, #1931, #1907 ),
 ( #1998, #275, #4424 ),
 ( #2953, #1668, #2316 ),
 ( #3028, #3050, #2709 ),
 ( #3367, #4007, #884 ),
 ( #2684, #223, #4354 ),
 ( #1618, #4031, #4085 ),
 ( #2248, #3663, #3003 ),
 ( #4400, #3293, #1273 ),
 ( #3639, #959, #592 ),
 ( #4058, #1975, #3856 ),
 ( #692, #2760, #2438 ),
 ( #351, #4135, #2390 ),
 ( #4157, #1050, #2098 ),
 ( #3761, #1438, #1 ),
 ( #3076, #2463, #1719 ),
 ( #2073, #1072, #4201 ),
 ( #3143, #736, #1742 ),
 ( #1392, #302, #23 ),
 ( #1009, #3469, #3492 ),
 ( #2050, #3834, #3786 ),
 ( #1785, #2120, #1694 ),
 ( #668, #3446, #4109 ),
 ( #3165, #1029, #3120 ),
 ( #2781, #374, #4472 ),
 ( #4179, #327, #1348 ),
 ( #714, #2414, #1764 ),
 ( #3098, #1415, #2805 ),
 ( #3516, #4496, #1370 ),
 ( #3811, #396, #47 ),
 ( #984, #2363, #643 ),
 ( #2023, #3419, #2736 ),
 ( #1112, #149, #439 ),
 ( #779, #3230, #2503 ),
 ( #3920, #3558, #3208 ),
 ( #2202, #3249, #2564 ),
 ( #4308, #1847, #1175 ),
 ( #2845, #109, #3536 ),
 ( #1524, #4242, #2182 ),
 ( #1826, #2160, #4287 ),
 ( #2826, #500, #2908 ),
 ( #3579, #3899, #89 ),
 ( #3959, #1884, #1484 ),
 ( #2867, #1504, #818 ),
 ( #3271, #4223, #2886 ),
 ( #461, #1155, #4264 ),
 ( #1135, #2526, #3597 ),
 ( #67, #1092, #2482 ),
 ( #1461, #3616, #799 ),
 ( #2141, #2545, #481 ),
 ( #3941, #3877, #839 ),
 ( #1866, #2221, #130 ),
 ( #756, #417, #1805 ),
 ( #3186, #4002, #190 ),
 ( #3062, #3087, #1706 ),
 ( #4459, #4484, #626 ),
 ( #970, #1543, #2971 ),
 ( #167, #2927, #518 ),
 ( #2062, #1335, #2947 ),
 ( #1310, #2749, #2696 ),
 ( #4327, #1357, #4348 ),
 ( #4435, #996, #4145 ),
 ( #2608, #4120, #3288 ),
 ( #1195, #3772, #1587 ),
 ( #540, #879, #3657 ),
 ( #1216, #2265, #315 ),
 ( #1680, #2586, #4096 ),
 ( #1019, #2009, #655 ),
 ( #2350, #680, #3980 ),
 ( #1924, #3312, #2375 ),
 ( #1560, #3798, #859 ),
 ( #3744, #3405, #286 ),
 ( #2722, #2401, #2036 ),
 ( #2241, #3634, #1901 ),
 ( #3433, #3458, #3110 ),
 ( #1731, #4508, #1381 ),
 ( #2771, #339, #2652 ),
 ( #900, #240, #2945 ),
 ( #1634, #3678, #3020 ),
 ( #165, #4050, #3632 ),
 ( #3286, #1541, #516 ),
 ( #606, #1611, #1558 ),
 ( #4370, #1288, #1239 ),
 ( #2925, #4416, #4346 ),
 ( #1584, #925, #2676 ),
 ( #4325, #2286, #1214 ),
 ( #2309, #188, #857 ),
 ( #2606, #2262, #1193 ),
 ( #876, #3359, #2627 ),
 ( #4076, #2584, #214 ),
 ( #3654, #3701, #3999 ),
 ( #562, #584, #4023 ),
 ( #1967, #2995, #538 ),
 ( #4393, #1946, #3310 ),
 ( #950, #3336, #1922 ),
 ( #2330, #3724, #2968 ),
 ( #1989, #147, #1264 ),
 ( #3978, #2239, #1899 ),
 ( #1065, #729, #686 ),
 ( #4151, #2754, #319 ),
 ( #1757, #3438, #2431 ),
 ( #3114, #367, #1001 ),
 ( #1340, #3136, #16 ),
 ( #3827, #1408, #2728 ),
 ( #3092, #2453, #2382 ),
 ( #3382, #1711, #4125 ),
 ( #266, #2354, #3803 ),
 ( #343, #291, #2798 ),
 ( #4193, #4489, #3777 ),
 ( #3483, #1685, #3849 ),
 ( #2775, #1657, #3041 ),
 ( #1386, #632, #3410 ),
 ( #1363, #1736, #4172 ),
 ( #4439, #1314, #2066 ),
 ( #3749, #2700, #660 ),
 ( #4100, #1023, #975 ),
 ( #1044, #3067, #2014 ),
 ( #707, #2406, #2041 ),
 ( #4513, #4464, #3462 ),
 ( #2090, #769, #102 ),
 ( #2518, #2496, #3913 ),
 ( #3935, #3891, #3572 ) ),
 .UNSPECIFIED., .F., .F., .T. ) 
 B_SPLINE_SURFACE_WITH_KNOTS ( ( 4, 1, 1, 1, 1, 1, 1, 1, 1, 1, 1, 1, 1, 1, 1, 1, 1, 1, 1, 1, 1, 1, 1, 1, 1, 1, 1, 1, 1, 1, 1, 1, 1, 1, 1, 1, 1, 1, 1, 1, 1, 1, 1, 1, 1, 1, 1, 1, 1, 1, 1, 1, 1, 1, 1, 1, 1, 1, 1, 1, 1, 1, 1, 1, 1, 1, 1, 1, 1, 1, 1, 1, 1, 1, 1, 1, 1, 1, 1, 1, 1, 1, 1, 1, 1, 1, 1, 1, 1, 1, 1, 1, 1, 1, 1, 1, 1, 1, 1, 1, 1, 1, 1, 1, 1, 1, 1, 1, 1, 1, 1, 1, 1, 1, 1, 1, 1, 1, 1, 1, 1, 1, 1, 1, 4 ),
 ( 3, 3 ),
 ( 0.1142468479180720059, 0.1146265589363289900, 0.1150062699545870010, 0.1151961254637160065, 0.1153859809728449981, 0.1155758364819740036, 0.1156707642365379929, 0.1157182281138200014, 0.1157419600524619979, 0.1157656919911029952, 0.1158131558683850038, 0.1158606197456669984, 0.1159555475002320007, 0.1160504752547960039, 0.1161454030093599932, 0.1163352585184889987, 0.1165251140276180042, 0.1172845360641339985, 0.1180439581006489935, 0.1188033801371649878, 0.1195628021736800106, 0.1203222242101959910, 0.1210816462467110000, 0.1218410682832269942, 0.1226004903197420032, 0.1233599123562579974, 0.1248787564292890007, 0.1263976005023200178, 0.1271570225388349851, 0.1279164445753510071, 0.1294352886483809972, 0.1309541327214120143, 0.1324729767944430037, 0.1339918208674739930, 0.1355106649405049823, 0.1370295090135359994, 0.1385483530865670165, 0.1415860412326290230, 0.1446237293786910016, 0.1476614175247530081, 0.1506991056708149868, 0.1537367938168769932, 0.1567744819629389996, 0.1598121701090010061, 0.1628498582550630125, 0.1658875464011249912, 0.1689252345471869976, 0.1719629226932490040, 0.1734817667662800211, 0.1750006108393110105, 0.1765194549123419998, 0.1780382989853729891, 0.1795571430584040062, 0.1803165650949190013, 0.1810759871314349956, 0.1818354091679500184, 0.1825948312044660127, 0.1833542532409810077, 0.1837339642592389910, 0.1841136752774970020, 0.1844933862957539861, 0.1848730973140120248, 0.1852528083322699803, 0.1856325193505279914, 0.1860122303687850032, 0.1862020858779140087, 0.1863919413870430142, 0.1865817968961719919, 0.1867716524053009974, 0.1869615079144300029, 0.1870564356689939922, 0.1871513634235589807, 0.1872462911781229977, 0.1873412189326869870, 0.1873886828099700086, 0.1874361466872520032, 0.1874836105645339979, 0.1875310744418159925, 0.1875785383190979871, 0.1876022702577400114, 0.1876260021963809810, 0.1876497341350220061, 0.1876734660736630034, 0.1877209299509449980, 0.1877683938282269926, 0.1878158577055100142, 0.1878633215827920089, 0.1879107854600740035, 0.1880057132146380205, 0.1881006409692030090, 0.1881955687237669983, 0.1882904964783320145, 0.1884803519874610200, 0.1886702074965900255, 0.1888600630057180041, 0.1890499185148470096, 0.1892397740239759873, 0.1894296295331049929, 0.1898093405513630039, 0.1901890515696200157, 0.1905687625878779989, 0.1909484736061360100, 0.1913281846243939932, 0.1917078956426510050, 0.1924673176791669993, 0.1932267397156820221, 0.1939861617521979886, 0.1947455837887130115, 0.1955050058252290057, 0.1962644278617440008, 0.1977832719347749901, 0.1993021160078060072, 0.2008209600808369966, 0.2023398041538679859, 0.2038586482268990030, 0.2053774922999300201, 0.2068963363729610094, 0.2084151804459919988, 0.2091746024825079930, 0.2099340245190230159, 0.2103137355372809991, 0.2106934465555389824, 0.2108833020646679879, 0.2110731575737959942, 0.2114528685920540052 ),
 ( 0.000000000000000000, 1.000000000000000000 ),
 .UNSPECIFIED. ) 
 GEOMETRIC_REPRESENTATION_ITEM ( )  RATIONAL_B_SPLINE_SURFACE ( (
 ( 1.000000000000000000, 0.7071067811865480168, 1.000000000000000000),
 ( 1.000000000000000000, 0.7071067811865480168, 1.000000000000000000),
 ( 1.000000000000000000, 0.7071067811865480168, 1.000000000000000000),
 ( 1.000000000000000000, 0.7071067811865480168, 1.000000000000000000),
 ( 1.000000000000000000, 0.7071067811865480168, 1.000000000000000000),
 ( 1.000000000000000000, 0.7071067811865470176, 1.000000000000000000),
 ( 1.000000000000000000, 0.7071067811865470176, 1.000000000000000000),
 ( 1.000000000000000000, 0.7071067811865480168, 1.000000000000000000),
 ( 1.000000000000000000, 0.7071067811865480168, 1.000000000000000000),
 ( 1.000000000000000000, 0.7071067811865480168, 1.000000000000000000),
 ( 1.000000000000000000, 0.7071067811865480168, 1.000000000000000000),
 ( 1.000000000000000000, 0.7071067811865480168, 1.000000000000000000),
 ( 1.000000000000000000, 0.7071067811865470176, 1.000000000000000000),
 ( 1.000000000000000000, 0.7071067811865470176, 1.000000000000000000),
 ( 1.000000000000000000, 0.7071067811865480168, 1.000000000000000000),
 ( 1.000000000000000000, 0.7071067811865480168, 1.000000000000000000),
 ( 1.000000000000000000, 0.7071067811865480168, 1.000000000000000000),
 ( 1.000000000000000000, 0.7071067811865480168, 1.000000000000000000),
 ( 1.000000000000000000, 0.7071067811865480168, 1.000000000000000000),
 ( 1.000000000000000000, 0.7071067811865480168, 1.000000000000000000),
 ( 1.000000000000000000, 0.7071067811865470176, 1.000000000000000000),
 ( 1.000000000000000000, 0.7071067811865470176, 1.000000000000000000),
 ( 1.000000000000000000, 0.7071067811865470176, 1.000000000000000000),
 ( 1.000000000000000000, 0.7071067811865470176, 1.000000000000000000),
 ( 1.000000000000000000, 0.7071067811865480168, 1.000000000000000000),
 ( 1.000000000000000000, 0.7071067811865470176, 1.000000000000000000),
 ( 1.000000000000000000, 0.7071067811865480168, 1.000000000000000000),
 ( 1.000000000000000000, 0.7071067811865470176, 1.000000000000000000),
 ( 1.000000000000000000, 0.7071067811865480168, 1.000000000000000000),
 ( 1.000000000000000000, 0.7071067811865470176, 1.000000000000000000),
 ( 1.000000000000000000, 0.7071067811865480168, 1.000000000000000000),
 ( 1.000000000000000000, 0.7071067811865470176, 1.000000000000000000),
 ( 1.000000000000000000, 0.7071067811865480168, 1.000000000000000000),
 ( 1.000000000000000000, 0.7071067811865470176, 1.000000000000000000),
 ( 1.000000000000000000, 0.7071067811865480168, 1.000000000000000000),
 ( 1.000000000000000000, 0.7071067811865480168, 1.000000000000000000),
 ( 1.000000000000000000, 0.7071067811865480168, 1.000000000000000000),
 ( 1.000000000000000000, 0.7071067811865480168, 1.000000000000000000),
 ( 1.000000000000000000, 0.7071067811865470176, 1.000000000000000000),
 ( 1.000000000000000000, 0.7071067811865480168, 1.000000000000000000),
 ( 1.000000000000000000, 0.7071067811865480168, 1.000000000000000000),
 ( 1.000000000000000000, 0.7071067811865480168, 1.000000000000000000),
 ( 1.000000000000000000, 0.7071067811865480168, 1.000000000000000000),
 ( 1.000000000000000000, 0.7071067811865470176, 1.000000000000000000),
 ( 1.000000000000000000, 0.7071067811865480168, 1.000000000000000000),
 ( 1.000000000000000000, 0.7071067811865480168, 1.000000000000000000),
 ( 1.000000000000000000, 0.7071067811865480168, 1.000000000000000000),
 ( 1.000000000000000000, 0.7071067811865470176, 1.000000000000000000),
 ( 1.000000000000000000, 0.7071067811865470176, 1.000000000000000000),
 ( 1.000000000000000000, 0.7071067811865480168, 1.000000000000000000),
 ( 1.000000000000000000, 0.7071067811865480168, 1.000000000000000000),
 ( 1.000000000000000000, 0.7071067811865480168, 1.000000000000000000),
 ( 1.000000000000000000, 0.7071067811865470176, 1.000000000000000000),
 ( 1.000000000000000000, 0.7071067811865480168, 1.000000000000000000),
 ( 1.000000000000000000, 0.7071067811865480168, 1.000000000000000000),
 ( 1.000000000000000000, 0.7071067811865480168, 1.000000000000000000),
 ( 1.000000000000000000, 0.7071067811865480168, 1.000000000000000000),
 ( 1.000000000000000000, 0.7071067811865470176, 1.000000000000000000),
 ( 1.000000000000000000, 0.7071067811865480168, 1.000000000000000000),
 ( 1.000000000000000000, 0.7071067811865480168, 1.000000000000000000),
 ( 1.000000000000000000, 0.7071067811865480168, 1.000000000000000000),
 ( 1.000000000000000000, 0.7071067811865480168, 1.000000000000000000),
 ( 1.000000000000000000, 0.7071067811865480168, 1.000000000000000000),
 ( 1.000000000000000000, 0.7071067811865480168, 1.000000000000000000),
 ( 1.000000000000000000, 0.7071067811865480168, 1.000000000000000000),
 ( 1.000000000000000000, 0.7071067811865480168, 1.000000000000000000),
 ( 1.000000000000000000, 0.7071067811865480168, 1.000000000000000000),
 ( 1.000000000000000000, 0.7071067811865470176, 1.000000000000000000),
 ( 1.000000000000000000, 0.7071067811865480168, 1.000000000000000000),
 ( 1.000000000000000000, 0.7071067811865480168, 1.000000000000000000),
 ( 1.000000000000000000, 0.7071067811865470176, 1.000000000000000000),
 ( 1.000000000000000000, 0.7071067811865480168, 1.000000000000000000),
 ( 1.000000000000000000, 0.7071067811865470176, 1.000000000000000000),
 ( 1.000000000000000000, 0.7071067811865470176, 1.000000000000000000),
 ( 1.000000000000000000, 0.7071067811865480168, 1.000000000000000000),
 ( 1.000000000000000000, 0.7071067811865470176, 1.000000000000000000),
 ( 1.000000000000000000, 0.7071067811865480168, 1.000000000000000000),
 ( 1.000000000000000000, 0.7071067811865470176, 1.000000000000000000),
 ( 1.000000000000000000, 0.7071067811865490160, 1.000000000000000000),
 ( 1.000000000000000000, 0.7071067811865470176, 1.000000000000000000),
 ( 1.000000000000000000, 0.7071067811865480168, 1.000000000000000000),
 ( 1.000000000000000000, 0.7071067811865480168, 1.000000000000000000),
 ( 1.000000000000000000, 0.7071067811865470176, 1.000000000000000000),
 ( 1.000000000000000000, 0.7071067811865490160, 1.000000000000000000),
 ( 1.000000000000000000, 0.7071067811865470176, 1.000000000000000000),
 ( 1.000000000000000000, 0.7071067811865480168, 1.000000000000000000),
 ( 1.000000000000000000, 0.7071067811865470176, 1.000000000000000000),
 ( 1.000000000000000000, 0.7071067811865480168, 1.000000000000000000),
 ( 1.000000000000000000, 0.7071067811865480168, 1.000000000000000000),
 ( 1.000000000000000000, 0.7071067811865480168, 1.000000000000000000),
 ( 1.000000000000000000, 0.7071067811865480168, 1.000000000000000000),
 ( 1.000000000000000000, 0.7071067811865470176, 1.000000000000000000),
 ( 1.000000000000000000, 0.7071067811865480168, 1.000000000000000000),
 ( 1.000000000000000000, 0.7071067811865470176, 1.000000000000000000),
 ( 1.000000000000000000, 0.7071067811865480168, 1.000000000000000000),
 ( 1.000000000000000000, 0.7071067811865480168, 1.000000000000000000),
 ( 1.000000000000000000, 0.7071067811865480168, 1.000000000000000000),
 ( 1.000000000000000000, 0.7071067811865460184, 1.000000000000000000),
 ( 1.000000000000000000, 0.7071067811865490160, 1.000000000000000000),
 ( 1.000000000000000000, 0.7071067811865460184, 1.000000000000000000),
 ( 1.000000000000000000, 0.7071067811865480168, 1.000000000000000000),
 ( 1.000000000000000000, 0.7071067811865470176, 1.000000000000000000),
 ( 1.000000000000000000, 0.7071067811865480168, 1.000000000000000000),
 ( 1.000000000000000000, 0.7071067811865470176, 1.000000000000000000),
 ( 1.000000000000000000, 0.7071067811865480168, 1.000000000000000000),
 ( 1.000000000000000000, 0.7071067811865470176, 1.000000000000000000),
 ( 1.000000000000000000, 0.7071067811865480168, 1.000000000000000000),
 ( 1.000000000000000000, 0.7071067811865480168, 1.000000000000000000),
 ( 1.000000000000000000, 0.7071067811865470176, 1.000000000000000000),
 ( 1.000000000000000000, 0.7071067811865480168, 1.000000000000000000),
 ( 1.000000000000000000, 0.7071067811865470176, 1.000000000000000000),
 ( 1.000000000000000000, 0.7071067811865480168, 1.000000000000000000),
 ( 1.000000000000000000, 0.7071067811865470176, 1.000000000000000000),
 ( 1.000000000000000000, 0.7071067811865480168, 1.000000000000000000),
 ( 1.000000000000000000, 0.7071067811865460184, 1.000000000000000000),
 ( 1.000000000000000000, 0.7071067811865490160, 1.000000000000000000),
 ( 1.000000000000000000, 0.7071067811865470176, 1.000000000000000000),
 ( 1.000000000000000000, 0.7071067811865480168, 1.000000000000000000),
 ( 1.000000000000000000, 0.7071067811865470176, 1.000000000000000000),
 ( 1.000000000000000000, 0.7071067811865470176, 1.000000000000000000),
 ( 1.000000000000000000, 0.7071067811865480168, 1.000000000000000000),
 ( 1.000000000000000000, 0.7071067811865480168, 1.000000000000000000),
 ( 1.000000000000000000, 0.7071067811865470176, 1.000000000000000000),
 ( 1.000000000000000000, 0.7071067811865480168, 1.000000000000000000),
 ( 1.000000000000000000, 0.7071067811865470176, 1.000000000000000000),
 ( 1.000000000000000000, 0.7071067811865480168, 1.000000000000000000),
 ( 1.000000000000000000, 0.7071067811865480168, 1.000000000000000000) ) ) 
 REPRESENTATION_ITEM ( '' )  SURFACE ( )  );
#3132 = ORIENTED_EDGE ( 'NONE', *, *, #34, .T. ) ;
#3133 = CARTESIAN_POINT ( 'NONE',  ( -21.83722406390289805, -4.643912947079499531, 38.00000000000000000 ) ) ;
#3134 = CARTESIAN_POINT ( 'NONE',  ( -23.68281634643030031, 14.07343736306170001, 38.00000000000000000 ) ) ;
#3135 = DIRECTION ( 'NONE',  ( 0.000000000000000000, 0.000000000000000000, -1.000000000000000000 ) ) ;
#3136 = CARTESIAN_POINT ( 'NONE',  ( -89.78992555814801335, 12.50000000000000178, 82.98709207218735173 ) ) ;
#3137 = CARTESIAN_POINT ( 'NONE',  ( -6.337783975554157401, 6.789303188260594979, 42.10224222023294516 ) ) ;
#3138 = CARTESIAN_POINT ( 'NONE',  ( -34.21912786213560054, -12.50000000000000000, 71.16485376560540033 ) ) ;
#3139 = CARTESIAN_POINT ( 'NONE',  ( -35.08768393716884759, 5.936927909824907701, 37.86715036352713071 ) ) ;
#3140 = CARTESIAN_POINT ( 'NONE',  ( -47.23418766652999778, -12.49999999999830003, 59.44893644566040081 ) ) ;
#3141 = CARTESIAN_POINT ( 'NONE',  ( -78.78740845301659590, -12.50000000000000000, 83.71605627484329659 ) ) ;
#3142 = CARTESIAN_POINT ( 'NONE',  ( -32.92334234303865514, 10.21740112547607815, 36.83789321861400623 ) ) ;
#3143 = CARTESIAN_POINT ( 'NONE',  ( -35.21268041984160391, 4.500000000000000000, 40.46998048732630338 ) ) ;
#3144 = CARTESIAN_POINT ( 'NONE',  ( -38.11170440637480539, 12.50000000001350031, 55.59389692352969803 ) ) ;
#3145 = CARTESIAN_POINT ( 'NONE',  ( -85.87915578512479442, -12.49999999978770049, 72.76139273544329455 ) ) ;
#3146 = ORIENTED_EDGE ( 'NONE', *, *, #3069, .T. ) ;
#3147 = EDGE_CURVE ( 'NONE', #4168, #3384, #949, .T. ) ;
#3148 = CARTESIAN_POINT ( 'NONE',  ( -82.32777854889863534, -6.537506624564628055, 91.16981932052593152 ) ) ;
#3149 = CARTESIAN_POINT ( 'NONE',  ( -77.07749028247519618, -4.500000000000000000, 96.79661128810619175 ) ) ;
#3150 = CARTESIAN_POINT ( 'NONE',  ( -6.837932202572919671, 4.637480159892989562, 37.96297153071279951 ) ) ;
#3151 = CARTESIAN_POINT ( 'NONE',  ( -33.60388573658990197, -12.65000000000000036, 37.02910231161139620 ) ) ;
#3152 = EDGE_LOOP ( 'NONE', ( #4226, #4388, #2989, #3401 ) ) ;
#3153 = CARTESIAN_POINT ( 'NONE',  ( -81.47378521523586414, -12.50000000000000178, 60.60303146640553251 ) ) ;
#3154 = CARTESIAN_POINT ( 'NONE',  ( -81.87110285189089609, 12.49999999999910116, 80.19673508809479756 ) ) ;
#3155 = VECTOR ( 'NONE', #506, 1000.000000000000000 ) ;
#3156 = CARTESIAN_POINT ( 'NONE',  ( -27.21692930468629967, 12.50000000000000000, 37.40766625019740133 ) ) ;
#3157 = CARTESIAN_POINT ( 'NONE',  ( -34.72681761582706628, -7.333789216071802564, 37.59404931995087651 ) ) ;
#3158 = CARTESIAN_POINT ( 'NONE',  ( -36.16864102637700285, -1.961174539069226785, 43.30254324620856465 ) ) ;
#3159 = CARTESIAN_POINT ( 'NONE',  ( -6.610308517230988556, 6.232237976225793119, 41.81344692745649638 ) ) ;
#3160 = CARTESIAN_POINT ( 'NONE',  ( -21.50572447315520108, -12.49999999797980088, 62.53065813845569210 ) ) ;
#3161 = CARTESIAN_POINT ( 'NONE',  ( -35.17903359454439283, 5.235586851029825795, 37.95796063394251973 ) ) ;
#3162 = CARTESIAN_POINT ( 'NONE',  ( -35.89092665542369787, -12.49999999997760014, 54.23082715456519765 ) ) ;
#3163 = CARTESIAN_POINT ( 'NONE',  ( -85.80327472344680473, -12.50000000000000000, 73.37854834396530634 ) ) ;
#3164 = CARTESIAN_POINT ( 'NONE',  ( -35.43951988756907667, 1.688521398762480308, 41.52601697885148013 ) ) ;
#3165 = CARTESIAN_POINT ( 'NONE',  ( -36.19898544664620488, 4.500000000000000000, 43.37280616631510100 ) ) ;
#3166 = CARTESIAN_POINT ( 'NONE',  ( -39.60764520065419703, 12.49999999965640107, 56.38506371700309927 ) ) ;
#3167 = CARTESIAN_POINT ( 'NONE',  ( -85.66942834127030437, -12.49999999986439825, 72.15241935192891276 ) ) ;
#3168 = VERTEX_POINT ( 'NONE', #3326 ) ;
#3169 = LINE ( 'NONE', #2467, #4133 ) ;
#3170 = CARTESIAN_POINT ( 'NONE',  ( -91.25399295103663633, -9.629863748252274647, 76.57690495489460147 ) ) ;
#3171 = CARTESIAN_POINT ( 'NONE',  ( -90.28035819084935554, 10.00000000000000178, 77.94234098580459147 ) ) ;
#3172 = CARTESIAN_POINT ( 'NONE',  ( -6.520799864395430134, 8.495783317895957865, 45.36889291657452361 ) ) ;
#3173 = CARTESIAN_POINT ( 'NONE',  ( -58.23931677698720222, -4.500000000000000000, 54.28325838891760213 ) ) ;
#3174 = CARTESIAN_POINT ( 'NONE',  ( -74.01991814343899989, 12.50000000000000000, 88.36973757658370232 ) ) ;
#3175 = CARTESIAN_POINT ( 'NONE',  ( -74.20242041806548627, -12.50000000000000000, 88.20220219967229980 ) ) ;
#3176 = CARTESIAN_POINT ( 'NONE',  ( -34.70817105319851237, -7.386195891443078310, 37.58151971390309853 ) ) ;
#3177 = CARTESIAN_POINT ( 'NONE',  ( -24.55403463204509862, -4.632813184691680242, 37.89251175334720045 ) ) ;
#3178 = CARTESIAN_POINT ( 'NONE',  ( -36.39974796460028017, -1.874183985470194713, 43.69961660843208762 ) ) ;
#3179 = CARTESIAN_POINT ( 'NONE',  ( -38.76709288840340406, -12.50000000000000000, 74.56000685309989251 ) ) ;
#3180 = CARTESIAN_POINT ( 'NONE',  ( -8.461826075181809514, 4.500000000000000000, 64.36478362750889914 ) ) ;
#3181 = CARTESIAN_POINT ( 'NONE',  ( -33.62443622068410320, -12.49999999996249933, 52.52503253732489696 ) ) ;
#3182 =( BOUNDED_CURVE ( )  B_SPLINE_CURVE ( 3, ( #1437, #395, #2844, #2825 ),
 .UNSPECIFIED., .F., .T. ) 
 B_SPLINE_CURVE_WITH_KNOTS ( ( 4, 4 ),
 ( 0.000000000000000000, 0.7580407654262357742 ),
 .UNSPECIFIED. ) 
 CURVE ( )  GEOMETRIC_REPRESENTATION_ITEM ( )  RATIONAL_B_SPLINE_CURVE ( ( 1.000000000000000000, 0.9526850333505351154, 0.9526850333505351154, 1.000000000000000000 ) ) 
 REPRESENTATION_ITEM ( '' )  );
#3183 = APPLICATION_CONTEXT ( 'automotive_design' ) ;
#3184 = CARTESIAN_POINT ( 'NONE',  ( -91.71334991538464010, -12.50000000000000355, 79.93324723028145229 ) ) ;
#3185 = CARTESIAN_POINT ( 'NONE',  ( -35.31441649979456088, 1.309651838142729341, 41.02101173955190916 ) ) ;
#3186 = CARTESIAN_POINT ( 'NONE',  ( -86.05183314078709600, 4.500000000000000000, 62.61824526760710796 ) ) ;
#3187 = CARTESIAN_POINT ( 'NONE',  ( -36.30258198111789625, 12.50000000000000000, 54.50381392692770532 ) ) ;
#3188 = CARTESIAN_POINT ( 'NONE',  ( -85.52873980266920739, -12.49999999948260054, 71.97212074752530953 ) ) ;
#3189 = ADVANCED_FACE ( 'NONE', ( #1535 ), #1256, .F. ) ;
#3190 = CARTESIAN_POINT ( 'NONE',  ( -13.75436083365409878, 12.50000000000000000, 38.00000000000000000 ) ) ;
#3191 = EDGE_CURVE ( 'NONE', #3773, #2032, #3609, .T. ) ;
#3192 = ORIENTED_EDGE ( 'NONE', *, *, #3549, .F. ) ;
#3193 = CARTESIAN_POINT ( 'NONE',  ( -8.477282747713557498, 10.51725023433261796, 61.31589357901489734 ) ) ;
#3194 = DIRECTION ( 'NONE',  ( -0.9510565162951518658, 0.000000000000000000, 0.3090169943749530024 ) ) ;
#3195 = CARTESIAN_POINT ( 'NONE',  ( -27.43266782031230022, -4.632813184691680242, 37.35796251903820320 ) ) ;
#3196 = CARTESIAN_POINT ( 'NONE',  ( -82.37989068994856723, 6.274994542145425847, 91.19109873809273381 ) ) ;
#3197 = CARTESIAN_POINT ( 'NONE',  ( -77.35038696465119301, 12.50000000000040146, 85.18763027353800510 ) ) ;
#3198 = CARTESIAN_POINT ( 'NONE',  ( -78.53556628683709562, -12.49999999998149924, 83.97403441642128996 ) ) ;
#3199 = CARTESIAN_POINT ( 'NONE',  ( -34.72777096215008186, -7.331087804731421187, 37.59469120662582498 ) ) ;
#3200 = CARTESIAN_POINT ( 'NONE',  ( -35.24261575178530137, -4.500000000000000000, 37.64943721102959984 ) ) ;
#3201 = CARTESIAN_POINT ( 'NONE',  ( -35.40254607305835322, -1.607619437946715690, 41.39001688483241992 ) ) ;
#3202 = CARTESIAN_POINT ( 'NONE',  ( -85.30719267429789454, 12.50000000000620126, 71.73021449989380471 ) ) ;
#3203 = CARTESIAN_POINT ( 'NONE',  ( -16.77387345285750087, -12.50000000000350120, 59.75639647531129839 ) ) ;
#3204 = CARTESIAN_POINT ( 'NONE',  ( -34.18443070566734576, 8.548392030666512653, 37.27709192037228547 ) ) ;
#3205 = CARTESIAN_POINT ( 'NONE',  ( -38.11130112222390665, -12.50000000001350031, 55.59367213533680285 ) ) ;
#3206 = CARTESIAN_POINT ( 'NONE',  ( -89.79000230129476279, -12.50000000000000355, 82.98698364310527609 ) ) ;
#3207 = CARTESIAN_POINT ( 'NONE',  ( -27.64709971726090032, 4.632813184691689123, 37.30804917168629942 ) ) ;
#3208 = CARTESIAN_POINT ( 'NONE',  ( -44.28838354149840484, 12.50000000000000000, 58.43586337617159643 ) ) ;
#3209 = CARTESIAN_POINT ( 'NONE',  ( -71.90762498674659753, 12.49999999999960032, 65.94857419108120666 ) ) ;
#3210 = CARTESIAN_POINT ( 'NONE',  ( -85.81438958242659965, -12.49999999698359865, 72.39238493983670253 ) ) ;
#3211 = CARTESIAN_POINT ( 'NONE',  ( -5.769252519532687806, -5.063960293991213391, 62.99070609204996174 ) ) ;
#3212 = ADVANCED_BREP_SHAPE_REPRESENTATION ( 'Handle_SO101', ( #416, #3399 ), #1658 ) ;
#3213 = CARTESIAN_POINT ( 'NONE',  ( -6.438506058350013994, 7.737064455864540058, 62.57497759369777413 ) ) ;
#3214 = CARTESIAN_POINT ( 'NONE',  ( -7.062363296652609534, -5.865207421354930339, 41.75000000000000000 ) ) ;
#3215 = CARTESIAN_POINT ( 'NONE',  ( -75.32651982604237162, 11.26133374202592741, 92.94803196611886165 ) ) ;
#3216 = EDGE_CURVE ( 'NONE', #1651, #11, #851, .T. ) ;
#3217 = CARTESIAN_POINT ( 'NONE',  ( -81.56966555142683717, 8.404258287246234360, 90.86025224630807884 ) ) ;
#3218 = CARTESIAN_POINT ( 'NONE',  ( -78.03370688189390592, 12.49999999999439915, 84.49249221588080161 ) ) ;
#3219 = AXIS2_PLACEMENT_3D ( 'NONE', #2327, #4436, #2063 ) ;
#3220 = LINE ( 'NONE', #3548, #2197 ) ;
#3221 = CARTESIAN_POINT ( 'NONE',  ( -34.69799072071036505, -7.414240374486515961, 37.57472073952352076 ) ) ;
#3222 = CARTESIAN_POINT ( 'NONE',  ( -78.84296529473388659, 4.499999999779407567, 94.83648411912257359 ) ) ;
#3223 = CARTESIAN_POINT ( 'NONE',  ( -36.10101052401544308, -1.978762562584153173, 43.17722548069045985 ) ) ;
#3224 = CARTESIAN_POINT ( 'NONE',  ( -85.40800045425650922, 12.49999999995760014, 71.83586414288849653 ) ) ;
#3225 = CARTESIAN_POINT ( 'NONE',  ( -29.78562809492120067, -12.49999999999209876, 67.96771569618719866 ) ) ;
#3226 = CARTESIAN_POINT ( 'NONE',  ( -6.915973096928469843, 4.500000000000000000, 63.57770733110279338 ) ) ;
#3227 = CARTESIAN_POINT ( 'NONE',  ( -37.65817685153169947, -12.49999999999949907, 55.33683183436299657 ) ) ;
#3228 = CARTESIAN_POINT ( 'NONE',  ( -90.89862588843099900, -4.500000000000000000, 81.32625951870629422 ) ) ;
#3229 = CARTESIAN_POINT ( 'NONE',  ( -6.754360833654099672, -4.500000000000000000, 42.75000000000000000 ) ) ;
#3230 = CARTESIAN_POINT ( 'NONE',  ( -44.60219818231461630, 12.50000000000000355, 49.92467342641393202 ) ) ;
#3231 = CARTESIAN_POINT ( 'NONE',  ( -63.63325424639630512, 12.50000000000000000, 63.83949964104200347 ) ) ;
#3232 = CARTESIAN_POINT ( 'NONE',  ( -85.59119942532120717, -12.49999999937529971, 72.04839071154110286 ) ) ;
#3233 = CARTESIAN_POINT ( 'NONE',  ( -5.754360833654099672, -4.500000000000000000, 63.00000000000000000 ) ) ;
#3234 = CARTESIAN_POINT ( 'NONE',  ( -7.829389902295115888, 9.876897181562137362, 61.71490582549292725 ) ) ;
#3235 = CARTESIAN_POINT ( 'NONE',  ( -7.193739259141709752, 6.000000000931669852, 41.75000000000000000 ) ) ;
#3236 = DIRECTION ( 'NONE',  ( 0.3090169943749506154, 0.000000000000000000, 0.9510565162951525320 ) ) ;
#3237 = CARTESIAN_POINT ( 'NONE',  ( -31.60429452517529825, -12.65000000000000036, 36.69177704805580476 ) ) ;
#3238 = CARTESIAN_POINT ( 'NONE',  ( -37.65258487100637552, 0.7280211820804745049, 45.33092131987506690 ) ) ;
#3239 = CARTESIAN_POINT ( 'NONE',  ( -85.65320760022959234, -12.49999999998470024, 73.93645824441169623 ) ) ;
#3240 = APPLICATION_PROTOCOL_DEFINITION ( 'draft international standard', 'automotive_design', 1998, #12 ) ;
#3241 = CARTESIAN_POINT ( 'NONE',  ( -27.25433723880269810, -12.50000000000000000, 37.06869938221839789 ) ) ;
#3242 = CARTESIAN_POINT ( 'NONE',  ( -36.46587508014926016, -1.842473696259119942, 43.80534297931927767 ) ) ;
#3243 = EDGE_LOOP ( 'NONE', ( #207, #3353, #1878, #2485 ) ) ;
#3244 = CARTESIAN_POINT ( 'NONE',  ( -85.57074647679789337, 12.49999999937369921, 72.02289846994619893 ) ) ;
#3245 = CARTESIAN_POINT ( 'NONE',  ( -67.95383818904019790, -12.49999999999880096, 87.83723864131900427 ) ) ;
#3246 = CARTESIAN_POINT ( 'NONE',  ( -15.35912738690710100, 12.50000000000000000, 58.96745891915349347 ) ) ;
#3247 = CARTESIAN_POINT ( 'NONE',  ( -41.49421627567450344, -12.50000000000030020, 57.26653811088110047 ) ) ;
#3248 = CARTESIAN_POINT ( 'NONE',  ( -76.61209958586000823, -4.500000000000000000, 96.77448257329498915 ) ) ;
#3249 = CARTESIAN_POINT ( 'NONE',  ( -49.74118561118802972, 12.50000000000000178, 51.87008261191478908 ) ) ;
#3250 = CARTESIAN_POINT ( 'NONE',  ( -60.01176654945660260, 12.50000000000090061, 62.96157772545159048 ) ) ;
#3251 =( GEOMETRIC_REPRESENTATION_CONTEXT ( 3 ) GLOBAL_UNCERTAINTY_ASSIGNED_CONTEXT ( ( #2853 ) ) GLOBAL_UNIT_ASSIGNED_CONTEXT ( ( #3754, #637, #4515 ) ) REPRESENTATION_CONTEXT ( 'NONE', 'WORKASPACE' ) );
#3252 = CARTESIAN_POINT ( 'NONE',  ( -84.90298425446350450, -12.49999999999729994, 71.35803823478988761 ) ) ;
#3253 = CARTESIAN_POINT ( 'NONE',  ( -78.41259824063030237, -4.500000000000000000, 59.53662206973299220 ) ) ;
#3254 = AXIS2_PLACEMENT_3D ( 'NONE', #4453, #3692, #4064 ) ;
#3255 = CARTESIAN_POINT ( 'NONE',  ( -11.69084417839018286, 12.23022251340946909, 59.35430897052015808 ) ) ;
#3256 = CARTESIAN_POINT ( 'NONE',  ( -6.754360833654099672, 4.500000000000000000, 41.75000000000000000 ) ) ;
#3257 = ADVANCED_FACE ( 'NONE', ( #232 ), #1638, .F. ) ;
#3258 = CARTESIAN_POINT ( 'NONE',  ( -80.36748613086885484, 10.00000000000000000, 90.36935554997371867 ) ) ;
#3259 = CARTESIAN_POINT ( 'NONE',  ( -74.42648479458794952, -12.31945989724605184, 90.28409350425016555 ) ) ;
#3260 = CARTESIAN_POINT ( 'NONE',  ( -36.39154663371792964, 1.878589391737070180, 43.68707936777359890 ) ) ;
#3261 = CARTESIAN_POINT ( 'NONE',  ( -85.05975979576439272, -12.49999999998370015, 75.38823897144790465 ) ) ;
#3262 = CARTESIAN_POINT ( 'NONE',  ( -35.21011152972562286, -12.50000000000000178, 37.91681546516330314 ) ) ;
#3263 = CARTESIAN_POINT ( 'NONE',  ( -34.63805106891069840, 7.594736884801660537, 38.00539823872090039 ) ) ;
#3264 = ORIENTED_EDGE ( 'NONE', *, *, #3423, .T. ) ;
#3265 = CARTESIAN_POINT ( 'NONE',  ( -85.26096491668209865, 12.50000000000000000, 71.68403795851209281 ) ) ;
#3266 = CARTESIAN_POINT ( 'NONE',  ( -73.47490228948019819, -12.50000000000000000, 88.50442813768290762 ) ) ;
#3267 = CARTESIAN_POINT ( 'NONE',  ( -40.88366232684629864, 12.50000000000000000, 76.14715598193630797 ) ) ;
#3268 = CARTESIAN_POINT ( 'NONE',  ( -27.42823500907769940, -12.49999999999979927, 42.38361018156610527 ) ) ;
#3269 = CARTESIAN_POINT ( 'NONE',  ( -6.392082245492839654, -7.629992613045430083, 42.74999857402559655 ) ) ;
#3270 = B_SPLINE_CURVE_WITH_KNOTS ( 'NONE', 3,
 ( #257, #964, #2343, #3738, #620, #2714, #2573, #2896, #3606, #4296, #2553, #2958, #1163, #1512, #3238, #4383, #1912, #890, #2618, #3989, #3279, #4337, #528, #4012, #508, #3968, #157, #2275, #3668, #3298, #3644, #1205, #2596, #848, #808, #3588, #3949, #551, #178, #827, #1936, #2210, #201, #1184, #3324, #1598, #2983, #3624, #489, #1573, #1855, #867, #2253, #1254, #3931, #1874, #3260, #2916, #2190, #138, #1892, #1532, #4316, #2230, #4359, #1551, #2937, #120, #471, #1227, #2866, #4222, #88, #459, #3557, #4263, #2181, #1111, #1460, #778, #3578, #4286, #3164, #1804, #1846, #1483, #3185, #2119, #2159, #415, #438, #2502, #66 ),
 .UNSPECIFIED., .F., .F.,
 ( 4, 2, 1, 2, 2, 2, 1, 1, 1, 2, 2, 2, 2, 1, 1, 1, 2, 2, 2, 1, 1, 1, 2, 2, 2, 2, 2, 2, 2, 2, 1, 1, 1, 2, 2, 2, 1, 1, 1, 2, 2, 2, 2, 1, 1, 2, 2, 2, 2, 1, 2, 2, 2, 2, 2, 4 ),
 ( 0.000000000000000000, 0.03124999999995160122, 0.04687499999992740529, 0.05468749999991532468, 0.06249999999990323019, 0.09374999999985485222, 0.1093749999998306494, 0.1171874999998178957, 0.1210937499998115119, 0.1230468749998089861, 0.1249999999998064604, 0.1874999999997162825, 0.2187499999996719846, 0.2343749999996489475, 0.2421874999996382893, 0.2460937499996336542, 0.2480468749996313504, 0.2499999999996290190, 0.2812499999996305733, 0.2968749999996330713, 0.3046874999996345146, 0.3085937499996345146, 0.3105468749996354583, 0.3124999999996363464, 0.3437499999996163069, 0.3593749999996045386, 0.3671874999995995426, 0.3749999999995945466, 0.4062499999995740629, 0.4218749999995631272, 0.4296874999995589639, 0.4335937499995559108, 0.4355468749995543565, 0.4365234374995551891, 0.4374999999995560218, 0.4687499999995983213, 0.4843749999996194711, 0.4921874999996300182, 0.4960937499996357913, 0.4980468749996374567, 0.4999999999996391775, 0.5624999999997014610, 0.5937499999997325473, 0.6093749999997486455, 0.6171874999997567501, 0.6210937499997595257, 0.6249999999997621902, 0.6874999999998011591, 0.7187499999998202549, 0.7343749999998286926, 0.7421874999998332445, 0.7499999999998377964, 0.8124999999998785416, 0.8437499999998987477, 0.8749999999999189537, 1.000000000000000000 ),
 .UNSPECIFIED. ) ;
#3271 = CARTESIAN_POINT ( 'NONE',  ( -75.16305073231549727, 4.500000000000000000, 58.55144071133679518 ) ) ;
#3272 = CARTESIAN_POINT ( 'NONE',  ( -68.94576476512268925, 12.50000000000000000, 65.15869099302560130 ) ) ;
#3273 = CARTESIAN_POINT ( 'NONE',  ( -80.34996082389420735, -12.49999999999969980, 68.77498044673039601 ) ) ;
#3274 = CARTESIAN_POINT ( 'NONE',  ( -84.14878234460149997, -12.50000000000000000, 70.78109936550509929 ) ) ;
#3275 = CARTESIAN_POINT ( 'NONE',  ( -12.18551600293686299, 12.34476181012479579, 59.05464332830850083 ) ) ;
#3276 = CARTESIAN_POINT ( 'NONE',  ( -6.183040288620500036, -7.138290122100634960, 41.42585783018332535 ) ) ;
#3277 = CARTESIAN_POINT ( 'NONE',  ( -35.20000000000000284, -4.600780098834749587, 38.00000000000000000 ) ) ;
#3278 = CARTESIAN_POINT ( 'NONE',  ( -74.36370424324941553, -12.35617705792691012, 90.09801064596314291 ) ) ;
#3279 = CARTESIAN_POINT ( 'NONE',  ( -37.39157583710942134, 1.104753760726801204, 45.04144403780891537 ) ) ;
#3280 = CARTESIAN_POINT ( 'NONE',  ( -85.14958062236189562, -12.49999999999779909, 75.20157678510040000 ) ) ;
#3281 = CARTESIAN_POINT ( 'NONE',  ( -22.87262905705510008, 6.000000000000000000, 41.75000000000000000 ) ) ;
#3282 = CARTESIAN_POINT ( 'NONE',  ( -85.79257801170399489, 12.49999999830899888, 72.34839764690489972 ) ) ;
#3283 = CARTESIAN_POINT ( 'NONE',  ( -60.58522624709939919, -12.49999999999949907, 86.31792086466549563 ) ) ;
#3284 = CARTESIAN_POINT ( 'NONE',  ( -32.81875549197910402, 4.500000000000000000, 80.09942081749311171 ) ) ;
#3285 = CARTESIAN_POINT ( 'NONE',  ( -30.26278363002369787, -12.49999999999830003, 48.90949667473410045 ) ) ;
#3286 = CARTESIAN_POINT ( 'NONE',  ( -93.85951810735990364, 4.500000000000000000, 72.10013574663250324 ) ) ;
#3287 = CARTESIAN_POINT ( 'NONE',  ( -13.75436083365409878, 4.500000000000000000, 58.78695646819419807 ) ) ;
#3288 = CARTESIAN_POINT ( 'NONE',  ( -85.07167853880049790, 12.50000000000000000, 71.50449837933639685 ) ) ;
#3289 = CARTESIAN_POINT ( 'NONE',  ( -54.06619489937050105, 12.49999999999080025, 61.45966268368459851 ) ) ;
#3290 = CARTESIAN_POINT ( 'NONE',  ( -63.32889022816340230, 12.49999999999799982, 86.98614596669939658 ) ) ;
#3291 = CARTESIAN_POINT ( 'NONE',  ( -75.73449486698639532, -12.49999999999910116, 67.08493572167679986 ) ) ;
#3292 = CARTESIAN_POINT ( 'NONE',  ( -92.17375139165758924, -4.500000000000000000, 67.48980669515329112 ) ) ;
#3293 = CARTESIAN_POINT ( 'NONE',  ( -35.18574071488377086, 12.50000000000000355, 38.12287178644216823 ) ) ;
#3294 = LINE ( 'NONE', #3256, #3760 ) ;
#3295 = EDGE_CURVE ( 'NONE', #3374, #676, #3646, .T. ) ;
#3296 = CARTESIAN_POINT ( 'NONE',  ( -74.33309507749163458, 12.37259939151359056, 90.00731021381731978 ) ) ;
#3297 = CARTESIAN_POINT ( 'NONE',  ( -75.35141824034280944, -11.21548672033528504, 93.02167124941904319 ) ) ;
#3298 = CARTESIAN_POINT ( 'NONE',  ( -37.14683875841002703, 1.360963784939809074, 44.74988256189774916 ) ) ;
#3299 = CARTESIAN_POINT ( 'NONE',  ( -84.63919768115920306, -12.50000000000020073, 76.19103059901320307 ) ) ;
#3300 = CARTESIAN_POINT ( 'NONE',  ( -37.23206671349046815, -1.277887293422977910, 44.85331353790940767 ) ) ;
#3301 = ORIENTED_EDGE ( 'NONE', *, *, #4211, .T. ) ;
#3302 = ORIENTED_EDGE ( 'NONE', *, *, #4072, .F. ) ;
#3303 = CARTESIAN_POINT ( 'NONE',  ( -85.87853805034579580, 12.49999999985139887, 72.79424173207969773 ) ) ;
#3304 = ADVANCED_FACE ( 'NONE', ( #2322 ), #2422, .T. ) ;
#3305 = CLOSED_SHELL ( 'NONE', ( #3540, #838, #801, #297, #1034, #2520, #2140, #457, #1712, #1106, #2162, #3991, #377, #3257, #1167, #307, #2638, #3892, #2508, #1302, #4478, #3883, #3656, #3304, #3189, #1648, #546, #3056, #772, #54, #522, #2067, #1697, #1229, #557, #2725, #3792, #2263, #3729, #877, #1917, #2973 ) ) ;
#3306 = CARTESIAN_POINT ( 'NONE',  ( -64.47330607048398576, -12.50000000000000000, 87.22916877121170387 ) ) ;
#3307 = CARTESIAN_POINT ( 'NONE',  ( -21.37344577290300052, 12.50000000000000355, 71.89084449230330165 ) ) ;
#3308 = CARTESIAN_POINT ( 'NONE',  ( -30.28810347045699913, -12.49999999999729994, 48.94469343838440523 ) ) ;
#3309 = CARTESIAN_POINT ( 'NONE',  ( -7.124526462185732711, -8.978123722664163253, 62.15009002082803136 ) ) ;
#3310 = CARTESIAN_POINT ( 'NONE',  ( -85.50325635280320569, 12.50000000000000000, 74.37364178902780054 ) ) ;
#3311 = DIRECTION ( 'NONE',  ( 0.000000000000000000, -1.000000000000000000, 0.000000000000000000 ) ) ;
#3312 = CARTESIAN_POINT ( 'NONE',  ( -92.39646188451773412, 12.50000000000000178, 67.81383740421897244 ) ) ;
#3313 = CARTESIAN_POINT ( 'NONE',  ( -79.62771178503099634, 12.49999999999639932, 68.47528475677680149 ) ) ;
#3314 = VECTOR ( 'NONE', #354, 1000.000000000000000 ) ;
#3315 = CARTESIAN_POINT ( 'NONE',  ( -64.11230557584138978, 12.49999999999629985, 87.15587213183120241 ) ) ;
#3316 = CARTESIAN_POINT ( 'NONE',  ( -80.82899561668709509, -12.50000000000120082, 68.98264000064079937 ) ) ;
#3317 = CARTESIAN_POINT ( 'NONE',  ( -91.43507913399993470, -12.50000000000000178, 66.56900726815584335 ) ) ;
#3318 = CARTESIAN_POINT ( 'NONE',  ( -27.42321616283150121, 12.50000000000000000, 35.67932820773939540 ) ) ;
#3319 = CARTESIAN_POINT ( 'NONE',  ( -29.33014733840820298, 12.49999999999979927, 47.46236948696230229 ) ) ;
#3320 = EDGE_CURVE ( 'NONE', #3647, #1603, #2417, .T. ) ;
#3321 = CARTESIAN_POINT ( 'NONE',  ( -75.76141075361047683, 10.28324313078898378, 94.23395415944948184 ) ) ;
#3322 = CARTESIAN_POINT ( 'NONE',  ( -75.70407727022222844, -10.44171285737974841, 94.06448320463373136 ) ) ;
#3323 = CARTESIAN_POINT ( 'NONE',  ( -30.87286359569273841, -11.66889472665545746, 36.72701562082942672 ) ) ;
#3324 = CARTESIAN_POINT ( 'NONE',  ( -36.72071356572771350, 1.694698043836801338, 44.18638852899156433 ) ) ;
#3325 = CARTESIAN_POINT ( 'NONE',  ( -85.63148279004589369, -12.49999999996860112, 74.00521981397179161 ) ) ;
#3326 = CARTESIAN_POINT ( 'NONE',  ( -21.83722406390289805, -4.643912947079499531, 38.00000000000000000 ) ) ;
#3327 = ORIENTED_EDGE ( 'NONE', *, *, #3642, .F. ) ;
#3328 = EDGE_LOOP ( 'NONE', ( #3745, #320, #259, #1767 ) ) ;
#3329 = CARTESIAN_POINT ( 'NONE',  ( -39.44880825991428708, -12.50000000000000178, 46.95780541796226970 ) ) ;
#3330 = ORIENTED_EDGE ( 'NONE', *, *, #2841, .T. ) ;
#3331 = CARTESIAN_POINT ( 'NONE',  ( -85.87670637674558805, 12.49999999992990141, 72.84363507782849467 ) ) ;
#3332 = CARTESIAN_POINT ( 'NONE',  ( -52.21959520399150279, -12.49999999183359911, 83.25037113469159067 ) ) ;
#3333 = CARTESIAN_POINT ( 'NONE',  ( -60.42081114708419420, 12.50000000000000000, 86.28399918835179960 ) ) ;
#3334 = CARTESIAN_POINT ( 'NONE',  ( -29.76879488334450130, -12.49999999999429967, 48.18196767198439545 ) ) ;
#3335 = LINE ( 'NONE', #3190, #911 ) ;
#3336 = CARTESIAN_POINT ( 'NONE',  ( -92.77500130020121105, 12.50000000000000711, 77.74300317553345963 ) ) ;
#3337 = CARTESIAN_POINT ( 'NONE',  ( -73.43725522572950126, -12.50000000000000000, 88.90219378407169870 ) ) ;
#3338 = ORIENTED_EDGE ( 'NONE', *, *, #34, .F. ) ;
#3339 = CARTESIAN_POINT ( 'NONE',  ( -82.99418680860119935, 12.49999999999949907, 70.06389169803530592 ) ) ;
#3340 = CARTESIAN_POINT ( 'NONE',  ( -42.21508100491109872, 12.49999999986230037, 77.10167481915760845 ) ) ;
#3341 = EDGE_CURVE ( 'NONE', #1809, #2970, #1446, .T. ) ;
#3342 = CARTESIAN_POINT ( 'NONE',  ( -82.44030913660019166, -12.49999999999510081, 69.76168981316268969 ) ) ;
#3343 = CARTESIAN_POINT ( 'NONE',  ( -85.83648056966370632, -12.50000000000000000, 72.44519118694020676 ) ) ;
#3344 = CARTESIAN_POINT ( 'NONE',  ( -35.29601713610917102, 12.50000000000000178, 37.21015351511778135 ) ) ;
#3345 = CARTESIAN_POINT ( 'NONE',  ( -29.02118027677659740, 12.49999999999699973, 46.91437203348630192 ) ) ;
#3346 = CARTESIAN_POINT ( 'NONE',  ( -5.566537325233519518, -12.49999999999980282, 62.90749553042198272 ) ) ;
#3347 = CARTESIAN_POINT ( 'NONE',  ( -76.43667861358753157, -7.355511200238362690, 96.22898673968261107 ) ) ;
#3348 = CARTESIAN_POINT ( 'NONE',  ( -5.850722161157818846, -5.737940116910343669, 37.65471076923667937 ) ) ;
#3349 = CARTESIAN_POINT ( 'NONE',  ( -72.35043125284259702, -12.50000000000000000, 88.39920691103689876 ) ) ;
#3350 = PLANE ( 'NONE',  #2672 ) ;
#3351 = CARTESIAN_POINT ( 'NONE',  ( -85.84680857472518767, -12.49999999859280031, 72.47625165882620024 ) ) ;
#3352 = CARTESIAN_POINT ( 'NONE',  ( -21.83722406390289805, 4.650802484893110211, 38.00000000000000000 ) ) ;
#3353 = ORIENTED_EDGE ( 'NONE', *, *, #2252, .T. ) ;
#3354 = CARTESIAN_POINT ( 'NONE',  ( -32.22459339612329643, -12.50000000000000000, 51.25574831073029713 ) ) ;
#3355 = CARTESIAN_POINT ( 'NONE',  ( -85.87883569225179770, 12.49999999975629983, 72.71246475185320435 ) ) ;
#3356 = CARTESIAN_POINT ( 'NONE',  ( -5.754360833654098784, -4.500000000000000000, 45.08660639311544571 ) ) ;
#3357 = CARTESIAN_POINT ( 'NONE',  ( -27.50201574334390031, -12.49999999999710099, 42.74881471231029906 ) ) ;
#3358 = CARTESIAN_POINT ( 'NONE',  ( -21.83722406390289805, -12.50000000000000000, 38.00000000000000000 ) ) ;
#3359 = CARTESIAN_POINT ( 'NONE',  ( -93.62923863073862663, 12.50000000000000355, 75.04839897468251309 ) ) ;
#3360 = CARTESIAN_POINT ( 'NONE',  ( -6.463751859538360733, -6.209127329091543857, 41.87723650922144714 ) ) ;
#3361 = ORIENTED_EDGE ( 'NONE', *, *, #4163, .F. ) ;
#3362 = VECTOR ( 'NONE', #1575, 1000.000000000000000 ) ;
#3363 = CARTESIAN_POINT ( 'NONE',  ( -75.23825697216049946, 12.49999999999540101, 66.92671582118779838 ) ) ;
#3364 = CARTESIAN_POINT ( 'NONE',  ( -61.71822662703250018, 12.49999999999450040, 86.61128039709448956 ) ) ;
#3365 = CARTESIAN_POINT ( 'NONE',  ( -75.95229553579360982, -12.49999999999960032, 67.15517557684789551 ) ) ;
#3366 = CARTESIAN_POINT ( 'NONE',  ( -88.16985620002658663, -12.50000000000000178, 63.84613115443031717 ) ) ;
#3367 = CARTESIAN_POINT ( 'NONE',  ( -35.19948856471220466, 4.500000000000000000, 38.00419160417389719 ) ) ;
#3368 = CARTESIAN_POINT ( 'NONE',  ( -27.78011004095010250, 12.49999999999930012, 43.83804905741079239 ) ) ;
#3369 = CARTESIAN_POINT ( 'NONE',  ( -76.60098756744146442, 5.572035529298567269, 96.71354562035018887 ) ) ;
#3370 = CARTESIAN_POINT ( 'NONE',  ( -35.20000000000000284, 4.500000000000000000, 37.99999952623650046 ) ) ;
#3371 = CARTESIAN_POINT ( 'NONE',  ( -41.82366869314730451, -12.50000000000000355, 86.57868704730594800 ) ) ;
#3372 = DIRECTION ( 'NONE',  ( 0.000000000000000000, 0.000000000000000000, -1.000000000000000000 ) ) ;
#3373 = CARTESIAN_POINT ( 'NONE',  ( -92.62359238544667051, 6.990334701595198652, 77.08134098615617802 ) ) ;
#3374 = VERTEX_POINT ( 'NONE', #1675 ) ;
#3375 = CARTESIAN_POINT ( 'NONE',  ( -35.12294061828631442, -12.50000000000000178, 39.27141109740114189 ) ) ;
#3376 = ORIENTED_EDGE ( 'NONE', *, *, #1218, .F. ) ;
#3377 = CARTESIAN_POINT ( 'NONE',  ( -85.87915464942419419, 12.49999999978779996, 72.76153920700910760 ) ) ;
#3378 = B_SPLINE_SURFACE_WITH_KNOTS ( 'NONE', 3, 1, ( 
 ( #2132, #2859 ),
 ( #2451, #3134 ),
 ( #791, #1755 ),
 ( #14, #408 ) ),
 .UNSPECIFIED., .F., .F., .F.,
 ( 4, 4 ),
 ( 2, 2 ),
 ( 1.570796326794899889, 1.985139639446400039 ),
 ( 0.000000000000000000, 0.9440624178369970698 ),
 .UNSPECIFIED. ) ;
#3379 = CARTESIAN_POINT ( 'NONE',  ( -7.944885814342973696, -10.00000000000000000, 63.00000000000000000 ) ) ;
#3380 = CARTESIAN_POINT ( 'NONE',  ( -34.66113649366823779, -7.513617783214370682, 37.55032893709200437 ) ) ;
#3381 = FACE_OUTER_BOUND ( 'NONE', #4146, .T. ) ;
#3382 = CARTESIAN_POINT ( 'NONE',  ( -87.89499691805409043, 4.500000000000000000, 85.48042002248350002 ) ) ;
#3383 = CARTESIAN_POINT ( 'NONE',  ( -6.269446012291759018, -7.202845108936464236, 42.46313638142994051 ) ) ;
#3384 = VERTEX_POINT ( 'NONE', #358 ) ;
#3385 = CARTESIAN_POINT ( 'NONE',  ( -83.82155000020399882, 12.49999999999939959, 70.56461323468879243 ) ) ;
#3386 = CARTESIAN_POINT ( 'NONE',  ( -52.41057626751650389, 12.49999999002539930, 83.34590336481500117 ) ) ;
#3387 = CARTESIAN_POINT ( 'NONE',  ( -54.06596113368329526, -12.49999999999080025, 61.45960119323989801 ) ) ;
#3388 = CARTESIAN_POINT ( 'NONE',  ( -6.439009203290080308, -4.728497830440219651, 37.99999999999659650 ) ) ;
#3389 = EDGE_CURVE ( 'NONE', #338, #4189, #3515, .T. ) ;
#3390 = CARTESIAN_POINT ( 'NONE',  ( -29.17808430834312006, 12.27195089406074402, 36.97240489182488687 ) ) ;
#3391 = CARTESIAN_POINT ( 'NONE',  ( -93.67982451931683840, -12.50000000000000711, 70.82857803245872219 ) ) ;
#3392 = VECTOR ( 'NONE', #3837, 1000.000000000000000 ) ;
#3393 = DIRECTION ( 'NONE',  ( 0.000000000000000000, -1.000000000000000000, 0.000000000000000000 ) ) ;
#3394 = CARTESIAN_POINT ( 'NONE',  ( -27.42834334312850331, 12.49999999999979927, 42.38416918353560447 ) ) ;
#3395 = CARTESIAN_POINT ( 'NONE',  ( -35.20000000000000284, -4.500000000000000000, 37.99999957197299949 ) ) ;
#3396 = CARTESIAN_POINT ( 'NONE',  ( -41.73637338733239233, 6.000000000000000000, 41.75000000000000000 ) ) ;
#3397 = CARTESIAN_POINT ( 'NONE',  ( -21.37344577290300052, -12.50000000000000355, 71.89084449230330165 ) ) ;
#3398 = CARTESIAN_POINT ( 'NONE',  ( -92.98076800796889074, -4.499999999999999112, 77.21289204332060763 ) ) ;
#3399 = AXIS2_PLACEMENT_3D ( 'NONE', #4491, #245, #954 ) ;
#3400 = CARTESIAN_POINT ( 'NONE',  ( -6.484966286064499208, 7.840045291169710495, 42.74999778016820073 ) ) ;
#3401 = ORIENTED_EDGE ( 'NONE', *, *, #4257, .F. ) ;
#3402 = ORIENTED_EDGE ( 'NONE', *, *, #1567, .T. ) ;
#3403 = CARTESIAN_POINT ( 'NONE',  ( -30.35657763254360120, -12.50000000000000000, 49.06236127690559812 ) ) ;
#3404 = CARTESIAN_POINT ( 'NONE',  ( -85.65749245565169190, 12.49999999998759925, 73.92279257263439263 ) ) ;
#3405 = CARTESIAN_POINT ( 'NONE',  ( -92.75873645302341686, 12.50000000000000178, 68.40991147157910746 ) ) ;
#3406 = ORIENTED_EDGE ( 'NONE', *, *, #2377, .T. ) ;
#3407 = CARTESIAN_POINT ( 'NONE',  ( -39.44846751427859743, 4.499999999217982882, 94.46046894677401440 ) ) ;
#3408 = CARTESIAN_POINT ( 'NONE',  ( -33.98858422850076266, -8.871400386056905063, 37.19334476720380422 ) ) ;
#3409 = PLANE ( 'NONE',  #4046 ) ;
#3410 = CARTESIAN_POINT ( 'NONE',  ( -75.51200569081470348, 12.50000000000000000, 86.98311899756190257 ) ) ;
#3411 = CARTESIAN_POINT ( 'NONE',  ( -6.272432119165014974, -6.681008816941563566, 42.14112917602466979 ) ) ;
#3412 = CARTESIAN_POINT ( 'NONE',  ( -86.92726177594705916, -10.00000000000001421, 83.17096872540287222 ) ) ;
#3413 = CARTESIAN_POINT ( 'NONE',  ( -78.90036754719349688, 12.49999999999839950, 68.18946055452219923 ) ) ;
#3414 = CARTESIAN_POINT ( 'NONE',  ( -32.50287328094429995, 12.50000000000000000, 69.90681689081620220 ) ) ;
#3415 = CARTESIAN_POINT ( 'NONE',  ( -73.46161372995420891, -12.49999999998479971, 66.38985494887120353 ) ) ;
#3416 = CARTESIAN_POINT ( 'NONE',  ( 36.58163263015709532, 0.000000000000000000, 19.25210471003249779 ) ) ;
#3417 = CARTESIAN_POINT ( 'NONE',  ( -69.83245753005499523, 12.50000000000000000, 88.10181115045629952 ) ) ;
#3418 = CARTESIAN_POINT ( 'NONE',  ( -93.88036321376129933, -4.500000000000000000, 72.73498194605180345 ) ) ;
#3419 = CARTESIAN_POINT ( 'NONE',  ( -41.31350981582200177, 12.50000000000000178, 48.21185268848669381 ) ) ;
#3420 = CARTESIAN_POINT ( 'NONE',  ( -27.89377793291039964, 12.49999999999140066, 44.21713213748090254 ) ) ;
#3421 = PRODUCT ( 'Handle_SO101', 'Handle_SO101', '', ( #3779 ) ) ;
#3422 = CARTESIAN_POINT ( 'NONE',  ( -7.604270513417850985, -4.500000000000000000, 63.92544253478149585 ) ) ;
#3423 = EDGE_CURVE ( 'NONE', #4026, #3374, #7, .T. ) ;
#3424 = CARTESIAN_POINT ( 'NONE',  ( -6.754360833654099672, 4.500000000000000000, 41.75000000000000000 ) ) ;
#3425 = CARTESIAN_POINT ( 'NONE',  ( -49.92999819192422706, -12.50000000000000355, 91.06763773861916889 ) ) ;
#3426 = CARTESIAN_POINT ( 'NONE',  ( -39.44846751427859743, -6.299999999999999822, 94.46046894677400019 ) ) ;
#3427 = CARTESIAN_POINT ( 'NONE',  ( -74.32591774599421797, 12.50000000000000178, 96.60750706847565539 ) ) ;
#3428 = CARTESIAN_POINT ( 'NONE',  ( -7.147690291161979737, -5.862361808271409735, 41.74999999989650235 ) ) ;
#3429 = ORIENTED_EDGE ( 'NONE', *, *, #4295, .T. ) ;
#3430 = ORIENTED_EDGE ( 'NONE', *, *, #115, .T. ) ;
#3431 = CARTESIAN_POINT ( 'NONE',  ( -35.12880047042278164, -12.50000000000000178, 38.86078304395839211 ) ) ;
#3432 = CARTESIAN_POINT ( 'NONE',  ( -81.56610305852819920, 12.50000000000080114, 80.57627803629470975 ) ) ;
#3433 = CARTESIAN_POINT ( 'NONE',  ( -93.33714703672839619, 4.500000000000000000, 69.64802916258560117 ) ) ;
#3434 = VERTEX_POINT ( 'NONE', #1399 ) ;
#3435 = CARTESIAN_POINT ( 'NONE',  ( -27.86043983705519977, 4.632813184691680242, 37.25894899533159332 ) ) ;
#3436 = CARTESIAN_POINT ( 'NONE',  ( -34.28166376250007374, -8.359299456528772154, 37.33030460937695238 ) ) ;
#3437 = CARTESIAN_POINT ( 'NONE',  ( -34.85598562684590007, -7.038953783496729955, 38.00539841999069779 ) ) ;
#3438 = CARTESIAN_POINT ( 'NONE',  ( -90.89854396428343364, 12.50000000000000355, 81.32639016079539829 ) ) ;
#3439 = ORIENTED_EDGE ( 'NONE', *, *, #2456, .F. ) ;
#3440 = CARTESIAN_POINT ( 'NONE',  ( -33.98967973083740191, 12.50000000000000000, 70.99614108382999689 ) ) ;
#3441 = CARTESIAN_POINT ( 'NONE',  ( -56.08492197620390129, -12.49999999988130028, 61.98360617717409582 ) ) ;
#3442 = CARTESIAN_POINT ( 'NONE',  ( -5.853198932575000235, -5.708354524884740044, 38.00000000000049738 ) ) ;
#3443 = AXIS2_PLACEMENT_3D ( 'NONE', #1833, #2874, #1079 ) ;
#3444 = CARTESIAN_POINT ( 'NONE',  ( -32.63135586102109897, 10.48957609417440473, 36.78459543056862202 ) ) ;
#3445 = CARTESIAN_POINT ( 'NONE',  ( -85.87606471425459631, -12.50000000000000000, 72.64680033979340124 ) ) ;
#3446 = CARTESIAN_POINT ( 'NONE',  ( -35.88421478379601126, 12.50000000000000355, 42.76697677944697773 ) ) ;
#3447 = CARTESIAN_POINT ( 'NONE',  ( -43.00287598809030243, 12.50000000000000000, 57.90495374490529912 ) ) ;
#3448 = CARTESIAN_POINT ( 'NONE',  ( -85.87591865268490210, -12.49999999994849986, 72.85981924144839184 ) ) ;
#3449 = DIRECTION ( 'NONE',  ( 1.000000000000000000, 0.000000000000000000, 0.000000000000000000 ) ) ;
#3450 = CARTESIAN_POINT ( 'NONE',  ( -21.37344577290300052, -4.500000000000000000, 71.89084449230330165 ) ) ;
#3451 = CARTESIAN_POINT ( 'NONE',  ( -76.14505243468188667, 4.500000000000000000, 96.73802994768769281 ) ) ;
#3452 = UNCERTAINTY_MEASURE_WITH_UNIT (LENGTH_MEASURE( 1.000000000000000082E-05 ), #1063, 'distance_accuracy_value', 'NONE');
#3453 = CARTESIAN_POINT ( 'NONE',  ( -5.875499980126689614, 5.886921645498920164, 38.00000000000000000 ) ) ;
#3454 = ORIENTED_EDGE ( 'NONE', *, *, #921, .F. ) ;
#3455 = CARTESIAN_POINT ( 'NONE',  ( -74.46213310590140111, -12.50000000000000000, 66.68409677087859677 ) ) ;
#3456 = CARTESIAN_POINT ( 'NONE',  ( -82.95707500694041414, 12.49999999999939959, 78.78217162361580961 ) ) ;
#3457 = ORIENTED_EDGE ( 'NONE', *, *, #2603, .F. ) ;
#3458 = CARTESIAN_POINT ( 'NONE',  ( -93.33714703672842461, 12.50000000000000355, 69.64802916258564380 ) ) ;
#3459 = PLANE ( 'NONE',  #3809 ) ;
#3460 = CARTESIAN_POINT ( 'NONE',  ( -34.51699284844521998, -7.867294810260943905, 37.45989968074123766 ) ) ;
#3461 = DIRECTION ( 'NONE',  ( -0.000000000000000000, 1.000000000000000000, 0.000000000000000000 ) ) ;
#3462 = CARTESIAN_POINT ( 'NONE',  ( -71.36768894619720527, 12.50000000000000000, 90.73327570464211078 ) ) ;
#3463 = EDGE_CURVE ( 'NONE', #11, #1404, #1662, .T. ) ;
#3464 = CARTESIAN_POINT ( 'NONE',  ( -80.47343891236100433, -10.00000000000001421, 90.26643988799109763 ) ) ;
#3465 = CARTESIAN_POINT ( 'NONE',  ( -6.840531079149219984, -4.643912947079499531, 38.00000000000000000 ) ) ;
#3466 = CARTESIAN_POINT ( 'NONE',  ( -50.10580421012389962, -12.49999999991159960, 60.34748699602219091 ) ) ;
#3467 = DIRECTION ( 'NONE',  ( 0.9257907231983539820, -0.000000000000000000, -0.3780364226365876545 ) ) ;
#3468 = CARTESIAN_POINT ( 'NONE',  ( -73.11320573643060072, 12.50000000000000000, 88.47037109486430495 ) ) ;
#3469 = CARTESIAN_POINT ( 'NONE',  ( -35.36447088635969749, 12.50000000000000178, 41.25309221433900575 ) ) ;
#3470 = CARTESIAN_POINT ( 'NONE',  ( -40.73123319686659727, 12.49999999995280042, 56.92074050532649920 ) ) ;
#3471 = CARTESIAN_POINT ( 'NONE',  ( -85.87732120269319580, -12.49999999984799892, 72.67144060519289894 ) ) ;
#3472 = CARTESIAN_POINT ( 'NONE',  ( -5.875499980126689614, 5.886921645498920164, 38.00000000000000000 ) ) ;
#3473 = CARTESIAN_POINT ( 'NONE',  ( -35.20000000000000284, -6.299999999999999822, 38.00000000000000000 ) ) ;
#3474 = CARTESIAN_POINT ( 'NONE',  ( -76.97687203856980886, 4.500000000000000000, 96.79036455293729091 ) ) ;
#3475 = CARTESIAN_POINT ( 'NONE',  ( -6.118988033273112137, 6.887698879982364630, 40.43389144477413311 ) ) ;
#3476 = ORIENTED_EDGE ( 'NONE', *, *, #3295, .F. ) ;
#3477 = CARTESIAN_POINT ( 'NONE',  ( -68.43091303875709741, -12.50000000000000000, 65.02033186452679558 ) ) ;
#3478 = CARTESIAN_POINT ( 'NONE',  ( -83.66108436556368133, 12.49999999998060041, 77.77588306752909375 ) ) ;
#3479 = ORIENTED_EDGE ( 'NONE', *, *, #4024, .F. ) ;
#3480 = ORIENTED_EDGE ( 'NONE', *, *, #1973, .F. ) ;
#3481 = CARTESIAN_POINT ( 'NONE',  ( -79.89743014050010572, -12.49999999998390088, 82.50823632682379127 ) ) ;
#3482 = CARTESIAN_POINT ( 'NONE',  ( -33.92112912449021422, -8.977863547949434420, 37.16315735277560606 ) ) ;
#3483 = CARTESIAN_POINT ( 'NONE',  ( -83.41030459706661304, 4.500000000000000000, 90.44323799329400515 ) ) ;
#3484 = AXIS2_PLACEMENT_3D ( 'NONE', #1700, #3033, #4429 ) ;
#3485 = CARTESIAN_POINT ( 'NONE',  ( -6.365836739400838162, 7.513439093267583857, 42.53456100411582952 ) ) ;
#3486 = CARTESIAN_POINT ( 'NONE',  ( -17.47780364837570133, -12.49999999997590017, 60.15649394519040527 ) ) ;
#3487 = CARTESIAN_POINT ( 'NONE',  ( -33.73550634495349954, 12.50000000000000000, 70.80924797938060067 ) ) ;
#3488 = CARTESIAN_POINT ( 'NONE',  ( -65.97193789827760213, -12.50000000000000000, 64.41075348056480721 ) ) ;
#3489 = EDGE_CURVE ( 'NONE', #3818, #3084, #2371, .T. ) ;
#3490 = CARTESIAN_POINT ( 'NONE',  ( -88.65947154653630946, -4.500000000000000000, 84.51203201645459728 ) ) ;
#3491 = CARTESIAN_POINT ( 'NONE',  ( -33.24517581703452862, 9.870908905218561458, 36.91949008659091191 ) ) ;
#3492 = CARTESIAN_POINT ( 'NONE',  ( -27.59002144734910189, 12.50000000000000000, 43.15280009386889759 ) ) ;
#3493 = CARTESIAN_POINT ( 'NONE',  ( -36.74240773623790091, 12.50000000000000000, 54.78367504994249515 ) ) ;
#3494 = CARTESIAN_POINT ( 'NONE',  ( -85.85558444592709293, -12.49999999958479968, 72.50790508935439505 ) ) ;
#3495 = B_SPLINE_CURVE_WITH_KNOTS ( 'NONE', 3,
 ( #2473, #2428, #386, #3156 ),
 .UNSPECIFIED., .F., .F.,
 ( 4, 4 ),
 ( -0.5404970355410639860, 0.000000000000000000 ),
 .UNSPECIFIED. ) ;
#3496 = CARTESIAN_POINT ( 'NONE',  ( -5.862409811534919690, 5.563777211761809838, 38.00000000000069633 ) ) ;
#3497 = CARTESIAN_POINT ( 'NONE',  ( -73.25301720009615281, -12.50000000000000000, 96.51867790502188882 ) ) ;
#3498 = CARTESIAN_POINT ( 'NONE',  ( -6.490485033341008680, 7.852030482069843664, 42.77908363076463161 ) ) ;
#3499 = CARTESIAN_POINT ( 'NONE',  ( -33.20755635921630500, -12.65000000000000036, 36.89547549346799826 ) ) ;
#3500 = ORIENTED_EDGE ( 'NONE', *, *, #3341, .F. ) ;
#3501 = B_SPLINE_CURVE_WITH_KNOTS ( 'NONE', 3,
 ( #2174, #3177, #1474, #2837 ),
 .UNSPECIFIED., .F., .F.,
 ( 4, 4 ),
 ( 1.851023694239490095E-05, 0.4098438360733480113 ),
 .UNSPECIFIED. ) ;
#3502 = CARTESIAN_POINT ( 'NONE',  ( -70.40025512351461145, -12.50000000000000178, 57.26630989265048299 ) ) ;
#3503 = CARTESIAN_POINT ( 'NONE',  ( -84.51126254752770706, 12.49999999999919886, 76.41556546992639198 ) ) ;
#3504 = VERTEX_POINT ( 'NONE', #1650 ) ;
#3505 = CARTESIAN_POINT ( 'NONE',  ( -75.50945073015640219, -12.50000000000000000, 86.98036478008380357 ) ) ;
#3506 = CARTESIAN_POINT ( 'NONE',  ( -35.08440470539866141, -5.940214084956833673, 37.86787300778178889 ) ) ;
#3507 = CARTESIAN_POINT ( 'NONE',  ( -33.99864305697060729, -8.874128132897411092, 36.91275821386449962 ) ) ;
#3508 = CARTESIAN_POINT ( 'NONE',  ( -36.14009063590388138, -1.969036858354168196, 43.25015616224609971 ) ) ;
#3509 = DIRECTION ( 'NONE',  ( 0.000000000000000000, 0.000000000000000000, 1.000000000000000000 ) ) ;
#3510 = CARTESIAN_POINT ( 'NONE',  ( -48.61035954137739878, -12.49999999991690025, 81.33060298816441502 ) ) ;
#3511 = CARTESIAN_POINT ( 'NONE',  ( -35.03556146096970991, 6.212721812993753367, 37.82218539334832741 ) ) ;
#3512 = CARTESIAN_POINT ( 'NONE',  ( -31.17821415698379894, -12.49999999999490008, 50.08436472703890274 ) ) ;
#3513 = CARTESIAN_POINT ( 'NONE',  ( -81.69071820117210336, -12.50000000000000000, 80.42844124274161288 ) ) ;
#3514 = LINE ( 'NONE', #3919, #1183 ) ;
#3515 = B_SPLINE_CURVE_WITH_KNOTS ( 'NONE', 3,
 ( #2766, #4455, #1015, #1749, #1726, #2691, #1330, #3373, #1353, #3794, #621, #334 ),
 .UNSPECIFIED., .F., .F.,
 ( 4, 2, 2, 2, 2, 4 ),
 ( 0.000000000000000000, 0.001507432321315552897, 0.002261148481973318178, 0.003014864642631084109, 0.004522296963946632019, 0.006029729285262180362 ),
 .UNSPECIFIED. ) ;
#3516 = CARTESIAN_POINT ( 'NONE',  ( -38.63057753593449917, 4.500000000000000000, 46.29193239994109632 ) ) ;
#3517 = CARTESIAN_POINT ( 'NONE',  ( -38.73177370691409749, 12.49999999993619859, 55.92806146928889888 ) ) ;
#3518 = CARTESIAN_POINT ( 'NONE',  ( -85.77667041513339541, -12.49999999917879911, 72.31937377708599968 ) ) ;
#3519 = EDGE_LOOP ( 'NONE', ( #1061, #2997, #681, #4042 ) ) ;
#3520 = CARTESIAN_POINT ( 'NONE',  ( -80.36748613107029371, -10.00000000000000000, 90.36935555005595688 ) ) ;
#3521 = CARTESIAN_POINT ( 'NONE',  ( -76.14505243468198614, -4.500000000000000000, 96.73802994768769281 ) ) ;
#3522 = CARTESIAN_POINT ( 'NONE',  ( -90.86763033065452078, 10.00000000000000178, 76.60739864861518811 ) ) ;
#3523 = CARTESIAN_POINT ( 'NONE',  ( -80.70327378220849823, 9.632210415840386730, 90.50647073086408056 ) ) ;
#3524 = CARTESIAN_POINT ( 'NONE',  ( -81.77582760400579787, -12.50000000000000000, 69.42059749347819775 ) ) ;
#3525 = CARTESIAN_POINT ( 'NONE',  ( -84.94422719107861042, 12.49999999998060041, 75.62078500512558321 ) ) ;
#3526 = CARTESIAN_POINT ( 'NONE',  ( -33.78394473966200451, -9.183470522137609393, 37.10029354652159839 ) ) ;
#3527 = CARTESIAN_POINT ( 'NONE',  ( -35.12571820828258495, -5.671656346261384485, 37.90745308701897187 ) ) ;
#3528 = CARTESIAN_POINT ( 'NONE',  ( -35.26554593132610194, -4.500000000000000000, 37.46081321688069465 ) ) ;
#3529 = CARTESIAN_POINT ( 'NONE',  ( -35.85516384659318589, -2.001175730359145533, 42.67617507760378004 ) ) ;
#3530 = EDGE_CURVE ( 'NONE', #3953, #1613, #2195, .T. ) ;
#3531 = CARTESIAN_POINT ( 'NONE',  ( -19.57956421617230092, -12.49999999963629982, 61.37392865730310376 ) ) ;
#3532 = CARTESIAN_POINT ( 'NONE',  ( -33.83764605812215365, 9.106155136642827941, 37.12152458048616666 ) ) ;
#3533 = CARTESIAN_POINT ( 'NONE',  ( -41.86842046743829826, -12.50000000000000000, 57.43011389795599797 ) ) ;
#3534 = CARTESIAN_POINT ( 'NONE',  ( -91.98180232589749039, -12.50000000000000178, 79.43217592483486555 ) ) ;
#3535 = CARTESIAN_POINT ( 'NONE',  ( -32.53344725106634172, -4.499999999999999112, 59.93532095012203342 ) ) ;
#3536 = CARTESIAN_POINT ( 'NONE',  ( -53.24510477117009799, 12.50000000000000000, 61.24706621230469494 ) ) ;
#3537 = CARTESIAN_POINT ( 'NONE',  ( -34.83708775965519777, 12.49999999995629985, 53.48732631015020189 ) ) ;
#3538 = CARTESIAN_POINT ( 'NONE',  ( -85.83363602240549994, -12.49999999700249909, 72.43753243467871528 ) ) ;
#3539 = CARTESIAN_POINT ( 'NONE',  ( -7.222958768264188478, -9.119641264494131150, 62.08923768311013447 ) ) ;
#3540 = ADVANCED_FACE ( 'NONE', ( #1304 ), #2058, .F. ) ;
#3541 = VERTEX_POINT ( 'NONE', #2789 ) ;
#3542 = CARTESIAN_POINT ( 'NONE',  ( -5.991236026670279102, 6.451558451001848660, 62.85269223176158704 ) ) ;
#3543 = CARTESIAN_POINT ( 'NONE',  ( -76.62713213188696670, -12.50000000000000178, 96.76866509402034922 ) ) ;
#3544 = CARTESIAN_POINT ( 'NONE',  ( -88.00104415827203752, 10.00000000000000355, 81.72247624666648846 ) ) ;
#3545 = CARTESIAN_POINT ( 'NONE',  ( -5.754360833654099672, 4.500000000000000888, 45.08660639311544571 ) ) ;
#3546 = CARTESIAN_POINT ( 'NONE',  ( -80.89956447285200625, 12.49999999999949907, 81.36825428836380070 ) ) ;
#3547 = VECTOR ( 'NONE', #1032, 1000.000000000000114 ) ;
#3548 = CARTESIAN_POINT ( 'NONE',  ( 4.669503563378442301, 10.00000000000000000, 55.64543947449366357 ) ) ;
#3549 = EDGE_CURVE ( 'NONE', #4189, #2507, #4276, .T. ) ;
#3550 = SURFACE_SIDE_STYLE ('',( #2112 ) ) ;
#3551 = DIRECTION ( 'NONE',  ( 0.3090169943749506154, 0.000000000000000000, 0.9510565162951525320 ) ) ;
#3552 = CARTESIAN_POINT ( 'NONE',  ( -85.84671592408798801, 12.49999999857729982, 72.47594956325609417 ) ) ;
#3553 = CARTESIAN_POINT ( 'NONE',  ( -48.23730214011539630, -12.49999999989659827, 81.10882128807929803 ) ) ;
#3554 = CARTESIAN_POINT ( 'NONE',  ( -9.826520708186874842, 12.50000000000000355, 65.07717324070627285 ) ) ;
#3555 = CARTESIAN_POINT ( 'NONE',  ( -42.32110201068219624, -12.50000000000000000, 57.62500992143050382 ) ) ;
#3556 = CARTESIAN_POINT ( 'NONE',  ( -93.71645894228109341, -4.500000000000000000, 74.59573624582829154 ) ) ;
#3557 = CARTESIAN_POINT ( 'NONE',  ( -35.75027700867566693, 1.975778117985250937, 42.42774185743788706 ) ) ;
#3558 = CARTESIAN_POINT ( 'NONE',  ( -47.10317093393408783, 12.50000000000000178, 50.94405382484670497 ) ) ;
#3559 = CARTESIAN_POINT ( 'NONE',  ( -67.56282876154288886, 12.49999999999910116, 64.80689870912891593 ) ) ;
#3560 = EDGE_CURVE ( 'NONE', #967, #383, #361, .T. ) ;
#3561 = CARTESIAN_POINT ( 'NONE',  ( -85.38037092017329144, -12.49999999997749889, 71.80637459533880929 ) ) ;
#3562 = CARTESIAN_POINT ( 'NONE',  ( -5.904965105938182468, -6.045395042707101041, 62.90632791741096241 ) ) ;
#3563 = ORIENTED_EDGE ( 'NONE', *, *, #2855, .F. ) ;
#3564 = CARTESIAN_POINT ( 'NONE',  ( -7.253985723729735824, 9.163223468927871096, 62.07000280140591286 ) ) ;
#3565 = CARTESIAN_POINT ( 'NONE',  ( -23.43149637745720071, 4.632813297492550220, 37.94975921711100142 ) ) ;
#3566 = CARTESIAN_POINT ( 'NONE',  ( -74.86563476184007015, 11.93575270025001522, 91.58432872760279508 ) ) ;
#3567 = CARTESIAN_POINT ( 'NONE',  ( -27.85056217791009914, 17.71000000000000085, 37.26168435219010178 ) ) ;
#3568 = CARTESIAN_POINT ( 'NONE',  ( -75.81421145811390261, 12.50000000000000000, 86.68998722204570129 ) ) ;
#3569 = CARTESIAN_POINT ( 'NONE',  ( -22.71647817192280172, -4.639244809725409979, 37.98563295051600619 ) ) ;
#3570 = CARTESIAN_POINT ( 'NONE',  ( -34.00844602327030231, -8.857484512700219526, 37.10029354652129996 ) ) ;
#3571 = CARTESIAN_POINT ( 'NONE',  ( -76.61933885538631728, 4.500000000000000000, 96.76816716052469758 ) ) ;
#3572 = CARTESIAN_POINT ( 'NONE',  ( -70.93090490753050403, 12.50000000000000000, 91.11268937791008682 ) ) ;
#3573 = CARTESIAN_POINT ( 'NONE',  ( -85.66942831987699947, 12.49999999986449950, 72.15241936724011396 ) ) ;
#3574 = CARTESIAN_POINT ( 'NONE',  ( -23.04180059326960262, -12.49999999619219970, 63.47186920086719653 ) ) ;
#3575 = CARTESIAN_POINT ( 'NONE',  ( -5.922020457329192133, 12.50000000000000178, 63.08263849708181681 ) ) ;
#3576 = CARTESIAN_POINT ( 'NONE',  ( -33.11558870059319304, -12.49999999987680077, 52.07844760364980630 ) ) ;
#3577 = CARTESIAN_POINT ( 'NONE',  ( -92.51282152284284166, -12.50000000000000178, 78.34510210879660974 ) ) ;
#3578 = CARTESIAN_POINT ( 'NONE',  ( -35.46446895106672059, 1.734557015284505566, 41.61326703904514801 ) ) ;
#3579 = CARTESIAN_POINT ( 'NONE',  ( -67.29144905879230976, 4.500000000000000000, 56.49400999613630603 ) ) ;
#3580 = CARTESIAN_POINT ( 'NONE',  ( -47.25028191844630499, 12.49999999999830003, 59.45425504197270072 ) ) ;
#3581 = CARTESIAN_POINT ( 'NONE',  ( -85.14172209064929575, -12.49999999999850075, 71.56988032073259376 ) ) ;
#3582 = CARTESIAN_POINT ( 'NONE',  ( -6.682948221773950870, -8.250808908240067296, 62.42338260919338921 ) ) ;
#3583 = CARTESIAN_POINT ( 'NONE',  ( -6.315642486270183653, 7.444615890062054042, 62.65118351310072597 ) ) ;
#3584 = CARTESIAN_POINT ( 'NONE',  ( -73.83688604734400940, 12.50000000000000000, 88.53673832600750870 ) ) ;
#3585 = CARTESIAN_POINT ( 'NONE',  ( -74.81222769408233830, 11.99506491859944113, 91.42638864120168307 ) ) ;
#3586 = CARTESIAN_POINT ( 'NONE',  ( -30.16356752794889928, 17.71000000000000085, 36.79872191474289878 ) ) ;
#3587 = VECTOR ( 'NONE', #2031, 1000.000000000000000 ) ;
#3588 = CARTESIAN_POINT ( 'NONE',  ( -36.97621807127782034, 1.508325624169846169, 44.53346871251987693 ) ) ;
#3589 = CARTESIAN_POINT ( 'NONE',  ( -83.38675062840680141, -12.49999999999809930, 78.17905646041440093 ) ) ;
#3590 = CARTESIAN_POINT ( 'NONE',  ( -35.22358272616259711, -4.500000000000000000, 37.80601060822159809 ) ) ;
#3591 = CARTESIAN_POINT ( 'NONE',  ( -36.43168207697640071, -1.859094948960449800, 43.75094216271818226 ) ) ;
#3592 = CARTESIAN_POINT ( 'NONE',  ( -85.48581816421840074, 12.49999999968370012, 71.92244872678250545 ) ) ;
#3593 = CARTESIAN_POINT ( 'NONE',  ( -63.20563795538709684, -12.49999999999859845, 86.95894067117069426 ) ) ;
#3594 = CARTESIAN_POINT ( 'NONE',  ( -34.93163675807061708, 6.662717120698495421, 37.73954392459051377 ) ) ;
#3595 = CARTESIAN_POINT ( 'NONE',  ( -39.26767996386550408, -12.49999999977459986, 56.20825899177030038 ) ) ;
#3596 = CARTESIAN_POINT ( 'NONE',  ( -71.02796308131249248, -12.50000000000000000, 91.02837408805089581 ) ) ;
#3597 = CARTESIAN_POINT ( 'NONE',  ( -75.95429355951651473, 12.50000000000000000, 67.15014852551560409 ) ) ;
#3598 = CARTESIAN_POINT ( 'NONE',  ( -50.17177206543100709, 12.49999999991769961, 60.36706216594869545 ) ) ;
#3599 = CARTESIAN_POINT ( 'NONE',  ( -85.54970428120590498, -12.49999999942800066, 71.99746140354091040 ) ) ;
#3600 = CARTESIAN_POINT ( 'NONE',  ( -64.22646901629242677, -12.50000000000000178, 55.75202982353809489 ) ) ;
#3601 = TOROIDAL_SURFACE ( 'NONE', #1639, 7.000000000000000000, 1.000000000000000000 ) ;
#3602 = CARTESIAN_POINT ( 'NONE',  ( -9.522258189989402766, 11.28890824035005203, 60.67497099020499007 ) ) ;
#3603 = CARTESIAN_POINT ( 'NONE',  ( -27.13558710874739788, 12.50000000000000000, 39.83846152073660107 ) ) ;
#3604 = CARTESIAN_POINT ( 'NONE',  ( -74.86330774145844202, 11.93840149666408834, 91.57744175671911080 ) ) ;
#3605 = CARTESIAN_POINT ( 'NONE',  ( -74.49011633938060584, -12.27792361553020761, 90.47280486309313119 ) ) ;
#3606 = CARTESIAN_POINT ( 'NONE',  ( -37.77620353575023415, 0.4519944454803012657, 45.46187723828665384 ) ) ;
#3607 = CARTESIAN_POINT ( 'NONE',  ( -82.95709609924549000, -12.49999999999939959, 78.78214315778699017 ) ) ;
#3608 = CARTESIAN_POINT ( 'NONE',  ( -35.20357824171019701, -4.500000000000000000, 37.97057365723010491 ) ) ;
#3609 = LINE ( 'NONE', #3352, #1433 ) ;
#3610 = ORIENTED_EDGE ( 'NONE', *, *, #2748, .T. ) ;
#3611 = CARTESIAN_POINT ( 'NONE',  ( -85.75178726459849088, 12.49999999984659915, 72.27675038614769676 ) ) ;
#3612 = CARTESIAN_POINT ( 'NONE',  ( -71.94951299784548837, -12.50000000000000000, 88.35477780759400446 ) ) ;
#3613 = CARTESIAN_POINT ( 'NONE',  ( -34.83020826609417497, 7.030400207175284244, 37.66344889507467997 ) ) ;
#3614 = CARTESIAN_POINT ( 'NONE',  ( -27.80337629181499892, -12.49999999999839950, 43.91699953597849770 ) ) ;
#3615 = CARTESIAN_POINT ( 'NONE',  ( -77.99072910157120475, -4.500000000000000000, 95.56336846998490842 ) ) ;
#3616 = CARTESIAN_POINT ( 'NONE',  ( -81.47400277082391540, 12.50000000000000178, 60.60311327055792674 ) ) ;
#3617 = CARTESIAN_POINT ( 'NONE',  ( -68.42936406633420177, 12.49999999999960032, 65.02685382915510104 ) ) ;
#3618 = CARTESIAN_POINT ( 'NONE',  ( -83.08350034249399130, -12.49999999999680078, 70.11517492396988871 ) ) ;
#3619 = CARTESIAN_POINT ( 'NONE',  ( -85.46461124057229597, -12.50000000000000000, 71.89702523074551266 ) ) ;
#3620 = CARTESIAN_POINT ( 'NONE',  ( -8.060557009987977750, 10.12002538127116047, 61.57240918665853258 ) ) ;
#3621 = CARTESIAN_POINT ( 'NONE',  ( -27.13318754456409820, 12.49999999999979927, 38.67768032634530329 ) ) ;
#3622 = CARTESIAN_POINT ( 'NONE',  ( -74.69295945553946581, 12.11475792037469645, 91.07385628038647951 ) ) ;
#3623 = CARTESIAN_POINT ( 'NONE',  ( -76.54398863262764507, -6.374221132500725417, 96.54518486353515527 ) ) ;
#3624 = CARTESIAN_POINT ( 'NONE',  ( -36.52493183660332932, 1.811687277938989649, 43.89717506623875920 ) ) ;
#3625 = CARTESIAN_POINT ( 'NONE',  ( -85.39945359412060100, -12.49999999997860023, 74.63349100336499475 ) ) ;
#3626 = CARTESIAN_POINT ( 'NONE',  ( -37.41086385116985724, -1.084703609042947159, 45.06408085974550204 ) ) ;
#3627 = ORIENTED_EDGE ( 'NONE', *, *, #2498, .F. ) ;
#3628 = CARTESIAN_POINT ( 'NONE',  ( -85.66967492482831403, 12.49999999986639843, 72.15276452168278354 ) ) ;
#3629 = CARTESIAN_POINT ( 'NONE',  ( -65.56573588101709049, -12.49999999999740119, 87.43653959366939432 ) ) ;
#3630 = CARTESIAN_POINT ( 'NONE',  ( -64.11957248401949983, 4.500000000000000000, 95.31999765886209275 ) ) ;
#3631 = CARTESIAN_POINT ( 'NONE',  ( -28.04572935115319865, -12.49999999999930012, 44.66637233865360201 ) ) ;
#3632 = CARTESIAN_POINT ( 'NONE',  ( -85.87163986762590184, 12.50000000000000000, 72.59782371838929294 ) ) ;
#3633 = CARTESIAN_POINT ( 'NONE',  ( -25.52750939320410239, -3.059375821630019754, 37.79688962485400339 ) ) ;
#3634 = CARTESIAN_POINT ( 'NONE',  ( -93.14337287449177438, 12.50000000000000000, 69.17243549854211437 ) ) ;
#3635 = CARTESIAN_POINT ( 'NONE',  ( -73.96209111252080959, 12.49999999998259881, 66.53703141338159810 ) ) ;
#3636 = CARTESIAN_POINT ( 'NONE',  ( -45.73501164841590594, 12.49999999994859934, 79.53940387303009629 ) ) ;
#3637 = CARTESIAN_POINT ( 'NONE',  ( -75.84343924928080583, -12.49999999999939959, 67.11993308267400948 ) ) ;
#3638 = CARTESIAN_POINT ( 'NONE',  ( -92.59482653710220745, -4.500000000000000000, 68.12982605164350502 ) ) ;
#3639 = CARTESIAN_POINT ( 'NONE',  ( -35.18002084615950054, 4.500000000000000000, 38.17626313352700151 ) ) ;
#3640 = CARTESIAN_POINT ( 'NONE',  ( -5.871872862025630191, -5.866142651248370754, 37.99999999994489741 ) ) ;
#3641 = CARTESIAN_POINT ( 'NONE',  ( -74.35214781609948886, 12.36247779999717267, 90.06377421229856850 ) ) ;
#3642 = EDGE_CURVE ( 'NONE', #3841, #216, #3103, .T. ) ;
#3643 = CARTESIAN_POINT ( 'NONE',  ( -73.95778607041239638, -12.49644280852330347, 88.89423373950221219 ) ) ;
#3644 = CARTESIAN_POINT ( 'NONE',  ( -37.08393132510646950, 1.417473220356202823, 44.67131290745317784 ) ) ;
#3645 = CARTESIAN_POINT ( 'NONE',  ( -82.33109864964889368, -12.49999999999880096, 79.61305994485721271 ) ) ;
#3646 = LINE ( 'NONE', #4014, #821 ) ;
#3647 = VERTEX_POINT ( 'NONE', #2169 ) ;
#3648 = EDGE_LOOP ( 'NONE', ( #1707, #4386, #1306, #927 ) ) ;
#3649 = CARTESIAN_POINT ( 'NONE',  ( -85.63144017337779701, 12.49999999996860112, 74.00535068806550498 ) ) ;
#3650 = CARTESIAN_POINT ( 'NONE',  ( -65.17454528355901289, -12.49999999999899991, 87.36335891498939077 ) ) ;
#3651 = CARTESIAN_POINT ( 'NONE',  ( -56.08481595453680058, 4.500000000000000000, 93.36139929156260564 ) ) ;
#3652 = CARTESIAN_POINT ( 'NONE',  ( -27.89372388777439937, -12.49999999999140066, 44.21695307089159854 ) ) ;
#3653 = CARTESIAN_POINT ( 'NONE',  ( -5.926463733342441920, -6.150820471090097996, 62.89296371640179473 ) ) ;
#3654 = CARTESIAN_POINT ( 'NONE',  ( -93.40007696065070775, 4.500000000000000000, 75.95983323512039931 ) ) ;
#3655 = CARTESIAN_POINT ( 'NONE',  ( -23.68281634643030031, -12.50000000000000000, 38.00000000000000000 ) ) ;
#3656 = ADVANCED_FACE ( 'NONE', ( #1771 ), #945, .T. ) ;
#3657 = CARTESIAN_POINT ( 'NONE',  ( -85.35338830273430233, 12.50000000000000000, 71.77636372935519660 ) ) ;
#3658 = CARTESIAN_POINT ( 'NONE',  ( -81.08486683513919502, 12.49999999998810019, 69.09904101408609733 ) ) ;
#3659 = EDGE_CURVE ( 'NONE', #2794, #1961, #1422, .T. ) ;
#3660 = CARTESIAN_POINT ( 'NONE',  ( -53.40971694110280055, 12.49999999732420086, 83.79768380621290191 ) ) ;
#3661 = CARTESIAN_POINT ( 'NONE',  ( -83.56461588794850570, -12.49999999999549871, 70.40157760325610070 ) ) ;
#3662 = CARTESIAN_POINT ( 'NONE',  ( -91.11683696263622778, -12.50000000000000178, 66.22497132138174436 ) ) ;
#3663 = CARTESIAN_POINT ( 'NONE',  ( -35.19080396891288132, 12.50000000000000355, 38.07782910573161672 ) ) ;
#3664 = CARTESIAN_POINT ( 'NONE',  ( -27.43884697544000417, 12.49999999999960032, 42.43835637906669689 ) ) ;
#3665 = CARTESIAN_POINT ( 'NONE',  ( -76.29686956550908405, 8.244903367198237021, 95.81636945403874961 ) ) ;
#3666 = CARTESIAN_POINT ( 'NONE',  ( -75.53167116745569842, -10.85094638115200638, 93.55491222109706939 ) ) ;
#3667 = CARTESIAN_POINT ( 'NONE',  ( -5.754360833654098784, -4.500000000000000000, 59.90190943898993936 ) ) ;
#3668 = CARTESIAN_POINT ( 'NONE',  ( -37.18579420799046886, 1.324010032273540860, 44.79749812173723456 ) ) ;
#3669 = CARTESIAN_POINT ( 'NONE',  ( -85.61110069504540832, -12.49999999994999911, 74.06690397125669278 ) ) ;
#3670 = CARTESIAN_POINT ( 'NONE',  ( -37.65197510552129501, -0.7291317272917934300, 45.33026465062156518 ) ) ;
#3671 = VERTEX_POINT ( 'NONE', #3863 ) ;
#3672 = CARTESIAN_POINT ( 'NONE',  ( -85.87750795406689974, 12.49999999991110045, 72.82716590732391637 ) ) ;
#3673 = MECHANICAL_DESIGN_GEOMETRIC_PRESENTATION_REPRESENTATION (  '', ( #4272 ), #3906 ) ;
#3674 = CARTESIAN_POINT ( 'NONE',  ( -53.96461481815129702, -12.49999999889129931, 84.03877483794548198 ) ) ;
#3675 = CARTESIAN_POINT ( 'NONE',  ( -66.75507977202499887, 4.500000000000000000, 95.76004056879159521 ) ) ;
#3676 = CARTESIAN_POINT ( 'NONE',  ( -27.82484314210050158, -12.49999999999710099, 43.98872713361939901 ) ) ;
#3677 = CARTESIAN_POINT ( 'NONE',  ( -32.00283175543539471, 4.500000000000000000, 64.30021536386550451 ) ) ;
#3678 = CARTESIAN_POINT ( 'NONE',  ( -93.76328503548086246, 12.50000000000000000, 71.25613026896265012 ) ) ;
#3679 = CARTESIAN_POINT ( 'NONE',  ( -78.80312078831880740, -4.500000000000000000, 94.83593243073740098 ) ) ;
#3680 = CARTESIAN_POINT ( 'NONE',  ( -90.28043717272349511, -10.00000000000001421, 77.94217973049110526 ) ) ;
#3681 = CARTESIAN_POINT ( 'NONE',  ( -82.45047690387670514, 12.49999999999559996, 69.76704816005110388 ) ) ;
#3682 = CARTESIAN_POINT ( 'NONE',  ( -49.55702644993990447, 12.49999999996720135, 81.86893577129120558 ) ) ;
#3683 = CARTESIAN_POINT ( 'NONE',  ( -79.14334519724728523, -12.49999999999699973, 68.28252966889769482 ) ) ;
#3684 = CARTESIAN_POINT ( 'NONE',  ( -93.33642296708288200, -4.500000000000000000, 69.64610966217351518 ) ) ;
#3685 = EDGE_CURVE ( 'NONE', #4168, #216, #4231, .T. ) ;
#3686 = PLANE ( 'NONE',  #2155 ) ;
#3687 = CARTESIAN_POINT ( 'NONE',  ( -28.20568631594669995, 12.50000000000050093, 45.12049196748579760 ) ) ;
#3688 = CARTESIAN_POINT ( 'NONE',  ( -35.20000000093090620, -4.567219663268769381, 37.99780313149559419 ) ) ;
#3689 = CARTESIAN_POINT ( 'NONE',  ( -75.04005684819692590, -11.71783676566578691, 92.10077161342151442 ) ) ;
#3690 = CARTESIAN_POINT ( 'NONE',  ( -5.848631457822079938, -6.356990812761976528, 43.27231154511042632 ) ) ;
#3691 = CARTESIAN_POINT ( 'NONE',  ( -69.36889095733293686, -12.50000000000000000, 96.11800931336067322 ) ) ;
#3692 = DIRECTION ( 'NONE',  ( 0.9510565162951517548, 0.000000000000000000, -0.3090169943749529469 ) ) ;
#3693 = CARTESIAN_POINT ( 'NONE',  ( -85.65749245363089415, -12.49999999998759925, 73.92279257200199538 ) ) ;
#3694 = CARTESIAN_POINT ( 'NONE',  ( -37.23574797415695770, -1.274187058612851420, 44.85773334550118818 ) ) ;
#3695 = ORIENTED_EDGE ( 'NONE', *, *, #1568, .T. ) ;
#3696 = CARTESIAN_POINT ( 'NONE',  ( -37.90684249869460132, -4.500000000000000000, 45.61346641961609549 ) ) ;
#3697 = CARTESIAN_POINT ( 'NONE',  ( -85.86863480337619592, 12.49999999998889955, 72.95766121264870208 ) ) ;
#3698 = DIRECTION ( 'NONE',  ( 0.000000000000000000, 0.000000000000000000, -1.000000000000000000 ) ) ;
#3699 = CARTESIAN_POINT ( 'NONE',  ( -27.60623960110950037, -12.49999999999839950, 43.19190949770499799 ) ) ;
#3700 = CARTESIAN_POINT ( 'NONE',  ( -10.83694344106706708, -11.94907684103845469, 59.87272926540875773 ) ) ;
#3701 = CARTESIAN_POINT ( 'NONE',  ( -93.40007696065075038, 12.50000000000000178, 75.95983323512045615 ) ) ;
#3702 = CARTESIAN_POINT ( 'NONE',  ( -6.268968957817802057, -7.199786180753414477, 42.46116609924717977 ) ) ;
#3703 = ORIENTED_EDGE ( 'NONE', *, *, #1599, .F. ) ;
#3704 = CARTESIAN_POINT ( 'NONE',  ( -82.47079984278148856, 12.49999999999629985, 69.77778832843570456 ) ) ;
#3705 = CARTESIAN_POINT ( 'NONE',  ( -45.66696040711129712, 12.49999999995450040, 79.49462992906499892 ) ) ;
#3706 = CARTESIAN_POINT ( 'NONE',  ( -77.15749959360141474, -12.49999999999889866, 67.55719227427289297 ) ) ;
#3707 = B_SPLINE_CURVE_WITH_KNOTS ( 'NONE', 3,
 ( #1784, #3535, #713, #4495 ),
 .UNSPECIFIED., .F., .F.,
 ( 4, 4 ),
 ( 0.000000000000000000, 0.8340357921389619511 ),
 .UNSPECIFIED. ) ;
#3708 = CARTESIAN_POINT ( 'NONE',  ( -84.46729718858850333, -12.50000000000000000, 71.00923135853390988 ) ) ;
#3709 = CARTESIAN_POINT ( 'NONE',  ( -39.41619753664669901, -4.499999999999999112, 79.57987957991700512 ) ) ;
#3710 = CARTESIAN_POINT ( 'NONE',  ( -27.81058731997670108, 12.49999999999809930, 43.94129547867859742 ) ) ;
#3711 = DIRECTION ( 'NONE',  ( 0.000000000000000000, 1.000000000000000000, 0.000000000000000000 ) ) ;
#3712 = CARTESIAN_POINT ( 'NONE',  ( -31.86597210479973086, -11.09223234018954685, 36.70589855049567518 ) ) ;
#3713 = CARTESIAN_POINT ( 'NONE',  ( -13.52832789054009943, -4.500000000000000000, 67.10643082012431648 ) ) ;
#3714 = CARTESIAN_POINT ( 'NONE',  ( -39.41619753664669901, -6.299999999999999822, 79.57987957991700512 ) ) ;
#3715 = DIRECTION ( 'NONE',  ( 1.000000000000000000, 0.000000000000000000, 0.000000000000000000 ) ) ;
#3716 = ORIENTED_EDGE ( 'NONE', *, *, #2577, .F. ) ;
#3717 = ORIENTED_EDGE ( 'NONE', *, *, #2456, .T. ) ;
#3718 = CARTESIAN_POINT ( 'NONE',  ( -35.63361911984100061, -12.50000000000000178, 42.14856517882738274 ) ) ;
#3719 = ORIENTED_EDGE ( 'NONE', *, *, #301, .T. ) ;
#3720 = CARTESIAN_POINT ( 'NONE',  ( -85.75733507900829977, 12.49999999999359979, 73.57044461131370383 ) ) ;
#3721 = CARTESIAN_POINT ( 'NONE',  ( -26.64215033065811511, 2.449293598294707400E-16, 41.89768151283263364 ) ) ;
#3722 = CARTESIAN_POINT ( 'NONE',  ( -34.33541347121807519, -8.255791449263384152, 37.35742412956955860 ) ) ;
#3723 = CARTESIAN_POINT ( 'NONE',  ( -9.518753126756951843, -11.28672824723732226, 60.67714976912107261 ) ) ;
#3724 = CARTESIAN_POINT ( 'NONE',  ( -92.51273304999070035, 12.50000000000000178, 78.34529650197745809 ) ) ;
#3725 = CARTESIAN_POINT ( 'NONE',  ( -24.52396913087750363, 0.000000000000000000, 40.26312671901922613 ) ) ;
#3726 = CARTESIAN_POINT ( 'NONE',  ( -83.71271932934659787, 12.49999999999839950, 70.49476327908119799 ) ) ;
#3727 = CARTESIAN_POINT ( 'NONE',  ( -58.68608213141970253, 12.49999999998770051, 85.76982070343859732 ) ) ;
#3728 = CARTESIAN_POINT ( 'NONE',  ( -64.64692255291778622, -12.50000000000000000, 64.08619642147080242 ) ) ;
#3729 = ADVANCED_FACE ( 'NONE', ( #764 ), #426, .F. ) ;
#3730 = CARTESIAN_POINT ( 'NONE',  ( -5.860422696878310411, -5.544115736139640482, 38.00000000000049738 ) ) ;
#3731 = CARTESIAN_POINT ( 'NONE',  ( -93.76300610641520450, -12.50000000000000000, 71.25439561473864103 ) ) ;
#3732 = CARTESIAN_POINT ( 'NONE',  ( -35.26547376007287227, 12.50000000000000178, 37.46140691432790959 ) ) ;
#3733 = CARTESIAN_POINT ( 'NONE',  ( -28.81963085989070095, 12.49999999999769962, 46.52022676599250417 ) ) ;
#3734 = VECTOR ( 'NONE', #1368, 1000.000000000000000 ) ;
#3735 = CARTESIAN_POINT ( 'NONE',  ( -5.340177779904602851, -12.50000000000000178, 62.79599731245212979 ) ) ;
#3736 = CARTESIAN_POINT ( 'NONE',  ( -13.75436083365409878, 4.500000000000000000, 38.00000000000000000 ) ) ;
#3737 = CARTESIAN_POINT ( 'NONE',  ( -56.08481595453680058, -4.500000000000000000, 93.36139929156260564 ) ) ;
#3738 = CARTESIAN_POINT ( 'NONE',  ( -37.83213169591461167, 0.2299804430060297666, 45.51986705624039331 ) ) ;
#3739 = CARTESIAN_POINT ( 'NONE',  ( -6.141297907042889470, 6.958079081703297142, 40.60505199411212374 ) ) ;
#3740 = ORIENTED_EDGE ( 'NONE', *, *, #631, .T. ) ;
#3741 = ORIENTED_EDGE ( 'NONE', *, *, #1369, .F. ) ;
#3742 = CARTESIAN_POINT ( 'NONE',  ( -35.63361911984099351, -4.500000000000000000, 42.14856517882740405 ) ) ;
#3743 = CARTESIAN_POINT ( 'NONE',  ( -85.87606237178221136, 12.49999999991750066, 72.65101813224300997 ) ) ;
#3744 = CARTESIAN_POINT ( 'NONE',  ( -92.75873645302350212, 4.500000000000000000, 68.40991147157909325 ) ) ;
#3745 = ORIENTED_EDGE ( 'NONE', *, *, #1459, .T. ) ;
#3746 = CYLINDRICAL_SURFACE ( 'NONE', #2420, 1.999999999999998668 ) ;
#3747 = CARTESIAN_POINT ( 'NONE',  ( -27.29852518383449578, -12.49999999999979927, 41.61733298469409448 ) ) ;
#3748 = CARTESIAN_POINT ( 'NONE',  ( -12.05617264998700833, -12.31819498611459274, 59.13285136979990142 ) ) ;
#3749 = CARTESIAN_POINT ( 'NONE',  ( -77.99072067542938669, 4.500000000000000000, 95.56337595829749887 ) ) ;
#3750 = CARTESIAN_POINT ( 'NONE',  ( -6.268947566802467897, -7.199630373770900427, 42.46106605502478004 ) ) ;
#3751 = ORIENTED_EDGE ( 'NONE', *, *, #1451, .T. ) ;
#3752 = CARTESIAN_POINT ( 'NONE',  ( -80.59011554858359716, 12.49999999999960032, 68.87755285085989954 ) ) ;
#3753 = EDGE_CURVE ( 'NONE', #3084, #3106, #2246, .T. ) ;
#3754 =( LENGTH_UNIT ( ) NAMED_UNIT ( * ) SI_UNIT ( .MILLI., .METRE. ) );
#3755 = CARTESIAN_POINT ( 'NONE',  ( -34.96786555957741882, 6.518640842680006209, 37.76736831157921870 ) ) ;
#3756 = CARTESIAN_POINT ( 'NONE',  ( -66.55076539277159497, -12.50000000000000000, 64.55377899874820002 ) ) ;
#3757 = FACE_OUTER_BOUND ( 'NONE', #2600, .T. ) ;
#3758 = CARTESIAN_POINT ( 'NONE',  ( -69.57419617550020519, 12.50000000000000000, 88.06757051275809545 ) ) ;
#3759 = CARTESIAN_POINT ( 'NONE',  ( -85.87162308295069124, -12.50000000000000000, 72.59767627746479945 ) ) ;
#3760 = VECTOR ( 'NONE', #2933, 1000.000000000000000 ) ;
#3761 = CARTESIAN_POINT ( 'NONE',  ( -35.12294298668620485, 4.500000000000000000, 39.27171781169610654 ) ) ;
#3762 = CARTESIAN_POINT ( 'NONE',  ( -29.23852532655679681, 12.49999999999910116, 47.30118826864329407 ) ) ;
#3763 = CARTESIAN_POINT ( 'NONE',  ( -75.73851662736321089, 10.34564250794073281, 94.16629197286415831 ) ) ;
#3764 = DIRECTION ( 'NONE',  ( 0.000000000000000000, -0.9510565162951549745, -0.3090169943749430104 ) ) ;
#3765 = CARTESIAN_POINT ( 'NONE',  ( -58.47543881307630187, -12.50000000000000000, 85.72377949809440167 ) ) ;
#3766 = LINE ( 'NONE', #2003, #2100 ) ;
#3767 = CARTESIAN_POINT ( 'NONE',  ( -60.11694480113320083, 4.500000000000000000, 94.45962370331758962 ) ) ;
#3768 = DIRECTION ( 'NONE',  ( 0.7431448254773881379, 0.000000000000000000, 0.6691306063588650099 ) ) ;
#3769 = ORIENTED_EDGE ( 'NONE', *, *, #428, .F. ) ;
#3770 = CARTESIAN_POINT ( 'NONE',  ( -41.31320817257019939, -12.50000000000000178, 48.21167213074062374 ) ) ;
#3771 = CARTESIAN_POINT ( 'NONE',  ( -85.54698209283229460, 12.49999999991930011, 74.25118938923371559 ) ) ;
#3772 = CARTESIAN_POINT ( 'NONE',  ( -90.76587805657290176, 12.50000000000000178, 65.87504743848997180 ) ) ;
#3773 = VERTEX_POINT ( 'NONE', #1622 ) ;
#3774 = DIRECTION ( 'NONE',  ( 1.000000000000000000, 0.000000000000000000, 0.000000000000000000 ) ) ;
#3775 = CARTESIAN_POINT ( 'NONE',  ( -27.18029891314710156, -12.50000000000000000, 37.81565613806659343 ) ) ;
#3776 = CARTESIAN_POINT ( 'NONE',  ( -35.19635190581309558, -5.020073313091280021, 36.91275821386449962 ) ) ;
#3777 = CARTESIAN_POINT ( 'NONE',  ( -78.78736508113530590, 12.50000000000000000, 83.71610191657640598 ) ) ;
#3778 = ORIENTED_EDGE ( 'NONE', *, *, #2841, .F. ) ;
#3779 = PRODUCT_CONTEXT ( 'NONE', #12, 'mechanical' ) ;
#3780 = CARTESIAN_POINT ( 'NONE',  ( -38.01473287013720181, 12.50000000000000000, 73.99683691382929851 ) ) ;
#3781 = CARTESIAN_POINT ( 'NONE',  ( -51.23727032277189863, -12.50000000000779998, 60.68221907915300051 ) ) ;
#3782 = EDGE_CURVE ( 'NONE', #993, #3106, #1211, .T. ) ;
#3783 = CARTESIAN_POINT ( 'NONE',  ( -5.754360833654099672, 12.50000000000000000, 63.00000000000000000 ) ) ;
#3784 = CARTESIAN_POINT ( 'NONE',  ( -33.58950968336975507, 9.453581766145575216, 37.02673684499742990 ) ) ;
#3785 = CARTESIAN_POINT ( 'NONE',  ( -93.67982451931689525, -4.500000000000000000, 70.82857803245870798 ) ) ;
#3786 = CARTESIAN_POINT ( 'NONE',  ( -27.79776508608379970, 12.50000000000000000, 43.92076165368509777 ) ) ;
#3787 = CARTESIAN_POINT ( 'NONE',  ( -41.16546422809410188, 12.49999999999650058, 57.12012891711199813 ) ) ;
#3788 = CARTESIAN_POINT ( 'NONE',  ( -85.75784269165100682, -12.49999999999340083, 73.56842779451709191 ) ) ;
#3789 = CARTESIAN_POINT ( 'NONE',  ( -9.826520708186874842, -12.50000000000000355, 65.07717324070627285 ) ) ;
#3790 = CARTESIAN_POINT ( 'NONE',  ( -5.856189352455749564, 5.728545646255040147, 38.00000000000069633 ) ) ;
#3791 = CARTESIAN_POINT ( 'NONE',  ( -65.56433536768520298, -12.50000000000000000, 87.45002697729040619 ) ) ;
#3792 = ADVANCED_FACE ( 'NONE', ( #2922 ), #1383, .F. ) ;
#3793 = CARTESIAN_POINT ( 'NONE',  ( -36.12389692924859474, 4.500000000000000000, 82.57787135891199171 ) ) ;
#3794 = CARTESIAN_POINT ( 'NONE',  ( -92.93459152373216625, 5.519070834702793249, 77.19588482072634861 ) ) ;
#3795 = ORIENTED_EDGE ( 'NONE', *, *, #1265, .T. ) ;
#3796 = CARTESIAN_POINT ( 'NONE',  ( -37.27396711826949627, -4.500000000000000000, 44.92277582449519713 ) ) ;
#3797 = CARTESIAN_POINT ( 'NONE',  ( -84.11256735708180088, 12.49999999996770050, 77.07910232358818803 ) ) ;
#3798 = CARTESIAN_POINT ( 'NONE',  ( -92.59530064987131937, 12.50000000000000355, 68.13060601865397814 ) ) ;
#3799 = ORIENTED_EDGE ( 'NONE', *, *, #1119, .F. ) ;
#3800 = DIRECTION ( 'NONE',  ( -1.858904598392799890E-15, 0.000000000000000000, -1.000000000000000000 ) ) ;
#3801 = CARTESIAN_POINT ( 'NONE',  ( -34.08007557074123639, -8.721769311218391607, 37.23449869339118834 ) ) ;
#3802 = CARTESIAN_POINT ( 'NONE',  ( -13.75436083281629962, -12.50000000000000000, 58.10893120994310124 ) ) ;
#3803 = CARTESIAN_POINT ( 'NONE',  ( -80.86222524197469852, 12.50000000000000000, 81.42325530543000411 ) ) ;
#3804 =( BOUNDED_SURFACE ( )  B_SPLINE_SURFACE ( 3, 2, ( 
 ( #2818, #706, #101 ),
 ( #4215, #2430, #451 ),
 ( #2774, #2151, #1818 ),
 ( #2089, #2495, #1064 ),
 ( #1756, #748, #3528 ),
 ( #409, #3890, #3200 ),
 ( #1534, #1146, #3590 ),
 ( #811, #3262, #473 ),
 ( #2878, #1516, #3608 ),
 ( #2575, #1858, #3934 ),
 ( #3241, #4299, #2899 ),
 ( #2193, #140, #122 ),
 ( #4279, #3951, #2918 ),
 ( #1166, #2556, #3970 ),
 ( #1876, #830, #2213 ),
 ( #2232, #491, #4318 ),
 ( #1186, #850, #2538 ),
 ( #1495, #1984, #206 ),
 ( #1962, #3431, #4118 ),
 ( #1355, #3375, #3036 ),
 ( #994, #4482, #1704 ),
 ( #2348, #601, #2694 ),
 ( #261, #3085, #1652 ),
 ( #312, #4094, #4433 ),
 ( #2303, #918, #2670 ),
 ( #653, #2034, #1307 ),
 ( #968, #3718, #3742 ),
 ( #284, #624, #4143 ),
 ( #4411, #2746, #4387 ),
 ( #3060, #1017, #2007 ),
 ( #3403, #1283, #2720 ),
 ( #2373, #2399, #3796 ),
 ( #3354, #235, #3696 ),
 ( #1629, #677, #1604 ),
 ( #1678, #3329, #4457 ),
 ( #3014, #1332, #2988 ),
 ( #1259, #3770, #2647 ),
 ( #4043, #579, #4070 ),
 ( #943, #2325, #2768 ),
 ( #2424, #4504, #4166 ),
 ( #3842, #405, #360 ),
 ( #723, #2446, #336 ),
 ( #1038, #1751, #3819 ),
 ( #1100, #701, #3173 ),
 ( #2205, #3128, #1728 ),
 ( #2107, #3600, #3107 ),
 ( #1081, #822, #2471 ),
 ( #3477, #3502, #133 ),
 ( #1527, #33, #1378 ),
 ( #2911, #2491, #2083 ),
 ( #3455, #2791, #9 ),
 ( #4232, #1401, #3253 ),
 ( #384, #1794, #4187 ),
 ( #1773, #3153, #1059 ),
 ( #1424, #2814, #4209 ),
 ( #3886, #3864, #56 ),
 ( #484, #744, #2128 ),
 ( #3524, #1869, #1449 ),
 ( #2834, #3962, #4311 ),
 ( #1178, #2568, #2060 ),
 ( #2952, #2315, #1952 ),
 ( #503, #3984, #932 ),
 ( #2591, #3366, #4006 ),
 ( #3274, #3002, #1974 ),
 ( #3708, #544, #2931 ),
 ( #152, #2634, #1245 ),
 ( #591, #863, #1199 ),
 ( #171, #4330, #2247 ),
 ( #4399, #2658, #4057 ),
 ( #1591, #3662, #906 ),
 ( #3619, #3317, #1272 ),
 ( #2292, #1906, #249 ),
 ( #1221, #568, #1642 ),
 ( #1564, #4030, #3292 ),
 ( #1296, #3027, #1546 ),
 ( #4423, #2612, #3638 ),
 ( #1929, #523, #2224 ),
 ( #194, #4353, #2683 ),
 ( #842, #1887, #2976 ),
 ( #3343, #883, #3684 ),
 ( #2269, #4376, #222 ),
 ( #1617, #958, #2048 ),
 ( #300, #3391, #3785 ),
 ( #1322, #3731, #2362 ),
 ( #3759, #1347, #1693 ),
 ( #3445, #3075, #3049 ),
 ( #2337, #2708, #4471 ),
 ( #642, #4447, #3418 ),
 ( #2735, #326, #4084 ),
 ( #2389, #614, #2022 ),
 ( #1997, #4132, #1008 ),
 ( #274, #1667, #4108 ),
 ( #667, #983, #3556 ),
 ( #3163, #2885, #1458 ),
 ( #2544, #798, #4221 ),
 ( #2180, #4199, #1783 ),
 ( #734, #1133, #45 ),
 ( #1762, #754, #1824 ),
 ( #1502, #1090, #2118 ),
 ( #2480, #65, #2138 ),
 ( #2158, #3577, #1803 ),
 ( #1110, #458, #1436 ),
 ( #4262, #3534, #1845 ),
 ( #2843, #3184, #817 ),
 ( #4240, #2501, #3897 ),
 ( #2803, #3875, #3228 ),
 ( #414, #372, #777 ),
 ( #437, #3206, #87 ),
 ( #1482, #1070, #2865 ),
 ( #2524, #3918, #3490 ),
 ( #3513, #3854, #107 ),
 ( #2461, #394, #2824 ),
 ( #4285, #1153, #3940 ),
 ( #3141, #21, #1413 ),
 ( #166, #2628, #1864 ),
 ( #3979, #1947, #2287 ),
 ( #4000, #563, #4394 ),
 ( #901, #1900, #2926 ),
 ( #3337, #1585, #3679 ),
 ( #1923, #837, #3615 ),
 ( #2996, #1612, #1194 ),
 ( #1215, #215, #2607 ),
 ( #1266, #2264, #4025 ),
 ( #2653, #1559, #3248 ),
 ( #4051, #2201, #2220 ),
 ( #3596, #4326, #2907 ),
 ( #2563, #129, #4307 ) ),
 .UNSPECIFIED., .F., .F., .F. ) 
 B_SPLINE_SURFACE_WITH_KNOTS ( ( 4, 1, 1, 1, 1, 1, 1, 1, 1, 1, 1, 1, 1, 1, 1, 1, 1, 1, 1, 1, 1, 1, 1, 1, 1, 1, 1, 1, 1, 1, 1, 1, 1, 1, 1, 1, 1, 1, 1, 1, 1, 1, 1, 1, 1, 1, 1, 1, 1, 1, 1, 1, 1, 1, 1, 1, 1, 1, 1, 1, 1, 1, 1, 1, 1, 1, 1, 1, 1, 1, 1, 1, 1, 1, 1, 1, 1, 1, 1, 1, 1, 1, 1, 1, 1, 1, 1, 1, 1, 1, 1, 1, 1, 1, 1, 1, 1, 1, 1, 1, 1, 1, 1, 1, 1, 1, 1, 1, 1, 1, 1, 1, 1, 1, 1, 1, 1, 1, 1, 1, 1, 1, 1, 1, 4 ),
 ( 3, 3 ),
 ( 0.1142462525739290080, 0.1146259659316199997, 0.1150056792893110053, 0.1151955359681570007, 0.1153853926470019969, 0.1155752493258480063, 0.1156701776652709901, 0.1157176418349820102, 0.1157413739198380059, 0.1157651060046930025, 0.1158125701744049940, 0.1158600343441160002, 0.1159549626835389979, 0.1160498910229619957, 0.1161448193623839942, 0.1163346760412300035, 0.1165245327200749997, 0.1172839594354569970, 0.1180433861508389942, 0.1188028128662210053, 0.1195622395816030026, 0.1203216662969849998, 0.1210810930123669971, 0.1218405197277489943, 0.1225999464431310054, 0.1233593731585120035, 0.1248782265892759979, 0.1263970800200399924, 0.1271565067354220036, 0.1279159334508039869, 0.1294347868815680092, 0.1309536403123320036, 0.1324724937430949989, 0.1339913471738589934, 0.1355102006046229879, 0.1370290540353870101, 0.1385479074661510046, 0.1415856143276779944, 0.1446233211892060111, 0.1476610280507340001, 0.1506987349122609898, 0.1537364417737890065, 0.1567741486353169955, 0.1598118554968440130, 0.1628495623583720020, 0.1658872692198999910, 0.1689249760814270085, 0.1719626829429549975, 0.1734815363737189919, 0.1750003898044829864, 0.1765192432352460095, 0.1780380966660100039, 0.1795569500967739984, 0.1803163768121560095, 0.1810758035275379929, 0.1818352302429200040, 0.1825946569583020151, 0.1833540836736839985, 0.1837337970313750179, 0.1841135103890660096, 0.1844932237467569736, 0.1848729371044469938, 0.1852526504621379855, 0.1856323638198290049, 0.1860120771775199966, 0.1862019338563659920, 0.1863917905352109883, 0.1865816472140570115, 0.1867715038929019800, 0.1869613605717480032, 0.1870562889111700156, 0.1871512172505929994, 0.1872461455900159832, 0.1873410739294389948, 0.1873885380991499872, 0.1874360022688610072, 0.1874834664385729988, 0.1875309306082840188, 0.1875783947779960104, 0.1876021268628509930, 0.1876258589477070027, 0.1876495910325630123, 0.1876733231174180228, 0.1877207872871299865, 0.1877682514568410066, 0.1878157156265519989, 0.1878631797962639904, 0.1879106439659750105, 0.1880055723053979944, 0.1881005006448210060, 0.1881954289842429906, 0.1882903573236660022, 0.1884802140025119976, 0.1886700706813569939, 0.1888599273602030171, 0.1890497840390479856, 0.1892396407178929818, 0.1894294973967390050, 0.1898092107544299967, 0.1901889241121209884, 0.1905686374698119800, 0.1909483508275029995, 0.1913280641851939912, 0.1917077775428850106, 0.1924672042582669940, 0.1932266309736490051, 0.1939860576890300170, 0.1947454844044120004, 0.1955049111197940115, 0.1962643378351759949, 0.1977831912659400171, 0.1993020446967040116, 0.2008208981274680061, 0.2023397515582310013, 0.2038586049889949958, 0.2053774584197589903, 0.2068963118505230125, 0.2084151652812870070, 0.2091745919966690181, 0.2099340187120510015, 0.2103137320697419932, 0.2106934454274330126, 0.2108833021062780089, 0.2110731587851230051, 0.2114528721428139968 ),
 ( 0.000000000000000000, 1.000000000000000000 ),
 .UNSPECIFIED. ) 
 GEOMETRIC_REPRESENTATION_ITEM ( )  RATIONAL_B_SPLINE_SURFACE ( (
 ( 1.000000000000000000, 0.7071067811865480168, 1.000000000000000000),
 ( 1.000000000000000000, 0.7071067811865480168, 1.000000000000000000),
 ( 1.000000000000000000, 0.7071067811865480168, 1.000000000000000000),
 ( 1.000000000000000000, 0.7071067811865470176, 1.000000000000000000),
 ( 1.000000000000000000, 0.7071067811865480168, 1.000000000000000000),
 ( 1.000000000000000000, 0.7071067811865470176, 1.000000000000000000),
 ( 1.000000000000000000, 0.7071067811865470176, 1.000000000000000000),
 ( 1.000000000000000000, 0.7071067811865480168, 1.000000000000000000),
 ( 1.000000000000000000, 0.7071067811865470176, 1.000000000000000000),
 ( 1.000000000000000000, 0.7071067811865480168, 1.000000000000000000),
 ( 1.000000000000000000, 0.7071067811865470176, 1.000000000000000000),
 ( 1.000000000000000000, 0.7071067811865480168, 1.000000000000000000),
 ( 1.000000000000000000, 0.7071067811865480168, 1.000000000000000000),
 ( 1.000000000000000000, 0.7071067811865470176, 1.000000000000000000),
 ( 1.000000000000000000, 0.7071067811865470176, 1.000000000000000000),
 ( 1.000000000000000000, 0.7071067811865480168, 1.000000000000000000),
 ( 1.000000000000000000, 0.7071067811865470176, 1.000000000000000000),
 ( 1.000000000000000000, 0.7071067811865480168, 1.000000000000000000),
 ( 1.000000000000000000, 0.7071067811865480168, 1.000000000000000000),
 ( 1.000000000000000000, 0.7071067811865480168, 1.000000000000000000),
 ( 1.000000000000000000, 0.7071067811865480168, 1.000000000000000000),
 ( 1.000000000000000000, 0.7071067811865480168, 1.000000000000000000),
 ( 1.000000000000000000, 0.7071067811865480168, 1.000000000000000000),
 ( 1.000000000000000000, 0.7071067811865480168, 1.000000000000000000),
 ( 1.000000000000000000, 0.7071067811865480168, 1.000000000000000000),
 ( 1.000000000000000000, 0.7071067811865470176, 1.000000000000000000),
 ( 1.000000000000000000, 0.7071067811865480168, 1.000000000000000000),
 ( 1.000000000000000000, 0.7071067811865480168, 1.000000000000000000),
 ( 1.000000000000000000, 0.7071067811865470176, 1.000000000000000000),
 ( 1.000000000000000000, 0.7071067811865470176, 1.000000000000000000),
 ( 1.000000000000000000, 0.7071067811865480168, 1.000000000000000000),
 ( 1.000000000000000000, 0.7071067811865480168, 1.000000000000000000),
 ( 1.000000000000000000, 0.7071067811865480168, 1.000000000000000000),
 ( 1.000000000000000000, 0.7071067811865480168, 1.000000000000000000),
 ( 1.000000000000000000, 0.7071067811865480168, 1.000000000000000000),
 ( 1.000000000000000000, 0.7071067811865480168, 1.000000000000000000),
 ( 1.000000000000000000, 0.7071067811865480168, 1.000000000000000000),
 ( 1.000000000000000000, 0.7071067811865470176, 1.000000000000000000),
 ( 1.000000000000000000, 0.7071067811865480168, 1.000000000000000000),
 ( 1.000000000000000000, 0.7071067811865470176, 1.000000000000000000),
 ( 1.000000000000000000, 0.7071067811865480168, 1.000000000000000000),
 ( 1.000000000000000000, 0.7071067811865480168, 1.000000000000000000),
 ( 1.000000000000000000, 0.7071067811865480168, 1.000000000000000000),
 ( 1.000000000000000000, 0.7071067811865480168, 1.000000000000000000),
 ( 1.000000000000000000, 0.7071067811865480168, 1.000000000000000000),
 ( 1.000000000000000000, 0.7071067811865480168, 1.000000000000000000),
 ( 1.000000000000000000, 0.7071067811865480168, 1.000000000000000000),
 ( 1.000000000000000000, 0.7071067811865480168, 1.000000000000000000),
 ( 1.000000000000000000, 0.7071067811865480168, 1.000000000000000000),
 ( 1.000000000000000000, 0.7071067811865480168, 1.000000000000000000),
 ( 1.000000000000000000, 0.7071067811865480168, 1.000000000000000000),
 ( 1.000000000000000000, 0.7071067811865480168, 1.000000000000000000),
 ( 1.000000000000000000, 0.7071067811865480168, 1.000000000000000000),
 ( 1.000000000000000000, 0.7071067811865480168, 1.000000000000000000),
 ( 1.000000000000000000, 0.7071067811865480168, 1.000000000000000000),
 ( 1.000000000000000000, 0.7071067811865470176, 1.000000000000000000),
 ( 1.000000000000000000, 0.7071067811865480168, 1.000000000000000000),
 ( 1.000000000000000000, 0.7071067811865480168, 1.000000000000000000),
 ( 1.000000000000000000, 0.7071067811865470176, 1.000000000000000000),
 ( 1.000000000000000000, 0.7071067811865480168, 1.000000000000000000),
 ( 1.000000000000000000, 0.7071067811865480168, 1.000000000000000000),
 ( 1.000000000000000000, 0.7071067811865480168, 1.000000000000000000),
 ( 1.000000000000000000, 0.7071067811865480168, 1.000000000000000000),
 ( 1.000000000000000000, 0.7071067811865480168, 1.000000000000000000),
 ( 1.000000000000000000, 0.7071067811865470176, 1.000000000000000000),
 ( 1.000000000000000000, 0.7071067811865470176, 1.000000000000000000),
 ( 1.000000000000000000, 0.7071067811865470176, 1.000000000000000000),
 ( 1.000000000000000000, 0.7071067811865480168, 1.000000000000000000),
 ( 1.000000000000000000, 0.7071067811865470176, 1.000000000000000000),
 ( 1.000000000000000000, 0.7071067811865480168, 1.000000000000000000),
 ( 1.000000000000000000, 0.7071067811865480168, 1.000000000000000000),
 ( 1.000000000000000000, 0.7071067811865470176, 1.000000000000000000),
 ( 1.000000000000000000, 0.7071067811865480168, 1.000000000000000000),
 ( 1.000000000000000000, 0.7071067811865470176, 1.000000000000000000),
 ( 1.000000000000000000, 0.7071067811865480168, 1.000000000000000000),
 ( 1.000000000000000000, 0.7071067811865470176, 1.000000000000000000),
 ( 1.000000000000000000, 0.7071067811865480168, 1.000000000000000000),
 ( 1.000000000000000000, 0.7071067811865470176, 1.000000000000000000),
 ( 1.000000000000000000, 0.7071067811865470176, 1.000000000000000000),
 ( 1.000000000000000000, 0.7071067811865480168, 1.000000000000000000),
 ( 1.000000000000000000, 0.7071067811865470176, 1.000000000000000000),
 ( 1.000000000000000000, 0.7071067811865490160, 1.000000000000000000),
 ( 1.000000000000000000, 0.7071067811865460184, 1.000000000000000000),
 ( 1.000000000000000000, 0.7071067811865490160, 1.000000000000000000),
 ( 1.000000000000000000, 0.7071067811865470176, 1.000000000000000000),
 ( 1.000000000000000000, 0.7071067811865460184, 1.000000000000000000),
 ( 1.000000000000000000, 0.7071067811865480168, 1.000000000000000000),
 ( 1.000000000000000000, 0.7071067811865470176, 1.000000000000000000),
 ( 1.000000000000000000, 0.7071067811865480168, 1.000000000000000000),
 ( 1.000000000000000000, 0.7071067811865470176, 1.000000000000000000),
 ( 1.000000000000000000, 0.7071067811865490160, 1.000000000000000000),
 ( 1.000000000000000000, 0.7071067811865480168, 1.000000000000000000),
 ( 1.000000000000000000, 0.7071067811865470176, 1.000000000000000000),
 ( 1.000000000000000000, 0.7071067811865480168, 1.000000000000000000),
 ( 1.000000000000000000, 0.7071067811865480168, 1.000000000000000000),
 ( 1.000000000000000000, 0.7071067811865480168, 1.000000000000000000),
 ( 1.000000000000000000, 0.7071067811865460184, 1.000000000000000000),
 ( 1.000000000000000000, 0.7071067811865480168, 1.000000000000000000),
 ( 1.000000000000000000, 0.7071067811865470176, 1.000000000000000000),
 ( 1.000000000000000000, 0.7071067811865480168, 1.000000000000000000),
 ( 1.000000000000000000, 0.7071067811865480168, 1.000000000000000000),
 ( 1.000000000000000000, 0.7071067811865470176, 1.000000000000000000),
 ( 1.000000000000000000, 0.7071067811865480168, 1.000000000000000000),
 ( 1.000000000000000000, 0.7071067811865470176, 1.000000000000000000),
 ( 1.000000000000000000, 0.7071067811865480168, 1.000000000000000000),
 ( 1.000000000000000000, 0.7071067811865470176, 1.000000000000000000),
 ( 1.000000000000000000, 0.7071067811865480168, 1.000000000000000000),
 ( 1.000000000000000000, 0.7071067811865470176, 1.000000000000000000),
 ( 1.000000000000000000, 0.7071067811865480168, 1.000000000000000000),
 ( 1.000000000000000000, 0.7071067811865470176, 1.000000000000000000),
 ( 1.000000000000000000, 0.7071067811865470176, 1.000000000000000000),
 ( 1.000000000000000000, 0.7071067811865480168, 1.000000000000000000),
 ( 1.000000000000000000, 0.7071067811865480168, 1.000000000000000000),
 ( 1.000000000000000000, 0.7071067811865480168, 1.000000000000000000),
 ( 1.000000000000000000, 0.7071067811865470176, 1.000000000000000000),
 ( 1.000000000000000000, 0.7071067811865480168, 1.000000000000000000),
 ( 1.000000000000000000, 0.7071067811865480168, 1.000000000000000000),
 ( 1.000000000000000000, 0.7071067811865470176, 1.000000000000000000),
 ( 1.000000000000000000, 0.7071067811865480168, 1.000000000000000000),
 ( 1.000000000000000000, 0.7071067811865480168, 1.000000000000000000),
 ( 1.000000000000000000, 0.7071067811865480168, 1.000000000000000000),
 ( 1.000000000000000000, 0.7071067811865480168, 1.000000000000000000),
 ( 1.000000000000000000, 0.7071067811865470176, 1.000000000000000000),
 ( 1.000000000000000000, 0.7071067811865470176, 1.000000000000000000),
 ( 1.000000000000000000, 0.7071067811865480168, 1.000000000000000000),
 ( 1.000000000000000000, 0.7071067811865480168, 1.000000000000000000),
 ( 1.000000000000000000, 0.7071067811865480168, 1.000000000000000000) ) ) 
 REPRESENTATION_ITEM ( '' )  SURFACE ( )  );
#3805 = CARTESIAN_POINT ( 'NONE',  ( -6.314978834827059018, 7.188314212583094331, 42.33393266696931789 ) ) ;
#3806 = CARTESIAN_POINT ( 'NONE',  ( -35.20000000000000284, -4.600780098470020008, 37.99473495984909732 ) ) ;
#3807 = CARTESIAN_POINT ( 'NONE',  ( -61.41570707754220138, -12.49999999999910116, 63.30245487646921276 ) ) ;
#3808 = CARTESIAN_POINT ( 'NONE',  ( -21.83722406390289805, 4.650802484893110211, 38.00000000000000000 ) ) ;
#3809 = AXIS2_PLACEMENT_3D ( 'NONE', #2306, #3800, #1360 ) ;
#3810 = CARTESIAN_POINT ( 'NONE',  ( -28.48155982454033719, 12.42983104432638619, 37.11186668142246958 ) ) ;
#3811 = CARTESIAN_POINT ( 'NONE',  ( -39.44907575430620028, 4.500000000000000000, 46.95800882968750045 ) ) ;
#3812 = CARTESIAN_POINT ( 'NONE',  ( -32.03029983607340370, 12.50000000000000000, 51.02911005296280678 ) ) ;
#3813 = CARTESIAN_POINT ( 'NONE',  ( -85.86403634581550648, -12.49999999992309974, 72.54843666978059957 ) ) ;
#3814 = CARTESIAN_POINT ( 'NONE',  ( -22.87262905705510008, -5.862361807952879644, 41.75000000000000000 ) ) ;
#3815 = CARTESIAN_POINT ( 'NONE',  ( -35.20000000000000284, 4.500000000000000000, 38.00000000000000000 ) ) ;
#3816 = CARTESIAN_POINT ( 'NONE',  ( -77.12042060483570083, 12.50000000000000000, 88.78388677478049829 ) ) ;
#3817 = DIRECTION ( 'NONE',  ( 0.000000000000000000, -1.000000000000000000, 0.000000000000000000 ) ) ;
#3818 = VERTEX_POINT ( 'NONE', #4486 ) ;
#3819 = CARTESIAN_POINT ( 'NONE',  ( -55.32990382218190462, -4.500000000000000000, 53.52302538182449609 ) ) ;
#3820 = CARTESIAN_POINT ( 'NONE',  ( -85.22601328162821233, 12.49999999999899991, 75.03533767091330731 ) ) ;
#3821 = EDGE_LOOP ( 'NONE', ( #1940, #1676, #1732, #4204, #1358 ) ) ;
#3822 = ORIENTED_EDGE ( 'NONE', *, *, #252, .F. ) ;
#3823 = B_SPLINE_CURVE_WITH_KNOTS ( 'NONE', 3,
 ( #648, #938, #230, #4038 ),
 .UNSPECIFIED., .F., .F.,
 ( 4, 4 ),
 ( 0.9607587878372055856, 1.000000000000000000 ),
 .UNSPECIFIED. ) ;
#3824 = CARTESIAN_POINT ( 'NONE',  ( -75.66206260732319322, -12.50000000000000000, 86.83539080558850287 ) ) ;
#3825 = CARTESIAN_POINT ( 'NONE',  ( -34.01197533727221867, -8.833640107493534899, 37.20383924441325973 ) ) ;
#3826 =( NAMED_UNIT ( * ) SI_UNIT ( $, .STERADIAN. ) SOLID_ANGLE_UNIT ( ) );
#3827 = CARTESIAN_POINT ( 'NONE',  ( -89.22722655255691393, 4.500000000000000000, 83.76338982225189511 ) ) ;
#3828 = EDGE_CURVE ( 'NONE', #2693, #3818, #177, .T. ) ;
#3829 = CARTESIAN_POINT ( 'NONE',  ( -6.345496745456219223, 7.410733146998704335, 42.47043791382252920 ) ) ;
#3830 = CARTESIAN_POINT ( 'NONE',  ( -35.19733470908217754, 4.907267527262551887, 37.98466099411073316 ) ) ;
#3831 = CARTESIAN_POINT ( 'NONE',  ( -49.10630965622770816, -12.49999999981050003, 60.04992180625279730 ) ) ;
#3832 = CARTESIAN_POINT ( 'NONE',  ( -82.57641703524045340, 4.500000000000000888, 91.27134810187047265 ) ) ;
#3833 = CARTESIAN_POINT ( 'NONE',  ( -68.49311084456351750, 12.50000000000000000, 87.91921797316580012 ) ) ;
#3834 = CARTESIAN_POINT ( 'NONE',  ( -35.46978737058429942, 12.50000000000000355, 41.64239966089220246 ) ) ;
#3835 = CARTESIAN_POINT ( 'NONE',  ( -43.07990010261239888, 12.50000000000000000, 57.93603815282619962 ) ) ;
#3836 = CARTESIAN_POINT ( 'NONE',  ( -85.85748613790970296, -12.49999999969749886, 72.51592550505149859 ) ) ;
#3837 = DIRECTION ( 'NONE',  ( -1.000000000000000000, 0.000000000000000000, 0.000000000000000000 ) ) ;
#3838 = CARTESIAN_POINT ( 'NONE',  ( -74.32591774599436008, -12.50000000000000178, 96.60750706847565539 ) ) ;
#3839 = CARTESIAN_POINT ( 'NONE',  ( -76.62713213188681038, 12.50000000000000178, 96.76866509402034922 ) ) ;
#3840 = CARTESIAN_POINT ( 'NONE',  ( -27.21692930468629967, 17.71000000000000085, 37.40766625019740133 ) ) ;
#3841 = VERTEX_POINT ( 'NONE', #1733 ) ;
#3842 = CARTESIAN_POINT ( 'NONE',  ( -47.24445545656170253, -12.50000000000000000, 59.47230117886900302 ) ) ;
#3843 = CARTESIAN_POINT ( 'NONE',  ( -84.57572658499010743, 12.50000000000020073, 76.30368779651628586 ) ) ;
#3844 = ORIENTED_EDGE ( 'NONE', *, *, #1788, .T. ) ;
#3845 = VECTOR ( 'NONE', #1775, 1000.000000000000000 ) ;
#3846 = VERTEX_POINT ( 'NONE', #237 ) ;
#3847 = DIRECTION ( 'NONE',  ( 0.000000000000000000, 0.000000000000000000, -1.000000000000000000 ) ) ;
#3848 = FACE_OUTER_BOUND ( 'NONE', #4431, .T. ) ;
#3849 = CARTESIAN_POINT ( 'NONE',  ( -77.71442354119780305, 12.50000000000000000, 84.82503739397471065 ) ) ;
#3850 = CARTESIAN_POINT ( 'NONE',  ( -6.397042088895092959, 6.574714253245434570, 41.98428065648451479 ) ) ;
#3851 = CARTESIAN_POINT ( 'NONE',  ( -45.59896457333109510, -12.49999999995950084, 79.44973349364200033 ) ) ;
#3852 = CARTESIAN_POINT ( 'NONE',  ( -35.20000000000000284, 4.600780098834809984, 37.99473488757709561 ) ) ;
#3853 = CARTESIAN_POINT ( 'NONE',  ( -34.44426116047889508, -12.50000000000080114, 53.18807122376880159 ) ) ;
#3854 = CARTESIAN_POINT ( 'NONE',  ( -87.89506422784542394, -12.50000000000000355, 85.48033751657403911 ) ) ;
#3855 = CARTESIAN_POINT ( 'NONE',  ( -31.99865765947305363, 10.99858226964525976, 36.71389442580056794 ) ) ;
#3856 = CARTESIAN_POINT ( 'NONE',  ( -27.21054007209419723, 12.50000000000000000, 37.47005344635840629 ) ) ;
#3857 = CARTESIAN_POINT ( 'NONE',  ( -32.13434406482789996, 12.50000000000000000, 51.13641492583870019 ) ) ;
#3858 = CARTESIAN_POINT ( 'NONE',  ( -85.85923495104290737, -12.49999999977520027, 72.52401202732089303 ) ) ;
#3859 = VERTEX_POINT ( 'NONE', #288 ) ;
#3860 = CARTESIAN_POINT ( 'NONE',  ( -6.679254438635889635, 4.661131092804220444, 38.00000000000000000 ) ) ;
#3861 = CARTESIAN_POINT ( 'NONE',  ( -92.74712405937196991, -6.496442621896581393, 77.12683883447907363 ) ) ;
#3862 = CARTESIAN_POINT ( 'NONE',  ( -90.73375469530449777, 10.00000000000000355, 76.94364100788678229 ) ) ;
#3863 = CARTESIAN_POINT ( 'NONE',  ( -21.83722406390289805, 12.50000000000000000, 38.00000000000000000 ) ) ;
#3864 = CARTESIAN_POINT ( 'NONE',  ( -83.48945856025228807, -12.50000000000000355, 61.41301889024188654 ) ) ;
#3865 = CARTESIAN_POINT ( 'NONE',  ( -82.33103938267940691, 12.49999999999880096, 79.61313655233909969 ) ) ;
#3866 = CARTESIAN_POINT ( 'NONE',  ( -77.35042246400089994, -12.50000000000040146, 85.18759472468160254 ) ) ;
#3867 = CARTESIAN_POINT ( 'NONE',  ( -34.71923548528469894, -7.355213534292361466, 37.58894768895031291 ) ) ;
#3868 = CARTESIAN_POINT ( 'NONE',  ( -35.65173435645998978, -1.931724263277743603, 42.17610891814081242 ) ) ;
#3869 = CARTESIAN_POINT ( 'NONE',  ( -6.785462195660875828, 6.093008276422167135, 41.75818663433022238 ) ) ;
#3870 = EDGE_CURVE ( 'NONE', #142, #26, #4047, .T. ) ;
#3871 = CARTESIAN_POINT ( 'NONE',  ( -33.12012541671009558, -12.50000000000000000, 70.35675980207449243 ) ) ;
#3872 = CARTESIAN_POINT ( 'NONE',  ( -7.604270513417850985, 4.500000000000000000, 63.92544253478149585 ) ) ;
#3873 = CARTESIAN_POINT ( 'NONE',  ( -40.81346675931970225, -12.49999999999250022, 56.96336234126020059 ) ) ;
#3874 = B_SPLINE_CURVE_WITH_KNOTS ( 'NONE', 3,
 ( #2796, #1084, #2474, #747, #2516, #3570, #1473 ),
 .UNSPECIFIED., .F., .F.,
 ( 4, 1, 1, 1, 4 ),
 ( 0.000000000000000000, 0.2515020579322059802, 0.5030041158644119603, 0.7545061737966179960, 0.9999835653826539827 ),
 .UNSPECIFIED. ) ;
#3875 = CARTESIAN_POINT ( 'NONE',  ( -90.89862588843102742, -12.50000000000000355, 81.32625951870629422 ) ) ;
#3876 = DIRECTION ( 'NONE',  ( 1.000000000000000000, 0.000000000000000000, 0.000000000000000000 ) ) ;
#3877 = CARTESIAN_POINT ( 'NONE',  ( -83.48967102350241021, 12.50000000000000178, 61.41310950058893781 ) ) ;
#3878 = CARTESIAN_POINT ( 'NONE',  ( -32.23959100810289868, 12.50000000000000000, 51.24263112197999703 ) ) ;
#3879 = CARTESIAN_POINT ( 'NONE',  ( -84.91007930697109884, -12.49999999999769962, 71.36406154054159856 ) ) ;
#3880 = ORIENTED_EDGE ( 'NONE', *, *, #3642, .T. ) ;
#3881 = CARTESIAN_POINT ( 'NONE',  ( -80.71168938614559352, -9.640189118032029825, 90.50990714983761620 ) ) ;
#3882 = CARTESIAN_POINT ( 'NONE',  ( -27.21692930468629967, -12.50000000000000000, 37.40766625019740133 ) ) ;
#3883 = ADVANCED_FACE ( 'NONE', ( #922 ), #3459, .T. ) ;
#3884 = CARTESIAN_POINT ( 'NONE',  ( -89.46254715290420734, 10.00000000000000355, 79.46535413674195070 ) ) ;
#3885 = CARTESIAN_POINT ( 'NONE',  ( -81.80198542536143691, 7.959664824407632011, 90.95511750240639515 ) ) ;
#3886 = CARTESIAN_POINT ( 'NONE',  ( -80.35084256997220109, -12.50000000000000000, 68.77229512754099972 ) ) ;
#3887 = CARTESIAN_POINT ( 'NONE',  ( -75.66204603698840003, 12.50000000000000000, 86.83540664164320333 ) ) ;
#3888 = CARTESIAN_POINT ( 'NONE',  ( -80.58305652089579496, -12.49999999999919886, 81.73735592725320487 ) ) ;
#3889 = CARTESIAN_POINT ( 'NONE',  ( -34.85241419034931454, -6.955832569092756934, 37.68029414478903760 ) ) ;
#3890 = CARTESIAN_POINT ( 'NONE',  ( -35.24261575178530137, -12.50000000000000355, 37.64943721102959984 ) ) ;
#3891 = CARTESIAN_POINT ( 'NONE',  ( -76.17738877632719152, 12.50000000000000178, 97.15209390273344070 ) ) ;
#3892 = ADVANCED_FACE ( 'NONE', ( #3038 ), #1020, .F. ) ;
#3893 = CARTESIAN_POINT ( 'NONE',  ( -85.84435610924801097, 12.49999999820619934, 72.46826764915009278 ) ) ;
#3894 = CARTESIAN_POINT ( 'NONE',  ( -31.18719730659049816, -12.50000000000000000, 68.95822042723321488 ) ) ;
#3895 = CARTESIAN_POINT ( 'NONE',  ( -33.93390831383266004, 8.966282619184143599, 37.16113046204934989 ) ) ;
#3896 = CARTESIAN_POINT ( 'NONE',  ( -34.61390967716990019, -12.49999999998160050, 53.31731236330550416 ) ) ;
#3897 = CARTESIAN_POINT ( 'NONE',  ( -91.35307952266720122, -4.500000000000000000, 80.57247544905089853 ) ) ;
#3898 = CARTESIAN_POINT ( 'NONE',  ( -27.21692930468629967, 4.632813184691689123, 37.40766625019740133 ) ) ;
#3899 = CARTESIAN_POINT ( 'NONE',  ( -67.29144905879230976, 12.50000000000000178, 56.49400999613629892 ) ) ;
#3900 = CARTESIAN_POINT ( 'NONE',  ( -64.64701505605289356, 12.50000000000000000, 64.08621893395100244 ) ) ;
#3901 = CARTESIAN_POINT ( 'NONE',  ( -85.65055441853058937, -12.49999999972190068, 72.12600295064659406 ) ) ;
#3902 = CARTESIAN_POINT ( 'NONE',  ( -8.294606126177157535, -10.34733377330378978, 61.42828650562417891 ) ) ;
#3903 = ORIENTED_EDGE ( 'NONE', *, *, #4163, .T. ) ;
#3904 = CARTESIAN_POINT ( 'NONE',  ( -10.53407244095404671, 11.82350522094146328, 60.05725962345250935 ) ) ;
#3905 = CARTESIAN_POINT ( 'NONE',  ( -75.71706221516041069, -4.500000000000000000, 96.70948998569389232 ) ) ;
#3906 =( GEOMETRIC_REPRESENTATION_CONTEXT ( 3 ) GLOBAL_UNCERTAINTY_ASSIGNED_CONTEXT ( ( #2489 ) ) GLOBAL_UNIT_ASSIGNED_CONTEXT ( ( #1776, #1837, #3826 ) ) REPRESENTATION_CONTEXT ( 'NONE', 'WORKASPACE' ) );
#3907 = CARTESIAN_POINT ( 'NONE',  ( -89.79361819713325588, 10.00000000000000178, 78.87789841094844689 ) ) ;
#3908 = CARTESIAN_POINT ( 'NONE',  ( -80.53952738437851622, 9.820157670653212989, 90.43960669679665898 ) ) ;
#3909 = CARTESIAN_POINT ( 'NONE',  ( -80.02458864603750044, 12.49999999999119993, 82.36674055675618433 ) ) ;
#3910 = CARTESIAN_POINT ( 'NONE',  ( -80.94186524222409673, -12.49999999999960032, 81.31874254610660557 ) ) ;
#3911 = CARTESIAN_POINT ( 'NONE',  ( -35.16225462432209525, -5.338544885492541248, 37.94575515785659547 ) ) ;
#3912 = CARTESIAN_POINT ( 'NONE',  ( -80.36748613086886905, 10.00000000000000000, 90.36935554997371867 ) ) ;
#3913 = CARTESIAN_POINT ( 'NONE',  ( -71.02796520620860576, 12.50000000000000000, 91.02837224213540424 ) ) ;
#3914 = CARTESIAN_POINT ( 'NONE',  ( -84.97382561403068735, 12.50000000000000000, 71.41856365420029817 ) ) ;
#3915 = CARTESIAN_POINT ( 'NONE',  ( -49.55702644993990447, -12.49999999996720135, 81.86893577129120558 ) ) ;
#3916 = CARTESIAN_POINT ( 'NONE',  ( -12.13660383261020037, 12.50000000000000000, 57.25864172027590371 ) ) ;
#3917 = CARTESIAN_POINT ( 'NONE',  ( -34.10923303013050401, -12.50000000000000000, 52.92245467426150185 ) ) ;
#3918 = CARTESIAN_POINT ( 'NONE',  ( -88.65947154653623841, -12.50000000000000355, 84.51203201645456886 ) ) ;
#3919 = CARTESIAN_POINT ( 'NONE',  ( -27.09295661340599892, 4.632813184691680242, 37.94999999999999574 ) ) ;
#3920 = CARTESIAN_POINT ( 'NONE',  ( -47.10317093393409493, 4.500000000000000000, 50.94405382484669786 ) ) ;
#3921 = CARTESIAN_POINT ( 'NONE',  ( -62.03967319994559659, 12.49999999999839950, 63.45364401965041168 ) ) ;
#3922 = CARTESIAN_POINT ( 'NONE',  ( -85.50737689365401195, -12.49999999958749974, 71.94707220609241460 ) ) ;
#3923 = FACE_OUTER_BOUND ( 'NONE', #3328, .T. ) ;
#3924 = CARTESIAN_POINT ( 'NONE',  ( -8.280640370349242829, 10.33424811894157713, 61.43688054192236336 ) ) ;
#3925 = CARTESIAN_POINT ( 'NONE',  ( -27.12847569726289976, 12.50000000000000000, 38.88720975851320105 ) ) ;
#3926 = B_SPLINE_CURVE_WITH_KNOTS ( 'NONE', 3,
 ( #2913, #467, #1509, #3565 ),
 .UNSPECIFIED., .F., .F.,
 ( 4, 4 ),
 ( 0.000000000000000000, 0.3821368016071660656 ),
 .UNSPECIFIED. ) ;
#3927 = CARTESIAN_POINT ( 'NONE',  ( -75.60240891148170306, 10.68963600847537343, 93.76407162357806158 ) ) ;
#3928 = B_SPLINE_CURVE_WITH_KNOTS ( 'NONE', 3,
 ( #3435, #340, #581, #4097, #971, #2351 ),
 .UNSPECIFIED., .F., .F.,
 ( 4, 2, 4 ),
 ( 5.231358721768939983E-06, 0.4632865498278899707, 0.9265678682970590607 ),
 .UNSPECIFIED. ) ;
#3929 = CARTESIAN_POINT ( 'NONE',  ( -29.55008042112150335, 17.71000000000000085, 36.90056670021530039 ) ) ;
#3930 = CARTESIAN_POINT ( 'NONE',  ( -80.98404449451329867, 12.49999999999969980, 81.26918596939759709 ) ) ;
#3931 = CARTESIAN_POINT ( 'NONE',  ( -36.44152738382326362, 1.854289870099039783, 43.76674049029374203 ) ) ;
#3932 = CARTESIAN_POINT ( 'NONE',  ( -83.51721584976799306, -12.49999999999910116, 77.98996698432588914 ) ) ;
#3933 = CARTESIAN_POINT ( 'NONE',  ( -35.17058668226794538, -5.244403354238637682, 37.95489822082775078 ) ) ;
#3934 = CARTESIAN_POINT ( 'NONE',  ( -35.19951927085340060, -4.500000000000000000, 38.00393938954579909 ) ) ;
#3935 = CARTESIAN_POINT ( 'NONE',  ( -76.17738877632719152, 4.500000000000000000, 97.15209390273339807 ) ) ;
#3936 = CARTESIAN_POINT ( 'NONE',  ( -85.68924887132300228, 12.50000000000910028, 72.18019117731138579 ) ) ;
#3937 = CARTESIAN_POINT ( 'NONE',  ( -44.85643576841199831, -12.50000000000710010, 78.95775789674229372 ) ) ;
#3938 = CARTESIAN_POINT ( 'NONE',  ( -34.94706036387376713, 6.602510912019690537, 37.75129843394270068 ) ) ;
#3939 = CARTESIAN_POINT ( 'NONE',  ( -32.13410771452669934, -12.50000000000000000, 51.13617117589300420 ) ) ;
#3940 = CARTESIAN_POINT ( 'NONE',  ( -85.76698074594099808, -4.500000000000000000, 87.95542359466350035 ) ) ;
#3941 = CARTESIAN_POINT ( 'NONE',  ( -83.48967102350239600, 4.500000000000000000, 61.41310950058900175 ) ) ;
#3942 = CARTESIAN_POINT ( 'NONE',  ( -61.72767777783479914, 12.49999999999850075, 63.37809356029160313 ) ) ;
#3943 = CARTESIAN_POINT ( 'NONE',  ( -85.21389170133269886, -12.49999999999960032, 71.63860835065300137 ) ) ;
#3944 = CARTESIAN_POINT ( 'NONE',  ( -37.85162655579360091, 2.418272500403949826E-16, 45.53986112283369891 ) ) ;
#3945 = CARTESIAN_POINT ( 'NONE',  ( -8.968948462066114402, 10.91211060025894319, 61.01410558010991281 ) ) ;
#3946 = CARTESIAN_POINT ( 'NONE',  ( -27.12807102501599843, 12.50000000000000000, 39.58503678678150095 ) ) ;
#3947 = CARTESIAN_POINT ( 'NONE',  ( -74.86049360510814665, 11.94159950684929861, 91.56911368437221199 ) ) ;
#3948 = CARTESIAN_POINT ( 'NONE',  ( -75.34646140078500309, -11.22469654631632352, 93.00700956066206970 ) ) ;
#3949 = CARTESIAN_POINT ( 'NONE',  ( -36.97215903402629067, 1.511598558195227149, 44.52818456255543822 ) ) ;
#3950 = CARTESIAN_POINT ( 'NONE',  ( -84.72744447837480664, -12.49999999999859845, 76.03040331420579889 ) ) ;
#3951 = CARTESIAN_POINT ( 'NONE',  ( -35.19084280324688052, -12.50000000000000178, 38.07748918765632595 ) ) ;
#3952 = CARTESIAN_POINT ( 'NONE',  ( -35.38859842908756548, -1.572953077469052330, 41.33672984510956638 ) ) ;
#3953 = VERTEX_POINT ( 'NONE', #4510 ) ;
#3954 = CARTESIAN_POINT ( 'NONE',  ( -85.77674407050959360, 12.49999999917550042, 72.31950520181439401 ) ) ;
#3955 = CARTESIAN_POINT ( 'NONE',  ( -68.49311084456360277, -12.50000000000000000, 87.91921797316580012 ) ) ;
#3956 = CARTESIAN_POINT ( 'NONE',  ( -9.102407808213589746, 12.50000000000000000, 55.73131154972690382 ) ) ;
#3957 = CARTESIAN_POINT ( 'NONE',  ( -28.41743866475750124, -12.50000000000060041, 45.64456674599549757 ) ) ;
#3958 = CARTESIAN_POINT ( 'NONE',  ( -17.13158516770659290, 2.449293598294707400E-16, 38.80751156908310406 ) ) ;
#3959 = CARTESIAN_POINT ( 'NONE',  ( -70.40052169327259435, 4.500000000000000000, 57.26637766099389637 ) ) ;
#3960 = CARTESIAN_POINT ( 'NONE',  ( -62.99245992137250738, 12.49999999999930012, 63.68435255194919620 ) ) ;
#3961 = CARTESIAN_POINT ( 'NONE',  ( -85.84434151606599528, -12.49999999820520102, 72.46822030825498473 ) ) ;
#3962 = CARTESIAN_POINT ( 'NONE',  ( -86.05162342752886673, -12.50000000000000355, 62.61813612163057030 ) ) ;
#3963 = CARTESIAN_POINT ( 'NONE',  ( -11.98981454324556140, 12.30319013431288333, 59.17315375506753838 ) ) ;
#3964 = CARTESIAN_POINT ( 'NONE',  ( -7.147690291161979737, -5.862361808271409735, 41.74999999989650235 ) ) ;
#3965 = CARTESIAN_POINT ( 'NONE',  ( -5.754360833654099672, 4.500000000000000000, 63.00000000000000000 ) ) ;
#3966 = VECTOR ( 'NONE', #1996, 1000.000000000000000 ) ;
#3967 = CARTESIAN_POINT ( 'NONE',  ( -76.40112558810218957, -7.610063516643999826, 96.12391293719137764 ) ) ;
#3968 = CARTESIAN_POINT ( 'NONE',  ( -37.23300752675452685, 1.276960150311744258, 44.85443115544443060 ) ) ;
#3969 = CARTESIAN_POINT ( 'NONE',  ( -85.00274526289538812, -12.49999999997710098, 75.50496562340920548 ) ) ;
#3970 = CARTESIAN_POINT ( 'NONE',  ( -35.18577657803100323, -4.500000000000000000, 38.12254477411610054 ) ) ;
#3971 = CARTESIAN_POINT ( 'NONE',  ( -35.14767110045419685, 5.632896208979469854, 36.91927260808139266 ) ) ;
#3972 = CARTESIAN_POINT ( 'NONE',  ( -85.80740477515891484, 12.49999999738670020, 72.37771964415080106 ) ) ;
#3973 = VECTOR ( 'NONE', #2764, 1000.000000000000000 ) ;
#3974 = B_SPLINE_CURVE_WITH_KNOTS ( 'NONE', 3,
 ( #3571, #3222, #80, #38 ),
 .UNSPECIFIED., .F., .F.,
 ( 4, 4 ),
 ( 0.000000000000000000, 0.03924121235194182045 ),
 .UNSPECIFIED. ) ;
#3975 = CARTESIAN_POINT ( 'NONE',  ( -63.85830327570759835, -12.49999999999559996, 87.10296211847970937 ) ) ;
#3976 = CARTESIAN_POINT ( 'NONE',  ( -22.35820574054320176, 12.50000000000000000, 63.03704699468060113 ) ) ;
#3977 = CARTESIAN_POINT ( 'NONE',  ( -27.62619095191109864, -12.49999999999899991, 43.27154470016179744 ) ) ;
#3978 = CARTESIAN_POINT ( 'NONE',  ( -91.98171580743219522, 4.500000000000000000, 79.43234185633029654 ) ) ;
#3979 = CARTESIAN_POINT ( 'NONE',  ( -76.62190718963660174, -12.50000000000000000, 85.91321996617689649 ) ) ;
#3980 = CARTESIAN_POINT ( 'NONE',  ( -85.67068151134679965, 12.50000000000000000, 72.15307290636330606 ) ) ;
#3981 = CARTESIAN_POINT ( 'NONE',  ( -53.24776644046590235, 12.49999999999359979, 61.23767148589919884 ) ) ;
#3982 = CARTESIAN_POINT ( 'NONE',  ( -48.50893359377379710, 12.49999999991750066, 81.27980296403990224 ) ) ;
#3983 = CARTESIAN_POINT ( 'NONE',  ( -78.08028339607969315, -12.50000000000000000, 67.88242839163000042 ) ) ;
#3984 = CARTESIAN_POINT ( 'NONE',  ( -87.66167892294924968, -12.50000000000000178, 63.52694729057182599 ) ) ;
#3985 = CARTESIAN_POINT ( 'NONE',  ( -8.664325329642757367, 10.67706948982916337, 61.20105969948536284 ) ) ;
#3986 = CARTESIAN_POINT ( 'NONE',  ( -27.18970683017840173, 12.49999999999949907, 40.68859511890410374 ) ) ;
#3987 = CARTESIAN_POINT ( 'NONE',  ( -74.08819720488531857, 12.46860200099941984, 89.28061056537904960 ) ) ;
#3988 = CARTESIAN_POINT ( 'NONE',  ( -74.97666719214171849, -11.80131636889502644, 91.91307761987378910 ) ) ;
#3989 = CARTESIAN_POINT ( 'NONE',  ( -37.42955995321301543, 1.058570147374103154, 45.08489126966202321 ) ) ;
#3990 = CARTESIAN_POINT ( 'NONE',  ( -85.56887349026840184, -12.49999999992540012, 74.18982473073729977 ) ) ;
#3991 = ADVANCED_FACE ( 'NONE', ( #603 ), #3746, .F. ) ;
#3992 = CARTESIAN_POINT ( 'NONE',  ( -37.85162655579360091, 2.418272500403949826E-16, 45.53986112283369891 ) ) ;
#3993 = ORIENTED_EDGE ( 'NONE', *, *, #2748, .F. ) ;
#3994 = EDGE_CURVE ( 'NONE', #3434, #1603, #3064, .T. ) ;
#3995 = CARTESIAN_POINT ( 'NONE',  ( -85.87591630940249843, 12.49999999994849986, 72.85986776485439975 ) ) ;
#3996 = CARTESIAN_POINT ( 'NONE',  ( -61.71822662703259965, -12.49999999999450040, 86.61128039709448956 ) ) ;
#3997 = CARTESIAN_POINT ( 'NONE',  ( -15.51664864783220743, 12.50000000000000355, 68.25802035811513235 ) ) ;
#3998 = CARTESIAN_POINT ( 'NONE',  ( -28.04870445691449987, -12.49999999999930012, 44.67486230220480081 ) ) ;
#3999 = CARTESIAN_POINT ( 'NONE',  ( -85.70809408368259597, 12.50000000000000000, 73.75712259873900223 ) ) ;
#4000 = CARTESIAN_POINT ( 'NONE',  ( -75.51203065887320065, -12.50000000000000000, 86.98309535529969594 ) ) ;
#4001 = EDGE_CURVE ( 'NONE', #1404, #2745, #1041, .T. ) ;
#4002 = CARTESIAN_POINT ( 'NONE',  ( -86.05183314078712442, 12.50000000000000178, 62.61824526760708665 ) ) ;
#4003 = CARTESIAN_POINT ( 'NONE',  ( -79.96458165775180760, 12.49999999999969980, 68.61235122832270861 ) ) ;
#4004 = CARTESIAN_POINT ( 'NONE',  ( -41.76813577111470011, 12.49999999977639931, 76.77843306455318384 ) ) ;
#4005 = CARTESIAN_POINT ( 'NONE',  ( -83.74904255501969885, -12.49999999999889866, 70.51784667662559514 ) ) ;
#4006 = CARTESIAN_POINT ( 'NONE',  ( -88.16985620002660085, -4.500000000000000000, 63.84613115443040243 ) ) ;
#4007 = CARTESIAN_POINT ( 'NONE',  ( -35.19948856471220466, 12.50000000000000178, 38.00419160417391140 ) ) ;
#4008 = CARTESIAN_POINT ( 'NONE',  ( -76.61933922723889623, -6.299999999999999822, 96.76816765603379622 ) ) ;
#4009 = CARTESIAN_POINT ( 'NONE',  ( -5.431139856813559597, -12.50000000000070699, 62.84079998600879691 ) ) ;
#4010 = CARTESIAN_POINT ( 'NONE',  ( -74.56283863256744837, -12.22559666442544035, 90.68846535452031787 ) ) ;
#4011 = FACE_OUTER_BOUND ( 'NONE', #4052, .T. ) ;
#4012 = CARTESIAN_POINT ( 'NONE',  ( -37.26104476792313847, 1.248455590373914958, 44.88806555200561377 ) ) ;
#4013 = CARTESIAN_POINT ( 'NONE',  ( -82.05443103525679760, -12.49999999999779909, 79.96757356997780164 ) ) ;
#4014 = CARTESIAN_POINT ( 'NONE',  ( -27.07536623924810115, -4.632813184691680242, 37.96583844403239993 ) ) ;
#4015 = AXIS2_PLACEMENT_3D ( 'NONE', #1814, #1470, #137 ) ;
#4016 = ORIENTED_EDGE ( 'NONE', *, *, #4134, .F. ) ;
#4017 = EDGE_LOOP ( 'NONE', ( #1727, #3751 ) ) ;
#4018 = CARTESIAN_POINT ( 'NONE',  ( -85.86516790286160017, 12.49999999999140066, 72.99034716199760453 ) ) ;
#4019 = CARTESIAN_POINT ( 'NONE',  ( -63.18628943681049748, -12.49999999999859845, 86.95465252811408163 ) ) ;
#4020 = CARTESIAN_POINT ( 'NONE',  ( -56.18970822054850345, 12.50000000000000000, 84.94638951563909757 ) ) ;
#4021 = CARTESIAN_POINT ( 'NONE',  ( -28.07958485204190069, -12.49999999999960032, 44.76215624136640514 ) ) ;
#4022 = CARTESIAN_POINT ( 'NONE',  ( -6.396393098259641974, -7.640310397985217605, 62.60109995387900028 ) ) ;
#4023 = CARTESIAN_POINT ( 'NONE',  ( -85.65180514914570153, 12.50000000000000000, 73.94366287445861019 ) ) ;
#4024 = EDGE_CURVE ( 'NONE', #555, #142, #946, .T. ) ;
#4025 = CARTESIAN_POINT ( 'NONE',  ( -76.81940859600631200, -4.500000000000000000, 96.59422643820589371 ) ) ;
#4026 = VERTEX_POINT ( 'NONE', #2697 ) ;
#4027 = CARTESIAN_POINT ( 'NONE',  ( -79.77091576802419581, 12.49999999999760014, 68.53336979823319552 ) ) ;
#4028 = CARTESIAN_POINT ( 'NONE',  ( -50.98921733939410217, 12.49999999741629964, 82.63617048691030220 ) ) ;
#4029 = CARTESIAN_POINT ( 'NONE',  ( -79.38581413257330155, -12.49999999999480060, 68.37769904901959706 ) ) ;
#4030 = CARTESIAN_POINT ( 'NONE',  ( -92.17375139165758924, -12.50000000000000355, 67.48980669515326269 ) ) ;
#4031 = CARTESIAN_POINT ( 'NONE',  ( -35.19488352330552772, 12.50000000000000178, 38.04269812155437336 ) ) ;
#4032 = CARTESIAN_POINT ( 'NONE',  ( -30.92580317928559808, 12.49999999996949818, 49.77941199425930563 ) ) ;
#4033 = CARTESIAN_POINT ( 'NONE',  ( -35.20000000000000284, -4.516808232344999396, 37.99999871591920453 ) ) ;
#4034 =( BOUNDED_CURVE ( )  B_SPLINE_CURVE ( 3, ( #2531, #445, #2187, #3235 ),
 .UNSPECIFIED., .F., .F. ) 
 B_SPLINE_CURVE_WITH_KNOTS ( ( 4, 4 ),
 ( 4.868993176940365153, 5.068580526055353808 ),
 .UNSPECIFIED. ) 
 CURVE ( )  GEOMETRIC_REPRESENTATION_ITEM ( )  RATIONAL_B_SPLINE_CURVE ( ( 1.000000000000000000, 0.9966831615153257662, 0.9966831615153257662, 1.000000000000000000 ) ) 
 REPRESENTATION_ITEM ( '' )  );
#4035 = CARTESIAN_POINT ( 'NONE',  ( -76.52001478107676746, -6.639939433039244499, 96.47476496910614685 ) ) ;
#4036 = CARTESIAN_POINT ( 'NONE',  ( -6.838675084986420849, -4.632128890583480540, 37.96373240332109589 ) ) ;
#4037 = CARTESIAN_POINT ( 'NONE',  ( -15.35912738690710100, -12.50000000000000000, 58.96745891915349347 ) ) ;
#4038 = CARTESIAN_POINT ( 'NONE',  ( -76.61933885537760602, -4.500000000000000000, 96.76816716052309175 ) ) ;
#4039 = CARTESIAN_POINT ( 'NONE',  ( -85.84671587100379497, -12.49999999857829991, 72.47594957970139262 ) ) ;
#4040 = DIRECTION ( 'NONE',  ( -1.000000000000000000, 0.000000000000000000, 0.000000000000000000 ) ) ;
#4041 = VERTEX_POINT ( 'NONE', #3721 ) ;
#4042 = ORIENTED_EDGE ( 'NONE', *, *, #3659, .T. ) ;
#4043 = CARTESIAN_POINT ( 'NONE',  ( -39.01749671143650033, -12.50000000000000000, 56.10734706675960126 ) ) ;
#4044 = ORIENTED_EDGE ( 'NONE', *, *, #3191, .T. ) ;
#4045 = CARTESIAN_POINT ( 'NONE',  ( -85.80198644312289957, 12.49999999999490008, 73.37830551588440642 ) ) ;
#4046 = AXIS2_PLACEMENT_3D ( 'NONE', #4124, #3461, #4463 ) ;
#4047 = LINE ( 'NONE', #1682, #93 ) ;
#4048 = CARTESIAN_POINT ( 'NONE',  ( -27.65705826742530249, -12.49999999999969980, 43.39183169205720247 ) ) ;
#4049 = CARTESIAN_POINT ( 'NONE',  ( -13.37610686159033691, -12.49999999997715783, 58.33615539633803593 ) ) ;
#4050 = CARTESIAN_POINT ( 'NONE',  ( -93.82345246094706681, 12.50000000000000355, 71.69028904164785843 ) ) ;
#4051 = CARTESIAN_POINT ( 'NONE',  ( -71.17354680947529744, -12.50000000000000000, 90.90188954242221087 ) ) ;
#4052 = EDGE_LOOP ( 'NONE', ( #700, #2085, #893, #1336, #3476, #2398 ) ) ;
#4053 = CARTESIAN_POINT ( 'NONE',  ( -81.77419651496569486, 12.49999999996320099, 69.42403346916189832 ) ) ;
#4054 = B_SPLINE_CURVE_WITH_KNOTS ( 'NONE', 3,
 ( #3520, #3881, #379, #1768, #400, #1790, #3080, #305, #3148, #52, #2394, #1444 ),
 .UNSPECIFIED., .F., .F.,
 ( 4, 2, 2, 2, 2, 4 ),
 ( 0.000000000000000000, 0.001531516886999515414, 0.002297275330499281686, 0.003063033773999048175, 0.004594550660998573781, 0.006126067547998100687 ),
 .UNSPECIFIED. ) ;
#4055 = CARTESIAN_POINT ( 'NONE',  ( -58.48355072494440066, 12.49999999996120081, 85.70628220418639387 ) ) ;
#4056 = CARTESIAN_POINT ( 'NONE',  ( -77.29536123385449287, -12.49999999999880096, 67.60484130829729565 ) ) ;
#4057 = CARTESIAN_POINT ( 'NONE',  ( -90.76561026903040386, -4.500000000000000000, 65.87478999009319125 ) ) ;
#4058 = CARTESIAN_POINT ( 'NONE',  ( -35.17276160966689957, 4.500000000000000000, 38.24745022262270311 ) ) ;
#4059 = CARTESIAN_POINT ( 'NONE',  ( -28.05467516412089779, 12.49999999999939959, 44.69183312041600686 ) ) ;
#4060 = CARTESIAN_POINT ( 'NONE',  ( -76.18407688983120352, 8.808633005799466176, 95.48363255591529253 ) ) ;
#4061 = CIRCLE ( 'NONE', #3254, 1.999999999999998668 ) ;
#4062 = CARTESIAN_POINT ( 'NONE',  ( -28.55686535202637799, -12.39700342651858911, 37.10146967613082580 ) ) ;
#4063 = CARTESIAN_POINT ( 'NONE',  ( -66.75507977202502730, -12.50000000000000355, 95.76004056879160942 ) ) ;
#4064 = DIRECTION ( 'NONE',  ( -0.3090169943749528914, 0.000000000000000000, -0.9510565162951518658 ) ) ;
#4065 =( BOUNDED_SURFACE ( )  B_SPLINE_SURFACE ( 3, 2, ( 
 ( #1325, #3735, #1645 ),
 ( #1299, #4009, #909 ),
 ( #594, #3346, #1696 ),
 ( #571, #1670, #1977 ),
 ( #2686, #4087, #4450 ),
 ( #2340, #1249, #617 ),
 ( #886, #2000, #2711 ),
 ( #2295, #4111, #2025 ),
 ( #3422, #547, #1933 ),
 ( #2979, #4379, #2393 ),
 ( #671, #3789, #2739 ),
 ( #1011, #4137, #4037 ),
 ( #3713, #4428, #1979 ),
 ( #2002, #4113, #2055 ),
 ( #3054, #988, #647 ),
 ( #3450, #3397, #937 ),
 ( #2689, #3009, #3081 ),
 ( #1672, #4476, #2320 ),
 ( #4406, #2982, #1278 ),
 ( #1699, #2665, #4452 ),
 ( #229, #596, #2367 ),
 ( #1597, #3371, #963 ),
 ( #1351, #2027, #1327 ),
 ( #2395, #3425, #2713 ),
 ( #1624, #256, #1301 ),
 ( #3737, #279, #3765 ),
 ( #1647, #306, #2741 ),
 ( #1253, #4382, #4139 ),
 ( #574, #1013, #3032 ),
 ( #2641, #4090, #3791 ),
 ( #673, #4063, #913 ),
 ( #2298, #3691, #2342 ),
 ( #619, #1958, #3349 ),
 ( #2785, #3497, #380 ),
 ( #1118, #3838, #2419 ),
 ( #355, #4183, #332 ),
 ( #3905, #1769, #2468 ),
 ( #3521, #2831, #1033 ),
 ( #401, #1054, #697 ),
 ( #1467, #3543, #3102 ),
 ( #2443, #718, #3124 ),
 ( #2103, #4500, #1747 ),
 ( #3149, #28, #1791 ) ),
 .UNSPECIFIED., .F., .F., .T. ) 
 B_SPLINE_SURFACE_WITH_KNOTS ( ( 4, 1, 1, 1, 1, 1, 1, 1, 1, 1, 1, 1, 1, 1, 1, 1, 1, 1, 1, 1, 1, 1, 1, 1, 1, 1, 1, 1, 1, 1, 1, 1, 1, 1, 1, 1, 1, 1, 1, 1, 4 ),
 ( 3, 3 ),
 ( 0.02745489906831110119, 0.02775909041759639859, 0.02791118609223909933, 0.02806328176688180007, 0.02836747311616719808, 0.02867166446545250241, 0.02928004716402320129, 0.02988842986259400078, 0.03110519525973540200, 0.03232196065687689690, 0.03475549145115969935, 0.03718902224544259894, 0.03962255303972549852, 0.04205608383400839811, 0.04692314542257419729, 0.05179020701113999647, 0.05665726859970580259, 0.06152433018827160177, 0.06639139177683739401, 0.06882492257112030054, 0.07125845336540319319, 0.07612551495396889523, 0.08099257654253469441, 0.08342610733681760093, 0.08585963813110049359, 0.08829316892538340011, 0.08950993432252489501, 0.09072669971966629276, 0.09316023051394919929, 0.09559376130823209194, 0.09802729210251499847, 0.1004608228967980021, 0.1016775882939389974, 0.1028943536910810058, 0.1035027363896519892, 0.1041111190882220011, 0.1044153104375079993, 0.1047195017867929984, 0.1048715974614359975, 0.1050236931360779974, 0.1053278844853639956 ),
 ( 0.000000000000000000, 1.000000000000000000 ),
 .UNSPECIFIED. ) 
 GEOMETRIC_REPRESENTATION_ITEM ( )  RATIONAL_B_SPLINE_SURFACE ( (
 ( 1.000000000000000000, 0.7071067811865480168, 1.000000000000000000),
 ( 1.000000000000000000, 0.7071067811865480168, 1.000000000000000000),
 ( 1.000000000000000000, 0.7071067811865480168, 1.000000000000000000),
 ( 1.000000000000000000, 0.7071067811865470176, 1.000000000000000000),
 ( 1.000000000000000000, 0.7071067811865480168, 1.000000000000000000),
 ( 1.000000000000000000, 0.7071067811865470176, 1.000000000000000000),
 ( 1.000000000000000000, 0.7071067811865470176, 1.000000000000000000),
 ( 1.000000000000000000, 0.7071067811865480168, 1.000000000000000000),
 ( 1.000000000000000000, 0.7071067811865470176, 1.000000000000000000),
 ( 1.000000000000000000, 0.7071067811865480168, 1.000000000000000000),
 ( 1.000000000000000000, 0.7071067811865470176, 1.000000000000000000),
 ( 1.000000000000000000, 0.7071067811865470176, 1.000000000000000000),
 ( 1.000000000000000000, 0.7071067811865480168, 1.000000000000000000),
 ( 1.000000000000000000, 0.7071067811865470176, 1.000000000000000000),
 ( 1.000000000000000000, 0.7071067811865480168, 1.000000000000000000),
 ( 1.000000000000000000, 0.7071067811865470176, 1.000000000000000000),
 ( 1.000000000000000000, 0.7071067811865480168, 1.000000000000000000),
 ( 1.000000000000000000, 0.7071067811865470176, 1.000000000000000000),
 ( 1.000000000000000000, 0.7071067811865480168, 1.000000000000000000),
 ( 1.000000000000000000, 0.7071067811865480168, 1.000000000000000000),
 ( 1.000000000000000000, 0.7071067811865480168, 1.000000000000000000),
 ( 1.000000000000000000, 0.7071067811865470176, 1.000000000000000000),
 ( 1.000000000000000000, 0.7071067811865470176, 1.000000000000000000),
 ( 1.000000000000000000, 0.7071067811865470176, 1.000000000000000000),
 ( 1.000000000000000000, 0.7071067811865480168, 1.000000000000000000),
 ( 1.000000000000000000, 0.7071067811865460184, 1.000000000000000000),
 ( 1.000000000000000000, 0.7071067811865470176, 1.000000000000000000),
 ( 1.000000000000000000, 0.7071067811865480168, 1.000000000000000000),
 ( 1.000000000000000000, 0.7071067811865470176, 1.000000000000000000),
 ( 1.000000000000000000, 0.7071067811865480168, 1.000000000000000000),
 ( 1.000000000000000000, 0.7071067811865470176, 1.000000000000000000),
 ( 1.000000000000000000, 0.7071067811865490160, 1.000000000000000000),
 ( 1.000000000000000000, 0.7071067811865470176, 1.000000000000000000),
 ( 1.000000000000000000, 0.7071067811865490160, 1.000000000000000000),
 ( 1.000000000000000000, 0.7071067811865480168, 1.000000000000000000),
 ( 1.000000000000000000, 0.7071067811865460184, 1.000000000000000000),
 ( 1.000000000000000000, 0.7071067811865480168, 1.000000000000000000),
 ( 1.000000000000000000, 0.7071067811865480168, 1.000000000000000000),
 ( 1.000000000000000000, 0.7071067811865480168, 1.000000000000000000),
 ( 1.000000000000000000, 0.7071067811865480168, 1.000000000000000000),
 ( 1.000000000000000000, 0.7071067811865480168, 1.000000000000000000),
 ( 1.000000000000000000, 0.7071067811865480168, 1.000000000000000000),
 ( 1.000000000000000000, 0.7071067811865480168, 1.000000000000000000) ) ) 
 REPRESENTATION_ITEM ( '' )  SURFACE ( )  );
#4066 = CARTESIAN_POINT ( 'NONE',  ( -85.77370427406488318, -12.49999999998670042, 73.50535766725370479 ) ) ;
#4067 = CARTESIAN_POINT ( 'NONE',  ( 14.35328174760400088, -24.00002500000000083, 38.00000000000000000 ) ) ;
#4068 = ORIENTED_EDGE ( 'NONE', *, *, #2857, .F. ) ;
#4069 = ORIENTED_EDGE ( 'NONE', *, *, #1671, .T. ) ;
#4070 = CARTESIAN_POINT ( 'NONE',  ( -42.70133155454080764, -4.500000000000000000, 48.99940466056059307 ) ) ;
#4071 = CARTESIAN_POINT ( 'NONE',  ( -85.87788730086009537, 12.49999999980900078, 72.68378959050049559 ) ) ;
#4072 = EDGE_CURVE ( 'NONE', #1961, #4026, #3928, .T. ) ;
#4073 = CARTESIAN_POINT ( 'NONE',  ( -76.61933885538631728, 4.500000000000000000, 96.76816716052469758 ) ) ;
#4074 = CARTESIAN_POINT ( 'NONE',  ( -34.30508204470814348, -8.314377528700626740, 37.34189215794268080 ) ) ;
#4075 = CARTESIAN_POINT ( 'NONE',  ( -90.92515192551174152, 10.00000000000000000, 76.45578978963955308 ) ) ;
#4076 = CARTESIAN_POINT ( 'NONE',  ( -93.51714492396790490, 4.500000000000000000, 75.52690239030191321 ) ) ;
#4077 = CARTESIAN_POINT ( 'NONE',  ( -6.247263474195294819, -6.989627244712697696, 42.32763087422367931 ) ) ;
#4078 = ORIENTED_EDGE ( 'NONE', *, *, #1469, .F. ) ;
#4079 = CARTESIAN_POINT ( 'NONE',  ( -81.12129731677471511, 12.49999999998589928, 69.11567791864180776 ) ) ;
#4080 = B_SPLINE_SURFACE_WITH_KNOTS ( 'NONE', 3, 1, ( 
 ( #1362, #3040 ),
 ( #2727, #3776 ),
 ( #659, #2040 ),
 ( #3437, #4488 ),
 ( #2753, #1104 ),
 ( #792, #3507 ),
 ( #4171, #388 ) ),
 .UNSPECIFIED., .F., .F., .F.,
 ( 4, 1, 1, 1, 4 ),
 ( 2, 2 ),
 ( 0.000000000000000000, 0.2515020579322059802, 0.5030041158644119603, 0.7545061737966179960, 1.006008231728819924 ),
 ( 0.000000000000000000, 0.1092640206126249958 ),
 .UNSPECIFIED. ) ;
#4081 = CARTESIAN_POINT ( 'NONE',  ( -58.00813889075689644, 12.49999999989899990, 85.55713519041330528 ) ) ;
#4082 = CARTESIAN_POINT ( 'NONE',  ( -83.26680941416370274, -12.49999999999180034, 70.22131755286670796 ) ) ;
#4083 = CARTESIAN_POINT ( 'NONE',  ( -13.75436083365409878, -4.500000000000000000, 42.75000000000000000 ) ) ;
#4084 = CARTESIAN_POINT ( 'NONE',  ( -93.87581587652529436, -4.500000000000000000, 73.08264399033379277 ) ) ;
#4085 = CARTESIAN_POINT ( 'NONE',  ( -27.24960328839700097, 12.50000000000000000, 37.10855136778850039 ) ) ;
#4086 = CARTESIAN_POINT ( 'NONE',  ( -28.04591384100299933, 12.49999999999930012, 44.66689878334929631 ) ) ;
#4087 = CARTESIAN_POINT ( 'NONE',  ( -5.922020457329192133, -12.50000000000000178, 63.08263849708181681 ) ) ;
#4088 = B_SPLINE_CURVE_WITH_KNOTS ( 'NONE', 3,
 ( #2894, #4293, #2914, #3987, #825, #2615, #1161, #136, #2250, #3296, #865, #3641, #174, #2955, #1224, #3622, #787, #2168, #3585, #2227, #2551, #3947, #3604, #4314, #3566, #1872, #2873, #1181, #845, #446, #1832, #468, #3215, #96, #4273, #1853, #1141, #2532, #3927, #806, #226, #3052, #3763, #197, #3078, #3321, #4474, #1621, #4060, #3030, #3665, #277, #2365, #1955, #2661, #935, #986, #304, #3005, #1594, #3369, #4402, #961 ),
 .UNSPECIFIED., .F., .F.,
 ( 4, 2, 2, 2, 1, 1, 2, 2, 2, 2, 1, 1, 1, 1, 2, 2, 2, 2, 1, 1, 1, 2, 2, 2, 2, 1, 1, 2, 2, 2, 2, 2, 1, 1, 2, 2, 2, 4 ),
 ( 0.000000000000000000, 0.06250000000000160982, 0.09375000000000090206, 0.1093750000000009437, 0.1171875000000009298, 0.1210937500000023870, 0.1230468750000027478, 0.1250000000000031086, 0.1874999999999738265, 0.2187499999999586442, 0.2343749999999510947, 0.2421874999999490685, 0.2460937499999479305, 0.2480468749999472922, 0.2490234374999463207, 0.2499999999999453493, 0.3124999999999312772, 0.3437499999999242273, 0.3593749999999213407, 0.3671874999999199529, 0.3710937499999196754, 0.3730468749999193978, 0.3749999999999191203, 0.4374999999999125699, 0.4687499999999088507, 0.4843749999999082401, 0.4921874999999089617, 0.4960937499999107936, 0.4999999999999126254, 0.6249999999999028555, 0.6874999999998970823, 0.7187499999998948619, 0.7343749999998933076, 0.7421874999998930855, 0.7460937499998934186, 0.7499999999998937517, 0.8749999999999469313, 1.000000000000000000 ),
 .UNSPECIFIED. ) ;
#4089 = CARTESIAN_POINT ( 'NONE',  ( -30.39358499066232611, -11.88621121132583269, 36.77295449122922122 ) ) ;
#4090 = CARTESIAN_POINT ( 'NONE',  ( -64.11957248401952825, -12.50000000000000178, 95.31999765886212117 ) ) ;
#4091 = CARTESIAN_POINT ( 'NONE',  ( -82.57641703524045340, 4.336808689942017736E-16, 91.27134810187047265 ) ) ;
#4092 = CARTESIAN_POINT ( 'NONE',  ( -33.78398419112489393, 9.183473361795918777, 37.10029354752320074 ) ) ;
#4093 = VERTEX_POINT ( 'NONE', #628 ) ;
#4094 = CARTESIAN_POINT ( 'NONE',  ( -35.27890881872979634, -12.50000000000000178, 40.86174518553651325 ) ) ;
#4095 = CARTESIAN_POINT ( 'NONE',  ( -85.86170275969250554, 12.49999999999399947, 73.02301654308800494 ) ) ;
#4096 = CARTESIAN_POINT ( 'NONE',  ( -85.55013156047910172, 12.50000000000000000, 71.99736185319660819 ) ) ;
#4097 = CARTESIAN_POINT ( 'NONE',  ( -27.86045306762339990, -1.544271061563890157, 37.25894308862650206 ) ) ;
#4098 = CARTESIAN_POINT ( 'NONE',  ( -27.20170362627800031, -12.50000000000000000, 37.56389363606010079 ) ) ;
#4099 = CARTESIAN_POINT ( 'NONE',  ( -9.496566604427920666, -11.27283236060447713, 60.69072804464183690 ) ) ;
#4100 = CARTESIAN_POINT ( 'NONE',  ( -77.48194450687880419, 4.500000000000000000, 96.01375107171789125 ) ) ;
#4101 = CARTESIAN_POINT ( 'NONE',  ( -6.471989461283659928, -6.197863402211972961, 41.87145569885272067 ) ) ;
#4102 = CARTESIAN_POINT ( 'NONE',  ( -7.193739259141709752, 6.000000000931669852, 41.75000000000000000 ) ) ;
#4103 = CARTESIAN_POINT ( 'NONE',  ( -75.84357748121929887, 12.49999999999939959, 67.11997748759959848 ) ) ;
#4104 = CARTESIAN_POINT ( 'NONE',  ( -35.01635039479237577, 6.305865698465361824, 37.80615791578652107 ) ) ;
#4105 = CARTESIAN_POINT ( 'NONE',  ( -70.47003507378710196, -12.50000000000000000, 65.55792611993540220 ) ) ;
#4106 = CARTESIAN_POINT ( 'NONE',  ( -75.96032411430769571, -12.50000000000000000, 58.78695646819419807 ) ) ;
#4107 = CARTESIAN_POINT ( 'NONE',  ( -32.54298122604715360, 10.56756213992216864, 36.77080731654287149 ) ) ;
#4108 = CARTESIAN_POINT ( 'NONE',  ( -93.77952745696350689, -4.500000000000000000, 74.18300151728669789 ) ) ;
#4109 = CARTESIAN_POINT ( 'NONE',  ( -28.61177094417120159, 12.50000000000000000, 46.12901677211869611 ) ) ;
#4110 = CARTESIAN_POINT ( 'NONE',  ( -30.06361978439739602, 12.50000000000000000, 48.62536300702399927 ) ) ;
#4111 = CARTESIAN_POINT ( 'NONE',  ( -6.915973096928466290, -12.50000000000000178, 63.57770733110280759 ) ) ;
#4112 = CARTESIAN_POINT ( 'NONE',  ( -6.928252481295469778, -5.204043097635779880, 39.72390334304260051 ) ) ;
#4113 = CARTESIAN_POINT ( 'NONE',  ( -15.51664864783220743, -12.50000000000000355, 68.25802035811513235 ) ) ;
#4114 = CARTESIAN_POINT ( 'NONE',  ( -39.41619753664669901, 4.500000000000000000, 79.57987957991700512 ) ) ;
#4115 = CARTESIAN_POINT ( 'NONE',  ( -29.79861358217550205, 12.50000000000000000, 67.94982269997019841 ) ) ;
#4116 = CARTESIAN_POINT ( 'NONE',  ( -7.013215801595680254, 6.016235816520659974, 41.74999999999769784 ) ) ;
#4117 = VERTEX_POINT ( 'NONE', #3356 ) ;
#4118 = CARTESIAN_POINT ( 'NONE',  ( -35.12880047042280296, -4.500000000000000000, 38.86078304395839922 ) ) ;
#4119 = CARTESIAN_POINT ( 'NONE',  ( -84.88447127026461203, 12.49999999998649969, 75.73563432826469466 ) ) ;
#4120 = CARTESIAN_POINT ( 'NONE',  ( -90.43598245994847673, 12.50000000000000355, 65.56792655250650625 ) ) ;
#4121 = ORIENTED_EDGE ( 'NONE', *, *, #2049, .F. ) ;
#4122 = DIRECTION ( 'NONE',  ( 0.9510565162951517548, 0.000000000000000000, -0.3090169943749529469 ) ) ;
#4123 = CARTESIAN_POINT ( 'NONE',  ( -34.27796360534233600, -8.366372624681762460, 37.32847774537284380 ) ) ;
#4124 = CARTESIAN_POINT ( 'NONE',  ( -41.73637338733239233, 4.632813184691680242, 37.94999999999999574 ) ) ;
#4125 = CARTESIAN_POINT ( 'NONE',  ( -81.69066082081729974, 12.50000000000000000, 80.42851160946820244 ) ) ;
#4126 = ORIENTED_EDGE ( 'NONE', *, *, #1671, .F. ) ;
#4127 = CARTESIAN_POINT ( 'NONE',  ( -84.57040848572970049, 12.49999999993619859, 71.08915652830449972 ) ) ;
#4128 = CARTESIAN_POINT ( 'NONE',  ( -39.68978558247690103, 12.50000000000000000, 75.24990095954829883 ) ) ;
#4129 = CARTESIAN_POINT ( 'NONE',  ( -61.72757900504499418, -12.49999999999850075, 63.37806961281690121 ) ) ;
#4130 = FACE_OUTER_BOUND ( 'NONE', #1536, .T. ) ;
#4131 = CARTESIAN_POINT ( 'NONE',  ( -67.95383818904009843, 12.49999999999880096, 87.83723864131891901 ) ) ;
#4132 = CARTESIAN_POINT ( 'NONE',  ( -93.82192297113144264, -12.50000000000000000, 73.84009074312709231 ) ) ;
#4133 = VECTOR ( 'NONE', #27, 999.9999999999998863 ) ;
#4134 = EDGE_CURVE ( 'NONE', #2507, #3434, #1579, .T. ) ;
#4135 = CARTESIAN_POINT ( 'NONE',  ( -35.14671776247956103, 12.50000000000000178, 38.54761981129991710 ) ) ;
#4136 = CARTESIAN_POINT ( 'NONE',  ( -27.50205376630480103, 12.49999999999710099, 42.74900074485749712 ) ) ;
#4137 = CARTESIAN_POINT ( 'NONE',  ( -11.51894288516430720, -12.50000000000000355, 65.98589240764475505 ) ) ;
#4138 = LINE ( 'NONE', #4160, #3392 ) ;
#4139 = CARTESIAN_POINT ( 'NONE',  ( -61.99994168436799669, -12.50000000000000000, 86.68381753253478905 ) ) ;
#4140 = CARTESIAN_POINT ( 'NONE',  ( -28.99070906258040026, 4.500000000000000000, 77.23309812428699672 ) ) ;
#4141 = CARTESIAN_POINT ( 'NONE',  ( -6.840531079149219984, -4.643912947079499531, 38.00000000000000000 ) ) ;
#4142 = ORIENTED_EDGE ( 'NONE', *, *, #85, .T. ) ;
#4143 = CARTESIAN_POINT ( 'NONE',  ( -35.88409664567240043, -4.500000000000000000, 42.76672113027460398 ) ) ;
#4144 = CARTESIAN_POINT ( 'NONE',  ( -84.81447651384461039, 12.49999999999370104, 75.86902910223359697 ) ) ;
#4145 = CARTESIAN_POINT ( 'NONE',  ( -84.92489920385699520, 12.50000000000000000, 71.37560197164930287 ) ) ;
#4146 = EDGE_LOOP ( 'NONE', ( #2770, #2719, #311 ) ) ;
#4147 = CARTESIAN_POINT ( 'NONE',  ( -5.754360825795039602, 4.500000000000000000, 63.00000036993740338 ) ) ;
#4148 = CARTESIAN_POINT ( 'NONE',  ( -34.47546056547694349, -7.961251278276447962, 37.43526740623898519 ) ) ;
#4150 = EDGE_CURVE ( 'NONE', #656, #1969, #4413, .T. ) ;
#4149 = CARTESIAN_POINT ( 'NONE',  ( -11.06951974381819070, -12.03911401073324328, 59.73123399136031964 ) ) ;
#4151 = CARTESIAN_POINT ( 'NONE',  ( -91.35299559668810332, 4.500000000000000000, 80.57261849560480016 ) ) ;
#4152 = CARTESIAN_POINT ( 'NONE',  ( -6.323166019661145221, 7.269780282047774378, 42.38340307421996300 ) ) ;
#4153 = CARTESIAN_POINT ( 'NONE',  ( -19.57956421617230092, 12.49999999963629982, 61.37392865730310376 ) ) ;
#4154 = CARTESIAN_POINT ( 'NONE',  ( -75.62546471429409678, -12.49999999999830003, 67.05017267755420107 ) ) ;
#4155 = FACE_OUTER_BOUND ( 'NONE', #1636, .T. ) ;
#4156 = CARTESIAN_POINT ( 'NONE',  ( -33.22067500747250079, 9.898537918503945932, 36.91272023368521360 ) ) ;
#4157 = CARTESIAN_POINT ( 'NONE',  ( -35.12878923664140274, 4.500000000000000000, 38.86109753051189841 ) ) ;
#4158 = CARTESIAN_POINT ( 'NONE',  ( -33.25140942828529944, 12.49999999987709920, 52.19978821831890059 ) ) ;
#4159 = CARTESIAN_POINT ( 'NONE',  ( -85.72486898619510498, -12.49999999999969980, 73.69489987412920584 ) ) ;
#4160 = CARTESIAN_POINT ( 'NONE',  ( -13.75436083365409878, -12.50000000000000000, 38.00000000000000000 ) ) ;
#4161 = FACE_OUTER_BOUND ( 'NONE', #2106, .T. ) ;
#4162 = CARTESIAN_POINT ( 'NONE',  ( -80.47342779044237204, 10.00000000000000355, 90.26645069081806128 ) ) ;
#4163 = EDGE_CURVE ( 'NONE', #3841, #4117, #998, .T. ) ;
#4164 = CARTESIAN_POINT ( 'NONE',  ( -6.352603415169396861, 7.540266004702371738, 42.02087568428596143 ) ) ;
#4165 = VERTEX_POINT ( 'NONE', #2038 ) ;
#4166 = CARTESIAN_POINT ( 'NONE',  ( -47.10282445482019398, -4.500000000000000000, 50.94392371812029552 ) ) ;
#4167 = CARTESIAN_POINT ( 'NONE',  ( -84.72740530606300524, 12.49999999999859845, 76.03047538020788920 ) ) ;
#4168 = VERTEX_POINT ( 'NONE', #1708 ) ;
#4169 = DIRECTION ( 'NONE',  ( 0.9257907231983539820, -0.000000000000000000, -0.3780364226365876545 ) ) ;
#4170 = CARTESIAN_POINT ( 'NONE',  ( -27.19050672511789912, -12.50000000000000000, 37.68976838424990206 ) ) ;
#4171 = CARTESIAN_POINT ( 'NONE',  ( -33.76736980755939754, -9.207352096674959796, 38.00539841999069779 ) ) ;
#4172 = CARTESIAN_POINT ( 'NONE',  ( -74.38665523594299600, 12.50000000000000000, 88.03660309003250006 ) ) ;
#4173 = CARTESIAN_POINT ( 'NONE',  ( -81.85072352059873424, -10.00000000000001421, 88.90484629531584915 ) ) ;
#4174 = CARTESIAN_POINT ( 'NONE',  ( -14.82387479788900109, 12.50000000000000000, 58.68191028675759924 ) ) ;
#4175 = CARTESIAN_POINT ( 'NONE',  ( -50.17152802079279894, -12.49999999991769961, 60.36698975530839562 ) ) ;
#4176 = CARTESIAN_POINT ( 'NONE',  ( -5.858314006071330127, -5.787898248688750691, 38.00000000000000000 ) ) ;
#4177 = VECTOR ( 'NONE', #2673, 1000.000000000000114 ) ;
#4178 = CARTESIAN_POINT ( 'NONE',  ( -32.06291730221546743, 10.95199522715238238, 36.71818656961416849 ) ) ;
#4179 = CARTESIAN_POINT ( 'NONE',  ( -36.81820243643609558, 4.500000000000000000, 44.33522978781780211 ) ) ;
#4180 = CARTESIAN_POINT ( 'NONE',  ( -36.97621310835580744, 12.50000000000000000, 54.92796843308100563 ) ) ;
#4181 = CARTESIAN_POINT ( 'NONE',  ( -85.87495345989728435, -12.49999999996000000, 72.87600182701230267 ) ) ;
#4182 = CARTESIAN_POINT ( 'NONE',  ( -5.754360833654099672, 4.500000000000000000, 63.00000000000000000 ) ) ;
#4183 = CARTESIAN_POINT ( 'NONE',  ( -75.18266989832271463, -12.50000000000000711, 96.67192862445232038 ) ) ;
#4184 = CARTESIAN_POINT ( 'NONE',  ( -76.14505243468201456, 12.50000000000000000, 96.73802994768793440 ) ) ;
#4185 = CARTESIAN_POINT ( 'NONE',  ( -32.53344725106632751, 4.499999999779407567, 59.93532095012213290 ) ) ;
#4186 = ORIENTED_EDGE ( 'NONE', *, *, #1843, .F. ) ;
#4187 = CARTESIAN_POINT ( 'NONE',  ( -80.06895121416420125, -4.500000000000000000, 60.09166331701609920 ) ) ;
#4188 = CARTESIAN_POINT ( 'NONE',  ( -85.00268831397769986, 12.49999999997710098, 75.50507957461680064 ) ) ;
#4189 = VERTEX_POINT ( 'NONE', #2795 ) ;
#4190 = EDGE_LOOP ( 'NONE', ( #2678, #4208, #4078, #578 ) ) ;
#4191 = CARTESIAN_POINT ( 'NONE',  ( -75.13703661103900799, -12.50000000000000000, 87.33414035777109063 ) ) ;
#4192 = FACE_OUTER_BOUND ( 'NONE', #4246, .T. ) ;
#4193 = CARTESIAN_POINT ( 'NONE',  ( -84.59294226001169648, 4.500000000000000000, 89.22107298086480398 ) ) ;
#4194 = VECTOR ( 'NONE', #2682, 1000.000000000000000 ) ;
#4195 = CARTESIAN_POINT ( 'NONE',  ( -80.96948692072675158, -10.00000000000001421, 89.78253099944500093 ) ) ;
#4196 = CARTESIAN_POINT ( 'NONE',  ( -18.18180914265500192, -12.49999999994830091, 60.55663421312520001 ) ) ;
#4197 = CARTESIAN_POINT ( 'NONE',  ( -34.24353387109710667, 12.50000000000000000, 71.18346843501360866 ) ) ;
#4198 = CARTESIAN_POINT ( 'NONE',  ( -39.05660555415089874, -12.49999999984829913, 56.09848613897229797 ) ) ;
#4199 = CARTESIAN_POINT ( 'NONE',  ( -93.40016199982670742, -12.50000000000000178, 75.95953713767779902 ) ) ;
#4200 = CARTESIAN_POINT ( 'NONE',  ( -31.90260678931890936, 11.06601886116129840, 36.70878869666763933 ) ) ;
#4201 = CARTESIAN_POINT ( 'NONE',  ( -27.19992616376340067, 12.50000000000000000, 40.85335029208719959 ) ) ;
#4202 = CARTESIAN_POINT ( 'NONE',  ( -44.34809450777859752, 12.49999999998179945, 58.43091346043750178 ) ) ;
#4203 = CARTESIAN_POINT ( 'NONE',  ( -85.86694535628299718, -12.49999999997839950, 72.56478502731961555 ) ) ;
#4204 = ORIENTED_EDGE ( 'NONE', *, *, #2409, .F. ) ;
#4205 = LINE ( 'NONE', #717, #3547 ) ;
#4206 = CYLINDRICAL_SURFACE ( 'NONE', #783, 1.000000000000000888 ) ;
#4207 = CARTESIAN_POINT ( 'NONE',  ( -35.20000000000000284, 4.500000000000000000, 37.99999952623650046 ) ) ;
#4208 = ORIENTED_EDGE ( 'NONE', *, *, #1788, .F. ) ;
#4209 = CARTESIAN_POINT ( 'NONE',  ( -82.61841185419208955, -4.500000000000000000, 61.05219154172179685 ) ) ;
#4210 = CARTESIAN_POINT ( 'NONE',  ( -81.84962148086449929, 12.49999999999930012, 80.22346659109300049 ) ) ;
#4211 = EDGE_CURVE ( 'NONE', #142, #4117, #1121, .T. ) ;
#4212 = COLOUR_RGB ( '',0.9647058823529411908, 0.9647058823529411908, 0.9529411764705881804 ) ;
#4213 = CARTESIAN_POINT ( 'NONE',  ( -5.754360833654098784, -6.571397745378244615, 45.08660639311545282 ) ) ;
#4214 = CARTESIAN_POINT ( 'NONE',  ( -34.96053046042853651, -6.548442007852438351, 37.76186830038440689 ) ) ;
#4215 = CARTESIAN_POINT ( 'NONE',  ( -27.42328791243890151, -12.50000000000000000, 35.67873798850940403 ) ) ;
#4216 = CARTESIAN_POINT ( 'NONE',  ( -35.35097429174054895, -1.459580814050194908, 41.18438912220331360 ) ) ;
#4217 = CARTESIAN_POINT ( 'NONE',  ( -80.36748613107029371, -10.00000000000000000, 90.36935555005595688 ) ) ;
#4218 = CARTESIAN_POINT ( 'NONE',  ( -16.06652953492449498, -12.49999999999949907, 59.36194247589939721 ) ) ;
#4219 = CARTESIAN_POINT ( 'NONE',  ( -5.340177779904602851, 12.50000000000000178, 62.79599731245212979 ) ) ;
#4220 = CARTESIAN_POINT ( 'NONE',  ( -44.29381934691310363, -12.49999999998559908, 58.41036973089019568 ) ) ;
#4221 = CARTESIAN_POINT ( 'NONE',  ( -93.51722772253290827, -4.500000000000000000, 75.52657587822770324 ) ) ;
#4222 = CARTESIAN_POINT ( 'NONE',  ( -35.77129175974458519, 1.981972345724321016, 42.47854294026021904 ) ) ;
#4223 = CARTESIAN_POINT ( 'NONE',  ( -75.16305073231545464, 12.50000000000000178, 58.55144071133678096 ) ) ;
#4224 = CARTESIAN_POINT ( 'NONE',  ( -41.60520680003300242, 12.50000000000000000, 57.31546491859010217 ) ) ;
#4225 = CARTESIAN_POINT ( 'NONE',  ( -85.66986295809100227, -12.49999999986759924, 72.15302780196989829 ) ) ;
#4226 = ORIENTED_EDGE ( 'NONE', *, *, #1359, .T. ) ;
#4227 = CARTESIAN_POINT ( 'NONE',  ( -5.769573432307634420, 5.066851293545865609, 62.99068143917045859 ) ) ;
#4228 = CARTESIAN_POINT ( 'NONE',  ( -26.64215033065810090, 0.000000000000000000, 41.89768151283269759 ) ) ;
#4229 = FACE_OUTER_BOUND ( 'NONE', #1267, .T. ) ;
#4230 = PRODUCT_DEFINITION_CONTEXT ( 'detailed design', #3183, 'design' ) ;
#4231 = LINE ( 'NONE', #788, #1477 ) ;
#4232 = CARTESIAN_POINT ( 'NONE',  ( -75.95408635296411148, -12.50000000000000000, 67.15008154396811335 ) ) ;
#4233 = CARTESIAN_POINT ( 'NONE',  ( -80.85719881585259827, 12.49999999999949907, 81.41765965410350248 ) ) ;
#4234 = CARTESIAN_POINT ( 'NONE',  ( -77.81900926483359626, -12.49999999999719869, 84.71216289635040653 ) ) ;
#4235 = CARTESIAN_POINT ( 'NONE',  ( -27.26018431940800113, 0.000000000000000000, 39.99556848024240452 ) ) ;
#4236 = EDGE_CURVE ( 'NONE', #383, #4168, #3220, .T. ) ;
#4237 = CARTESIAN_POINT ( 'NONE',  ( -43.08504383926879910, -12.49999999998079936, 77.72542204799520960 ) ) ;
#4238 = CARTESIAN_POINT ( 'NONE',  ( -6.139400620092049898, 4.500000000000000000, 63.19020160168699363 ) ) ;
#4239 = CARTESIAN_POINT ( 'NONE',  ( -36.97594743820970109, -12.50000000000000000, 54.92780447772869934 ) ) ;
#4240 = CARTESIAN_POINT ( 'NONE',  ( -84.44896338385079559, -12.50000000000000000, 76.52868334766239400 ) ) ;
#4241 = CARTESIAN_POINT ( 'NONE',  ( -13.75436083365409878, -12.50000000000000000, 38.00000000000000000 ) ) ;
#4242 = CARTESIAN_POINT ( 'NONE',  ( -58.23963955968557116, 12.50000000000000355, 54.28334022984302720 ) ) ;
#4243 = CARTESIAN_POINT ( 'NONE',  ( -52.24136362482489915, 12.49999999999689848, 60.96469397141039792 ) ) ;
#4244 = CARTESIAN_POINT ( 'NONE',  ( -85.46902818348598885, -12.49999999975819875, 71.90327185927569076 ) ) ;
#4245 = CARTESIAN_POINT ( 'NONE',  ( -8.134533804317468864, -10.19433893261466473, 61.52679776091117247 ) ) ;
#4246 = EDGE_LOOP ( 'NONE', ( #2426, #2813, #966, #2767, #3716, #2123, #181, #1208, #1341, #3338 ) ) ;
#4247 = CARTESIAN_POINT ( 'NONE',  ( -9.074495065351110057, 10.98966794196039309, 60.94934670285145017 ) ) ;
#4248 = LINE ( 'NONE', #3882, #1203 ) ;
#4249 = CARTESIAN_POINT ( 'NONE',  ( -83.00328453030603271, 10.00000000000000355, 87.71372590157815807 ) ) ;
#4250 = CARTESIAN_POINT ( 'NONE',  ( -32.63795229987120194, 17.71000000000000085, 36.77685602101499995 ) ) ;
#4251 = CARTESIAN_POINT ( 'NONE',  ( -78.28550020119649844, 12.49999999999019984, 84.23412420449868421 ) ) ;
#4252 = CARTESIAN_POINT ( 'NONE',  ( -23.15570062859519851, -4.632767951221810065, 37.96569922972690136 ) ) ;
#4253 = CARTESIAN_POINT ( 'NONE',  ( -35.00137710510541922, -6.377886396836660587, 37.79433399789612480 ) ) ;
#4254 = CARTESIAN_POINT ( 'NONE',  ( -13.75436083365409878, 4.500000000000000000, 42.75000000000000000 ) ) ;
#4255 = CARTESIAN_POINT ( 'NONE',  ( -36.69861326265476009, -1.709264927261085365, 44.15422205271469380 ) ) ;
#4256 = CARTESIAN_POINT ( 'NONE',  ( -84.90298425356989753, 12.49999999999729994, 71.35803823584289773 ) ) ;
#4257 = EDGE_CURVE ( 'NONE', #2346, #627, #233, .T. ) ;
#4258 = B_SPLINE_CURVE_WITH_KNOTS ( 'NONE', 3,
 ( #1825, #3207, #1154, #3898 ),
 .UNSPECIFIED., .F., .F.,
 ( 4, 4 ),
 ( 1.931786749523319800E-06, 0.06600724724754748751 ),
 .UNSPECIFIED. ) ;
#4259 = CARTESIAN_POINT ( 'NONE',  ( -49.36297038996050190, -12.49999999996540012, 81.76018955924548948 ) ) ;
#4260 = CARTESIAN_POINT ( 'NONE',  ( -7.604270513417853650, 12.50000000000000355, 63.92544253478158822 ) ) ;
#4261 = CARTESIAN_POINT ( 'NONE',  ( -44.45591970695200246, -12.49999999996949818, 58.47147691622920007 ) ) ;
#4262 = CARTESIAN_POINT ( 'NONE',  ( -84.88581774781940226, -12.50000000000000000, 75.73635948528028905 ) ) ;
#4263 = CARTESIAN_POINT ( 'NONE',  ( -35.67708042267872770, 1.951897917432156904, 42.24861962878560462 ) ) ;
#4264 = CARTESIAN_POINT ( 'NONE',  ( -74.46235091323529787, 12.50000000000000000, 66.68416272082700402 ) ) ;
#4265 = CARTESIAN_POINT ( 'NONE',  ( -50.23763413135269928, 12.49999999992330046, 60.38654286484719336 ) ) ;
#4266 = CARTESIAN_POINT ( 'NONE',  ( -85.78472560455180940, -12.49999999881389989, 72.33374446445209571 ) ) ;
#4267 = CARTESIAN_POINT ( 'NONE',  ( -5.754360825795039602, -4.500000000000000000, 63.00000036993740338 ) ) ;
#4268 = EDGE_CURVE ( 'NONE', #1423, #3647, #2450, .T. ) ;
#4269 =( BOUNDED_CURVE ( )  B_SPLINE_CURVE ( 3, ( #2139, #1091, #46, #2481 ),
 .UNSPECIFIED., .F., .F. ) 
 B_SPLINE_CURVE_WITH_KNOTS ( ( 4, 4 ),
 ( 0.000000000000000000, 3.141592653589793116 ),
 .UNSPECIFIED. ) 
 CURVE ( )  GEOMETRIC_REPRESENTATION_ITEM ( )  RATIONAL_B_SPLINE_CURVE ( ( 1.000000000000000000, 0.3333333333333333703, 0.3333333333333333703, 1.000000000000000000 ) ) 
 REPRESENTATION_ITEM ( '' )  );
#4270 = CARTESIAN_POINT ( 'NONE',  ( -7.222411269462849503, 9.118898290628544956, 62.08952088660229407 ) ) ;
#4271 = CARTESIAN_POINT ( 'NONE',  ( -133.2849194736390075, 4.500000000000000000, 47.54227933264109396 ) ) ;
#4272 = STYLED_ITEM ( 'NONE', ( #1429 ), #416 ) ;
#4273 = CARTESIAN_POINT ( 'NONE',  ( -75.33723056336893364, 11.24173072071912927, 92.97970746061616865 ) ) ;
#4274 = CARTESIAN_POINT ( 'NONE',  ( -82.57641899619716241, 5.017654446236126553, 91.27134889733743250 ) ) ;
#4275 = CARTESIAN_POINT ( 'NONE',  ( -78.53553719033099867, 12.49999999998139977, 83.97406467804319163 ) ) ;
#4276 = B_SPLINE_CURVE_WITH_KNOTS ( 'NONE', 3,
 ( #743, #404, #4185, #4207 ),
 .UNSPECIFIED., .F., .F.,
 ( 4, 4 ),
 ( 0.1659642080248655838, 1.000000000000000000 ),
 .UNSPECIFIED. ) ;
#4277 = CARTESIAN_POINT ( 'NONE',  ( -82.79974488560611690, -12.49999999999969980, 78.99450905515489296 ) ) ;
#4278 = CARTESIAN_POINT ( 'NONE',  ( -35.14435648201776274, -5.517720273008382748, 37.92661081942844703 ) ) ;
#4279 = CARTESIAN_POINT ( 'NONE',  ( -27.24236546066149955, -12.50000000000000000, 37.17081142500900626 ) ) ;
#4280 = CARTESIAN_POINT ( 'NONE',  ( -35.57958420230925611, -1.879290972676857185, 41.97535958943331025 ) ) ;
#4281 = CARTESIAN_POINT ( 'NONE',  ( -85.67016786061110167, 12.49999999987000088, 72.15345502577950754 ) ) ;
#4282 = CARTESIAN_POINT ( 'NONE',  ( -44.18715224367269911, -12.50000000000270006, 78.49899350478290216 ) ) ;
#4283 = CARTESIAN_POINT ( 'NONE',  ( -34.50981124354770202, 7.883745453857215146, 37.45513983986003126 ) ) ;
#4284 = CARTESIAN_POINT ( 'NONE',  ( -43.07990010631900191, -12.50000000000000000, 57.93603814364119842 ) ) ;
#4285 = CARTESIAN_POINT ( 'NONE',  ( -79.83797972742929971, -12.50000000000000000, 82.58330886571680196 ) ) ;
#4286 = CARTESIAN_POINT ( 'NONE',  ( -35.44936769548809963, 1.707174403579100108, 41.56071987185590189 ) ) ;
#4287 = CARTESIAN_POINT ( 'NONE',  ( -59.30942419867569981, 12.50000000000000000, 62.79246059522389345 ) ) ;
#4288 = CARTESIAN_POINT ( 'NONE',  ( -46.64479429584829973, 12.49999999999150013, 59.25231934513540466 ) ) ;
#4289 = CARTESIAN_POINT ( 'NONE',  ( -85.77237728141490436, -12.49999999936399853, 72.31175946580009395 ) ) ;
#4290 = CARTESIAN_POINT ( 'NONE',  ( -35.20000000000000284, -6.299999999999999822, 38.00000000000000000 ) ) ;
#4291 = CARTESIAN_POINT ( 'NONE',  ( -9.891768143155267978, 11.51010743704852324, 60.44922075545630946 ) ) ;
#4292 = CARTESIAN_POINT ( 'NONE',  ( -27.18518908808979617, 12.50000000000000000, 37.75330281288059808 ) ) ;
#4293 = CARTESIAN_POINT ( 'NONE',  ( -73.88864872909579162, 12.49999999173290988, 88.69020320933380219 ) ) ;
#4294 = CARTESIAN_POINT ( 'NONE',  ( -75.43878256970333496, -11.04621384710096166, 93.28012671690127888 ) ) ;
#4295 = EDGE_CURVE ( 'NONE', #3671, #3504, #3495, .T. ) ;
#4296 = CARTESIAN_POINT ( 'NONE',  ( -37.75525572638859728, 0.5099736396908736147, 45.44003383296546872 ) ) ;
#4297 = CARTESIAN_POINT ( 'NONE',  ( -85.38195472566749800, -12.49999999998540012, 74.67595853697841335 ) ) ;
#4298 = SURFACE_SIDE_STYLE ('',( #829 ) ) ;
#4299 = CARTESIAN_POINT ( 'NONE',  ( -35.19780858722228345, -12.50000000000000355, 38.01811643589773126 ) ) ;
#4300 = CARTESIAN_POINT ( 'NONE',  ( -35.67476172107351573, -1.945017847175777526, 42.23747961001578233 ) ) ;
#4301 = ORIENTED_EDGE ( 'NONE', *, *, #771, .T. ) ;
#4302 = CARTESIAN_POINT ( 'NONE',  ( -85.77458298873449394, 12.49999999927359973, 72.31564872904370134 ) ) ;
#4303 = CARTESIAN_POINT ( 'NONE',  ( -69.83245753005509471, -12.50000000000000000, 88.10181115045629952 ) ) ;
#4304 = CARTESIAN_POINT ( 'NONE',  ( -9.284339254726429402, 12.50000000000000000, 55.82090211363919963 ) ) ;
#4305 = CARTESIAN_POINT ( 'NONE',  ( -28.06707127486680164, -12.49999999999949907, 44.72702060475419472 ) ) ;
#4306 = B_SPLINE_CURVE_WITH_KNOTS ( 'NONE', 3,
 ( #618, #4451, #1957, #1978, #4062, #646, #1623, #936, #2957, #3008, #2319, #4089, #255, #3053, #550, #3323, #2274, #1252, #1226, #3712, #1326, #1646, #3031, #4358, #2712, #2981, #2026, #4427, #962, #987, #2617 ),
 .UNSPECIFIED., .F., .F.,
 ( 4, 2, 1, 2, 2, 2, 1, 1, 1, 2, 2, 2, 2, 2, 1, 2, 2, 4 ),
 ( 0.000000000000000000, 0.1250000000000087985, 0.1875000000000135170, 0.2187500000000164591, 0.2500000000000193734, 0.3750000000000293099, 0.4375000000000342504, 0.4687500000000365818, 0.4843750000000370259, 0.4921875000000368039, 0.5000000000000365263, 0.6250000000000258682, 0.6875000000000217604, 0.7500000000000174305, 0.8125000000000132117, 0.8437500000000111022, 0.8750000000000089928, 1.000000000000000000 ),
 .UNSPECIFIED. ) ;
#4307 = CARTESIAN_POINT ( 'NONE',  ( -76.17738605343130587, -4.500000000000000000, 97.15209626813698662 ) ) ;
#4308 = CARTESIAN_POINT ( 'NONE',  ( -52.49191894725019125, 4.500000000000000000, 52.72429412464529719 ) ) ;
#4309 = CARTESIAN_POINT ( 'NONE',  ( -58.80934248149939947, 12.49999999999710099, 62.66639814475061598 ) ) ;
#4310 = CARTESIAN_POINT ( 'NONE',  ( -84.86045194115909851, -12.49999999999490008, 71.32193066164801110 ) ) ;
#4311 = CARTESIAN_POINT ( 'NONE',  ( -86.05162342752889515, -4.500000000000000000, 62.61813612163059872 ) ) ;
#4312 = CARTESIAN_POINT ( 'NONE',  ( -6.882380661269874800, 8.598025641890638227, 62.29993531948198182 ) ) ;
#4313 = CARTESIAN_POINT ( 'NONE',  ( -27.21692930468629967, 12.50000000000000000, 37.40766625019740133 ) ) ;
#4314 = CARTESIAN_POINT ( 'NONE',  ( -74.86517755387093587, 11.93627311027571203, 91.58297559691685308 ) ) ;
#4315 = CARTESIAN_POINT ( 'NONE',  ( -76.61933836240454809, -5.030631766091732793, 96.76816670594854486 ) ) ;
#4316 = CARTESIAN_POINT ( 'NONE',  ( -36.19612684902232047, 1.952998238253287333, 43.35227049135681909 ) ) ;
#4317 = CARTESIAN_POINT ( 'NONE',  ( -82.80147011092280707, -12.49999999999969980, 78.99218180161750524 ) ) ;
#4318 = CARTESIAN_POINT ( 'NONE',  ( -35.17279350917989689, -4.500000000000000000, 38.24712338958590152 ) ) ;
#4319 = CARTESIAN_POINT ( 'NONE',  ( -34.99595649741959846, 6.430228803627429990, 38.00539823872090039 ) ) ;
#4320 = CARTESIAN_POINT ( 'NONE',  ( -85.82102543712099418, 12.49999999687679875, 72.40751261538920858 ) ) ;
#4321 = CIRCLE ( 'NONE', #402, 1.100000000000002753 ) ;
#4322 = CARTESIAN_POINT ( 'NONE',  ( -53.68652909327249745, -12.49999999829629971, 83.91959837583328863 ) ) ;
#4323 = CARTESIAN_POINT ( 'NONE',  ( -61.90280957217572677, 12.50000000000000355, 94.87321032430034506 ) ) ;
#4324 = CARTESIAN_POINT ( 'NONE',  ( -29.45361951757309882, -12.50000000000000000, 47.67506683639660281 ) ) ;
#4325 = CARTESIAN_POINT ( 'NONE',  ( -93.82186519355200005, 4.500000000000000000, 73.84062495753229882 ) ) ;
#4326 = CARTESIAN_POINT ( 'NONE',  ( -76.27444695012245290, -12.49999999999940670, 97.06777861289170062 ) ) ;
#4327 = CARTESIAN_POINT ( 'NONE',  ( -89.72032177685349552, 4.500000000000000000, 64.95815814671260569 ) ) ;
#4328 = CARTESIAN_POINT ( 'NONE',  ( -70.47011466758550569, 12.50000000000000000, 65.55794708766920564 ) ) ;
#4329 = CARTESIAN_POINT ( 'NONE',  ( -81.99787310191220513, -12.49999999996649969, 69.53324169445690472 ) ) ;
#4330 = CARTESIAN_POINT ( 'NONE',  ( -90.43572728957821028, -12.50000000000000178, 65.56769630030895257 ) ) ;
#4331 = CARTESIAN_POINT ( 'NONE',  ( -12.26107771744966790, 12.35939639107649946, 59.00893360606436033 ) ) ;
#4332 = CARTESIAN_POINT ( 'NONE',  ( -27.16044471937179949, 12.50000000000000000, 38.06881109950320052 ) ) ;
#4333 = EDGE_CURVE ( 'NONE', #3168, #676, #225, .T. ) ;
#4334 = FACE_OUTER_BOUND ( 'NONE', #1080, .T. ) ;
#4335 = AXIS2_PLACEMENT_3D ( 'NONE', #539, #3311, #2969 ) ;
#4336 = CARTESIAN_POINT ( 'NONE',  ( -74.13166448185731383, -12.45932255109739195, 89.40939345855599640 ) ) ;
#4337 = CARTESIAN_POINT ( 'NONE',  ( -37.33073039300220586, 1.173871010256611225, 44.97054335594091157 ) ) ;
#4338 = CARTESIAN_POINT ( 'NONE',  ( -83.66110496998470580, -12.49999999998060041, 77.77585240987329485 ) ) ;
#4339 = CARTESIAN_POINT ( 'NONE',  ( -35.19636783909859901, 5.018449947505960296, 38.00539823872090039 ) ) ;
#4340 = ORIENTED_EDGE ( 'NONE', *, *, #4507, .F. ) ;
#4341 = CARTESIAN_POINT ( 'NONE',  ( -85.46909625457949744, 12.49999999975810105, 71.90334806836730763 ) ) ;
#4342 = AXIS2_PLACEMENT_3D ( 'NONE', #4228, #3194, #2487 ) ;
#4343 = CARTESIAN_POINT ( 'NONE',  ( -69.03326838291060596, -12.50000000000000000, 87.99585357857370127 ) ) ;
#4344 = CARTESIAN_POINT ( 'NONE',  ( -67.95257282797659570, 12.50000000000000000, 87.84901644828399014 ) ) ;
#4345 = CARTESIAN_POINT ( 'NONE',  ( -28.66588058432279951, -12.49999999999889866, 46.18690620265370228 ) ) ;
#4346 = CARTESIAN_POINT ( 'NONE',  ( -85.87848902146630792, 12.50000000000000000, 72.81060059326651412 ) ) ;
#4347 = CARTESIAN_POINT ( 'NONE',  ( -27.21692930468629967, -12.50000000000000000, 37.40766625019740133 ) ) ;
#4348 = CARTESIAN_POINT ( 'NONE',  ( -84.72481265112560322, 12.50000000000000000, 71.20894840721919650 ) ) ;
#4349 = CARTESIAN_POINT ( 'NONE',  ( -83.10712663694009450, 12.49999999999609912, 70.12874098155459990 ) ) ;
#4350 = CARTESIAN_POINT ( 'NONE',  ( -41.99135976509630552, 12.49999999980910026, 76.94035282422629507 ) ) ;
#4351 = CARTESIAN_POINT ( 'NONE',  ( -82.81419863047371166, -12.49999999999969980, 69.96346017760720315 ) ) ;
#4352 = EDGE_CURVE ( 'NONE', #3106, #3846, #1810, .T. ) ;
#4353 = CARTESIAN_POINT ( 'NONE',  ( -92.93915037672377366, -12.50000000000000355, 68.74635549761200082 ) ) ;
#4354 = CARTESIAN_POINT ( 'NONE',  ( -27.25426771819850202, 12.50000000000000000, 37.06928110438229851 ) ) ;
#4355 = CARTESIAN_POINT ( 'NONE',  ( -27.29860671593479537, 12.49999999999979927, 41.61789516042510684 ) ) ;
#4356 = CARTESIAN_POINT ( 'NONE',  ( -26.92026562559556879, 0.000000000000000000, 41.04173064816701100 ) ) ;
#4357 = CARTESIAN_POINT ( 'NONE',  ( -75.79594476136365699, -10.18667024158928669, 94.33605762427632158 ) ) ;
#4358 = CARTESIAN_POINT ( 'NONE',  ( -32.63480010725286462, -10.48855548823823192, 36.78396810807403483 ) ) ;
#4359 = CARTESIAN_POINT ( 'NONE',  ( -36.18987268751672559, 1.954913587532235875, 43.34102306852306441 ) ) ;
#4360 = EDGE_CURVE ( 'NONE', #1423, #1602, #2888, .T. ) ;
#4361 = CARTESIAN_POINT ( 'NONE',  ( -83.67685386079230625, -12.49999999997850075, 77.75234026534430143 ) ) ;
#4362 = CARTESIAN_POINT ( 'NONE',  ( -35.19636783909859901, 5.018449947505960296, 36.91927260808139266 ) ) ;
#4363 = ORIENTED_EDGE ( 'NONE', *, *, #4150, .F. ) ;
#4364 = ORIENTED_EDGE ( 'NONE', *, *, #3828, .F. ) ;
#4365 = CARTESIAN_POINT ( 'NONE',  ( -85.84925343698260747, 12.49999999897250014, 72.48423342875879882 ) ) ;
#4366 = CARTESIAN_POINT ( 'NONE',  ( -58.68608213141970253, -12.49999999998770051, 85.76982070343859732 ) ) ;
#4367 = CARTESIAN_POINT ( 'NONE',  ( -41.82366869314730451, 12.50000000000000355, 86.57868704730594800 ) ) ;
#4368 = CARTESIAN_POINT ( 'NONE',  ( -30.06361976865559882, -12.50000000000000000, 48.62536301783619308 ) ) ;
#4369 = CARTESIAN_POINT ( 'NONE',  ( -7.833742286405419364, -9.881782382901258543, 61.71209730684926598 ) ) ;
#4370 = CARTESIAN_POINT ( 'NONE',  ( -93.88036328814790465, 4.500000000000000000, 72.73580603954660262 ) ) ;
#4371 = CARTESIAN_POINT ( 'NONE',  ( -6.895054377438449400, -5.896393539521859850, 41.75000000000000000 ) ) ;
#4372 = CARTESIAN_POINT ( 'NONE',  ( -90.73380635237609226, -10.00000000000001421, 76.94351510656821347 ) ) ;
#4373 = CARTESIAN_POINT ( 'NONE',  ( -83.13072420845129784, 12.49999999999529976, 70.14236070873961637 ) ) ;
#4374 = CARTESIAN_POINT ( 'NONE',  ( -56.77616794258930355, 12.49999999990080113, 85.13771742961098710 ) ) ;
#4375 = CARTESIAN_POINT ( 'NONE',  ( -81.34024937293111179, -12.49999999997200106, 69.21579677055891011 ) ) ;
#4376 = CARTESIAN_POINT ( 'NONE',  ( -93.49146510045200387, -12.50000000000000355, 70.10944864254834386 ) ) ;
#4377 = CARTESIAN_POINT ( 'NONE',  ( -27.39266819141479914, 12.50000000000000000, 35.93061892411580516 ) ) ;
#4378 = CARTESIAN_POINT ( 'NONE',  ( -27.44963357986650010, 12.49999999999939959, 42.49253363750869994 ) ) ;
#4379 = CARTESIAN_POINT ( 'NONE',  ( -8.461826075181807738, -12.50000000000000178, 64.36478362750884230 ) ) ;
#4380 = CARTESIAN_POINT ( 'NONE',  ( -75.93112995255962971, -9.773968920931164206, 94.73616357312037906 ) ) ;
#4381 = CARTESIAN_POINT ( 'NONE',  ( -5.754360825795039602, 4.500000000000000000, 63.00000036993740338 ) ) ;
#4382 = CARTESIAN_POINT ( 'NONE',  ( -60.11694480113322214, -12.50000000000000178, 94.45962370331766067 ) ) ;
#4383 = CARTESIAN_POINT ( 'NONE',  ( -37.64858739115555153, 0.7352824286266450571, 45.32662138121073525 ) ) ;
#4384 = CARTESIAN_POINT ( 'NONE',  ( -85.75750440971800970, -12.49999999999359979, 73.56977237669730130 ) ) ;
#4385 = CARTESIAN_POINT ( 'NONE',  ( -37.59244623918537798, -0.8304499582360760357, 45.26597824221020261 ) ) ;
#4386 = ORIENTED_EDGE ( 'NONE', *, *, #3828, .T. ) ;
#4387 = CARTESIAN_POINT ( 'NONE',  ( -36.19884620967430777, -4.500000000000000000, 43.37255743426869969 ) ) ;
#4388 = ORIENTED_EDGE ( 'NONE', *, *, #85, .F. ) ;
#4389 = CARTESIAN_POINT ( 'NONE',  ( -85.87732418748780105, 12.49999999984779997, 72.67148977403408594 ) ) ;
#4390 = CARTESIAN_POINT ( 'NONE',  ( -50.35061051841049817, -12.49999999983769960, 82.30857206844109442 ) ) ;
#4391 = CARTESIAN_POINT ( 'NONE',  ( -27.61614003934609940, -12.49999999999869971, 43.23174663972820042 ) ) ;
#4392 = CARTESIAN_POINT ( 'NONE',  ( -6.439341347262629078, -7.739072329527178162, 62.57445947337700431 ) ) ;
#4393 = CARTESIAN_POINT ( 'NONE',  ( -92.98875577672649229, 4.500000000000000000, 77.20032747334249734 ) ) ;
#4394 = CARTESIAN_POINT ( 'NONE',  ( -81.02055455734880240, -4.500000000000000000, 92.78488008366379347 ) ) ;
#4395 = ORIENTED_EDGE ( 'NONE', *, *, #4257, .T. ) ;
#4396 = CARTESIAN_POINT ( 'NONE',  ( -81.99797974257219835, 12.49999999996649969, 69.53329565011650004 ) ) ;
#4397 = CARTESIAN_POINT ( 'NONE',  ( -59.16930940126810157, 12.49999999999760014, 85.91626142942379829 ) ) ;
#4398 = CARTESIAN_POINT ( 'NONE',  ( -82.99413707210719338, -12.49999999999949907, 70.06386314033440499 ) ) ;
#4399 = CARTESIAN_POINT ( 'NONE',  ( -85.21462367334520138, -12.50000000000000000, 71.63775332867348311 ) ) ;
#4400 = CARTESIAN_POINT ( 'NONE',  ( -35.18574071488380639, 4.500000000000000000, 38.12287178644219665 ) ) ;
#4401 = CARTESIAN_POINT ( 'NONE',  ( -27.39188742872390137, 12.50000000000020073, 42.19609674311580250 ) ) ;
#4402 = CARTESIAN_POINT ( 'NONE',  ( -76.61933836242685913, 5.030647176988950697, 96.76816670594992331 ) ) ;
#4403 = CARTESIAN_POINT ( 'NONE',  ( -13.75436083281629962, -12.50000000000000000, 58.10893120994310124 ) ) ;
#4404 = AXIS2_PLACEMENT_3D ( 'NONE', #2071, #2386, #1716 ) ;
#4405 = DIRECTION ( 'NONE',  ( 0.000000000000000000, 0.3090169943749430104, -0.9510565162951549745 ) ) ;
#4406 = CARTESIAN_POINT ( 'NONE',  ( -32.81875549197910402, -4.500000000000000000, 80.09942081749311171 ) ) ;
#4407 = CARTESIAN_POINT ( 'NONE',  ( -5.754360833654099672, -6.299999999999999822, 63.00000000000000000 ) ) ;
#4408 = CARTESIAN_POINT ( 'NONE',  ( -85.87883250279809033, -12.49999999975640108, 72.71231792405160377 ) ) ;
#4409 = DIRECTION ( 'NONE',  ( 1.000000000000000000, 0.000000000000000000, 0.000000000000000000 ) ) ;
#4410 = ORIENTED_EDGE ( 'NONE', *, *, #469, .F. ) ;
#4411 = CARTESIAN_POINT ( 'NONE',  ( -29.21464101491120147, -12.50000000000000000, 47.28738139830430498 ) ) ;
#4412 = CARTESIAN_POINT ( 'NONE',  ( -85.78846010869700933, 12.49999999999140066, 73.44210388908850007 ) ) ;
#4413 = LINE ( 'NONE', #1285, #4177 ) ;
#4414 = CARTESIAN_POINT ( 'NONE',  ( -27.16048187335930209, -12.50000000000000000, 38.06823374682880257 ) ) ;
#4415 = CARTESIAN_POINT ( 'NONE',  ( -9.722578223540923048, -11.41367834991140917, 60.55241384090344070 ) ) ;
#4416 = CARTESIAN_POINT ( 'NONE',  ( -93.87579026064516086, 12.50000000000000178, 73.08335120291491194 ) ) ;
#4417 = CARTESIAN_POINT ( 'NONE',  ( -6.298673041914437221, -6.551705388067149194, 42.06521395882990788 ) ) ;
#4418 = VERTEX_POINT ( 'NONE', #2817 ) ;
#4419 = CARTESIAN_POINT ( 'NONE',  ( -75.95250271525739549, 12.49999999999960032, 67.15524265256560454 ) ) ;
#4420 = CARTESIAN_POINT ( 'NONE',  ( -54.70039043822309566, 12.50000000046549964, 84.35409895372589517 ) ) ;
#4421 = CARTESIAN_POINT ( 'NONE',  ( -83.10707758978560378, -12.49999999999609912, 70.12871281942190649 ) ) ;
#4422 = DIRECTION ( 'NONE',  ( 1.000000000000000000, 0.000000000000000000, 0.000000000000000000 ) ) ;
#4423 = CARTESIAN_POINT ( 'NONE',  ( -85.75186884368601170, -12.50000000000000000, 72.27647967737769363 ) ) ;
#4424 = CARTESIAN_POINT ( 'NONE',  ( -27.28193266403559747, 12.50000000000000000, 36.84154781967689729 ) ) ;
#4425 = CARTESIAN_POINT ( 'NONE',  ( -29.69282485425789986, 12.49999999999420019, 48.06309122260539368 ) ) ;
#4426 = FACE_OUTER_BOUND ( 'NONE', #2376, .T. ) ;
#4427 = CARTESIAN_POINT ( 'NONE',  ( -33.13786870168404164, -9.990424040415462059, 36.89049603451287140 ) ) ;
#4428 = CARTESIAN_POINT ( 'NONE',  ( -13.52832789054009410, -12.50000000000000178, 67.10643082012435912 ) ) ;
#4429 = DIRECTION ( 'NONE',  ( 1.000000000000000000, 0.000000000000000000, 0.000000000000000000 ) ) ;
#4430 = CARTESIAN_POINT ( 'NONE',  ( -7.193739259141709752, 6.000000000931669852, 41.75000000000000000 ) ) ;
#4431 = EDGE_LOOP ( 'NONE', ( #4506, #3799, #3063, #1403 ) ) ;
#4432 = ORIENTED_EDGE ( 'NONE', *, *, #2880, .T. ) ;
#4433 = CARTESIAN_POINT ( 'NONE',  ( -35.27890881872980344, -4.500000000000000000, 40.86174518553649904 ) ) ;
#4434 = CARTESIAN_POINT ( 'NONE',  ( -85.87154976597088307, 12.49999999998489919, 72.92499904989290371 ) ) ;
#4435 = CARTESIAN_POINT ( 'NONE',  ( -90.12214129708711141, 4.500000000000000000, 65.29257863969380082 ) ) ;
#4436 = DIRECTION ( 'NONE',  ( 0.000000000000000000, 0.000000000000000000, -1.000000000000000000 ) ) ;
#4437 = CARTESIAN_POINT ( 'NONE',  ( -27.12805830418909991, -12.50000000000000000, 39.58446599955339451 ) ) ;
#4438 = CARTESIAN_POINT ( 'NONE',  ( -9.426112407319276798, -11.22816527042382440, 60.73385128580812165 ) ) ;
#4439 = CARTESIAN_POINT ( 'NONE',  ( -78.80310739423138955, 4.500000000000000000, 94.83594451118921143 ) ) ;
#4440 = CARTESIAN_POINT ( 'NONE',  ( -6.252219600217527429, -7.089679175240473086, 42.39029188861105979 ) ) ;
#4441 = CARTESIAN_POINT ( 'NONE',  ( -89.04147407423232607, -10.00000000000001421, 80.16391216139275855 ) ) ;
#4442 = CARTESIAN_POINT ( 'NONE',  ( -76.30914963337539803, 12.50000000000030020, 67.27070912379360834 ) ) ;
#4443 = CARTESIAN_POINT ( 'NONE',  ( -49.65428296086859916, 12.49999999995129940, 81.92281474144340336 ) ) ;
#4444 = CARTESIAN_POINT ( 'NONE',  ( -71.45425288084710758, -12.50000000000000000, 65.82449984803039911 ) ) ;
#4445 = DIRECTION ( 'NONE',  ( 0.3090169943749515036, 0.000000000000000000, 0.9510565162951521989 ) ) ;
#4446 = CARTESIAN_POINT ( 'NONE',  ( -65.56573588101709049, 12.49999999999740119, 87.43653959366939432 ) ) ;
#4447 = CARTESIAN_POINT ( 'NONE',  ( -93.88036321376135618, -12.50000000000000355, 72.73498194605181766 ) ) ;
#4448 = CARTESIAN_POINT ( 'NONE',  ( -35.33420442922278681, 12.50000000000000178, 36.89602146280177664 ) ) ;
#4449 = CARTESIAN_POINT ( 'NONE',  ( -28.37412604428599749, 12.50000000000040146, 45.54145809360959873 ) ) ;
#4450 = CARTESIAN_POINT ( 'NONE',  ( -9.466234237762240156, -12.50000000000000000, 55.91056659366540060 ) ) ;
#4451 = CARTESIAN_POINT ( 'NONE',  ( -27.53595408154777857, -12.50000000000000178, 37.33416652440092065 ) ) ;
#4452 = CARTESIAN_POINT ( 'NONE',  ( -40.88366232684629864, -12.50000000000000000, 76.14715598193630797 ) ) ;
#4453 = CARTESIAN_POINT ( 'NONE',  ( -27.26018431940800113, 0.000000000000000000, 39.99556848024240452 ) ) ;
#4454 = CARTESIAN_POINT ( 'NONE',  ( -73.95496890250180400, 12.50000000000000000, 88.54938038509249054 ) ) ;
#4455 = CARTESIAN_POINT ( 'NONE',  ( -91.25399298446073715, 9.629863688672612554, 76.57690496720499596 ) ) ;
#4456 = ORIENTED_EDGE ( 'NONE', *, *, #2919, .F. ) ;
#4457 = CARTESIAN_POINT ( 'NONE',  ( -39.44880825991430129, -4.500000000000000000, 46.95780541796229812 ) ) ;
#4458 = CARTESIAN_POINT ( 'NONE',  ( -84.45161798707749767, 12.49999999999799982, 76.51854801585790256 ) ) ;
#4459 = CARTESIAN_POINT ( 'NONE',  ( -87.16738737420389782, 4.500000000000000000, 63.23305493895349372 ) ) ;
#4460 = ORIENTED_EDGE ( 'NONE', *, *, #3463, .T. ) ;
#4461 = CARTESIAN_POINT ( 'NONE',  ( -35.20000000000000284, 4.600780098834789555, 38.00000000000000000 ) ) ;
#4462 = CARTESIAN_POINT ( 'NONE',  ( -34.26930478436324279, -8.382861937779054529, 37.32421286179702236 ) ) ;
#4463 = DIRECTION ( 'NONE',  ( 1.000000000000000000, 0.000000000000000000, 0.000000000000000000 ) ) ;
#4464 = CARTESIAN_POINT ( 'NONE',  ( -76.61209963041956428, 12.50000000000000178, 96.77448253426805991 ) ) ;
#4465 = DIRECTION ( 'NONE',  ( -0.9510565162951521989, 0.000000000000000000, 0.3090169943749520587 ) ) ;
#4466 = CARTESIAN_POINT ( 'NONE',  ( -84.46583639805498933, 12.49999999994249933, 71.01120449288019643 ) ) ;
#4467 = CARTESIAN_POINT ( 'NONE',  ( -17.47780364837570133, 12.49999999997590017, 60.15649394519040527 ) ) ;
#4468 = CARTESIAN_POINT ( 'NONE',  ( -67.99609046227659803, -12.49999999999930012, 64.91623952787149676 ) ) ;
#4469 = CARTESIAN_POINT ( 'NONE',  ( -6.840531079149219984, -4.643912947079499531, 38.00000000000000000 ) ) ;
#4470 = LINE ( 'NONE', #2361, #3734 ) ;
#4471 = CARTESIAN_POINT ( 'NONE',  ( -93.87589654204460032, -4.500000000000000000, 72.44056592389000571 ) ) ;
#4472 = CARTESIAN_POINT ( 'NONE',  ( -29.76347066616040138, 12.50000000000000000, 48.18479259582859697 ) ) ;
#4473 = CARTESIAN_POINT ( 'NONE',  ( -30.87236283258020109, 12.49999999996279954, 49.71305271116919755 ) ) ;
#4474 = CARTESIAN_POINT ( 'NONE',  ( -75.90480879027791161, 9.886897313800998788, 94.65781511110648694 ) ) ;
#4475 = CARTESIAN_POINT ( 'NONE',  ( -5.754360833654150298, 4.783107670377190423, 63.00000076188965181 ) ) ;
#4476 = CARTESIAN_POINT ( 'NONE',  ( -28.99070906258049263, -12.50000000000000355, 77.23309812428696830 ) ) ;
#4477 = EDGE_CURVE ( 'NONE', #1169, #1423, #3874, .T. ) ;
#4478 = ADVANCED_FACE ( 'NONE', ( #2192 ), #3378, .T. ) ;
#4479 = CARTESIAN_POINT ( 'NONE',  ( -45.71062514640230035, 4.500000000000000000, 88.98532892137319550 ) ) ;
#4480 = CARTESIAN_POINT ( 'NONE',  ( -6.906227095135629490, -5.058729145404710970, 39.27667298453908273 ) ) ;
#4481 = ORIENTED_EDGE ( 'NONE', *, *, #2936, .T. ) ;
#4482 = CARTESIAN_POINT ( 'NONE',  ( -35.13494281938620389, -12.50000000000000178, 39.67569051991608120 ) ) ;
#4483 = CARTESIAN_POINT ( 'NONE',  ( -85.09345239228998992, 12.49999999998829914, 75.31890977218330363 ) ) ;
#4484 = CARTESIAN_POINT ( 'NONE',  ( -87.16738737420394045, 12.50000000000000178, 63.23305493895347951 ) ) ;
#4485 = ORIENTED_EDGE ( 'NONE', *, *, #3341, .T. ) ;
#4486 = CARTESIAN_POINT ( 'NONE',  ( -76.61933885538631728, 4.500000000000000000, 96.76816716052469758 ) ) ;
#4487 = CARTESIAN_POINT ( 'NONE',  ( -27.21692930468629967, -12.50000000000000000, 37.40766625019740133 ) ) ;
#4488 = CARTESIAN_POINT ( 'NONE',  ( -34.85598562684590007, -7.038953783496729955, 36.91275821386449962 ) ) ;
#4489 = CARTESIAN_POINT ( 'NONE',  ( -84.59294226001186701, 12.50000000000000178, 89.22107298086478977 ) ) ;
#4490 = CARTESIAN_POINT ( 'NONE',  ( -6.311075182577068787, 6.986279978485254283, 42.21415726735343554 ) ) ;
#4491 = CARTESIAN_POINT ( 'NONE',  ( 0.000000000000000000, 0.000000000000000000, 0.000000000000000000 ) ) ;
#4492 = CARTESIAN_POINT ( 'NONE',  ( -24.40872614652869999, 12.49999999695920039, 64.34073033345259773 ) ) ;
#4493 = CARTESIAN_POINT ( 'NONE',  ( -72.91092839564609562, -12.49999999999220002, 66.23195124965869240 ) ) ;
#4494 = DIRECTION ( 'NONE',  ( 1.000000000000000000, 0.000000000000000000, 0.000000000000000000 ) ) ;
#4495 = CARTESIAN_POINT ( 'NONE',  ( -92.98076800796889074, -4.499999999999999112, 77.21289204332060763 ) ) ;
#4496 = CARTESIAN_POINT ( 'NONE',  ( -38.63057753593453469, 12.50000000000000355, 46.29193239994111764 ) ) ;
#4497 = CARTESIAN_POINT ( 'NONE',  ( -32.98169032305149528, 12.49999999992900079, 51.95581427423469734 ) ) ;
#4498 = CARTESIAN_POINT ( 'NONE',  ( -85.75733508570060337, -12.49999999999359979, 73.57044461299851434 ) ) ;
#4499 = CARTESIAN_POINT ( 'NONE',  ( -5.905014821517667656, 6.046740626357221871, 62.90632316444769145 ) ) ;
#4500 = CARTESIAN_POINT ( 'NONE',  ( -76.97687203858806981, -12.49999999999950440, 96.79036455295660346 ) ) ;
#4501 = CARTESIAN_POINT ( 'NONE',  ( -80.96946234789047026, 10.00000000000000355, 89.78255514299468132 ) ) ;
#4502 = DIRECTION ( 'NONE',  ( 0.000000000000000000, 0.000000000000000000, -1.000000000000000000 ) ) ;
#4503 = ORIENTED_EDGE ( 'NONE', *, *, #3753, .T. ) ;
#4504 = CARTESIAN_POINT ( 'NONE',  ( -47.10282445482022951, -12.50000000000000355, 50.94392371812033105 ) ) ;
#4505 = CARTESIAN_POINT ( 'NONE',  ( -85.18820671643530318, 12.49999999999869971, 75.11874885994230056 ) ) ;
#4506 = ORIENTED_EDGE ( 'NONE', *, *, #75, .T. ) ;
#4507 = EDGE_CURVE ( 'NONE', #3859, #1651, #1406, .T. ) ;
#4508 = CARTESIAN_POINT ( 'NONE',  ( -93.49214391346224318, 12.50000000000000178, 70.11163756926694646 ) ) ;
#4509 = ORIENTED_EDGE ( 'NONE', *, *, #3191, .F. ) ;
#4510 = CARTESIAN_POINT ( 'NONE',  ( -7.147690291161979737, -5.862361808271409735, 41.74999999989650235 ) ) ;
#4511 = CARTESIAN_POINT ( 'NONE',  ( -27.21388561427500363, -12.50000000000000000, 37.43803228436309638 ) ) ;
#4512 = CARTESIAN_POINT ( 'NONE',  ( -23.43149637745720071, 4.632813297492550220, 37.94975921711100142 ) ) ;
#4513 = CARTESIAN_POINT ( 'NONE',  ( -76.61209963041959270, 4.500000000000000000, 96.77448253426818781 ) ) ;
#4514 = CARTESIAN_POINT ( 'NONE',  ( -6.544848353801850038, 6.307843166466392759, 41.84843289771631447 ) ) ;
#4515 =( NAMED_UNIT ( * ) SI_UNIT ( $, .STERADIAN. ) SOLID_ANGLE_UNIT ( ) );
#4516 = DIRECTION ( 'NONE',  ( -0.000000000000000000, 1.000000000000000000, 0.000000000000000000 ) ) ;
#4517 = CARTESIAN_POINT ( 'NONE',  ( -50.23726797469890215, -12.49999999992330046, 60.38643456967010792 ) ) ;
#4518 = PLANE ( 'NONE',  #2440 ) ;
#4519 = CARTESIAN_POINT ( 'NONE',  ( -29.48227782725632196, 12.19374615928820837, 36.91459600616160941 ) ) ;
ENDSEC;
END-ISO-10303-21;
